ISO-10303-21;
HEADER;
FILE_DESCRIPTION (( 'STEP AP214' ),
    '1' );
FILE_NAME ('Rollbar_RollCage_tasarýmý.STEP',
    '2025-03-20T20:58:39',
    ( '' ),
    ( '' ),
    'SwSTEP 2.0',
    'SolidWorks 2025',
    '' );
FILE_SCHEMA (( 'AUTOMOTIVE_DESIGN' ));
ENDSEC;

DATA;
#1 = ORIENTED_EDGE ( 'NONE', *, *, #2590, .T. ) ;
#2 = CARTESIAN_POINT ( 'NONE',  ( -23.30577672173947690, 86.08435960223202699, -670.9491900281105927 ) ) ;
#3 = ORIENTED_EDGE ( 'NONE', *, *, #7808, .T. ) ;
#4 = VECTOR ( 'NONE', #6329, 1000.000000000000000 ) ;
#5 = ORIENTED_EDGE ( 'NONE', *, *, #5895, .T. ) ;
#6 = AXIS2_PLACEMENT_3D ( 'NONE', #4158, #61, #6631 ) ;
#7 = DIRECTION ( 'NONE',  ( 0.000000000000000000, 1.000000000000000000, 0.000000000000000000 ) ) ;
#8 = CARTESIAN_POINT ( 'NONE',  ( -495.2894021215975613, 924.2663535436787470, 136.8571782363501939 ) ) ;
#9 = CARTESIAN_POINT ( 'NONE',  ( -1142.168783731216536, 914.5252510380340709, -156.2223576608871269 ) ) ;
#10 = DIRECTION ( 'NONE',  ( 5.551115123125780730E-16, -1.000000000000000000, 0.000000000000000000 ) ) ;
#11 = AXIS2_PLACEMENT_3D ( 'NONE', #642, #4404, #9328 ) ;
#12 = CARTESIAN_POINT ( 'NONE',  ( -24.99501572314350994, 84.10555485844082568, 679.4905259057353533 ) ) ;
#13 = DIRECTION ( 'NONE',  ( 0.000000000000000000, 1.000000000000000000, 0.000000000000000000 ) ) ;
#14 = EDGE_LOOP ( 'NONE', ( #1650, #1242, #5793, #1059 ) ) ;
#15 = VERTEX_POINT ( 'NONE', #3522 ) ;
#16 = CARTESIAN_POINT ( 'NONE',  ( -1131.379804072433217, 955.1492826860553578, 155.8876607042256808 ) ) ;
#17 = CARTESIAN_POINT ( 'NONE',  ( 2.308085168284957309E-14, 600.0000000000000000, 488.5786437626904899 ) ) ;
#18 = LINE ( 'NONE', #7620, #4636 ) ;
#19 = CARTESIAN_POINT ( 'NONE',  ( -22.51504893288914744, 572.2155952316776393, -540.8260136380500853 ) ) ;
#20 = CARTESIAN_POINT ( 'NONE',  ( -24.99509674799475079, 82.09801470745134111, 679.4946048470866344 ) ) ;
#21 = CARTESIAN_POINT ( 'NONE',  ( -1126.250000000000227, 30.00000000000000711, -626.2499999999996589 ) ) ;
#22 = AXIS2_PLACEMENT_3D ( 'NONE', #6586, #1245, #8310 ) ;
#23 = CARTESIAN_POINT ( 'NONE',  ( -1128.346722460457386, 184.5540654681016122, -662.5049174048283476 ) ) ;
#24 = CARTESIAN_POINT ( 'NONE',  ( -1165.489476450504981, 920.5893294888840046, 133.0809734133700033 ) ) ;
#25 = ORIENTED_EDGE ( 'NONE', *, *, #7741, .F. ) ;
#26 = CARTESIAN_POINT ( 'NONE',  ( -1125.005198314048585, 936.6932841247360102, -167.8197408135694673 ) ) ;
#27 = ADVANCED_FACE ( 'NONE', ( #8334 ), #372, .T. ) ;
#28 = CARTESIAN_POINT ( 'NONE',  ( -1523.981446312945309, 345.0000000000000568, -137.9474593829015134 ) ) ;
#29 = CARTESIAN_POINT ( 'NONE',  ( -1172.281973357011111, 928.6729250396243742, -136.1738516306738518 ) ) ;
#30 = DIRECTION ( 'NONE',  ( 0.000000000000000000, 1.000000000000000000, 0.000000000000000000 ) ) ;
#32 = EDGE_CURVE ( 'NONE', #10122, #1417, #9831, .T. ) ;
#31 = VERTEX_POINT ( 'NONE', #1266 ) ;
#33 = CARTESIAN_POINT ( 'NONE',  ( 23.74999999999988276, 30.00000000000000711, 703.7500000000001137 ) ) ;
#34 = CARTESIAN_POINT ( 'NONE',  ( -500.0430627306078009, 923.4138252860708462, 170.4772774860086315 ) ) ;
#35 = CARTESIAN_POINT ( 'NONE',  ( -489.5288003097581395, 928.9200264352443810, -155.0332846349660656 ) ) ;
#36 = CIRCLE ( 'NONE', #10102, 75.00000000000017053 ) ;
#37 = CARTESIAN_POINT ( 'NONE',  ( -1131.957405631259917, 955.4148632739858158, 160.1227434338400712 ) ) ;
#38 = TOROIDAL_SURFACE ( 'NONE', #4953, 100.0000000000001990, 25.00000000000000711 ) ;
#39 = B_SPLINE_CURVE_WITH_KNOTS ( 'NONE', 3,
 ( #6076, #6858, #10021, #6127, #2942, #8620, #9250, #2182, #1497, #5307, #1548, #669, #3912, #2892, #8470, #3807, #10126, #1401 ),
 .UNSPECIFIED., .F., .F.,
 ( 4, 2, 2, 2, 2, 2, 2, 2, 4 ),
 ( 0.07146038575508574520, 0.07333985563617037573, 0.07521932551725500626, 0.07897826527942464203, 0.07991800021996708914, 0.08085773516050955012, 0.08273720504159468025, 0.08461667492267982427, 0.08649614480376496828 ),
 .UNSPECIFIED. ) ;
#40 = AXIS2_PLACEMENT_3D ( 'NONE', #5673, #6486, #2483 ) ;
#41 = DIRECTION ( 'NONE',  ( 0.000000000000000000, 0.000000000000000000, -1.000000000000000000 ) ) ;
#42 = ORIENTED_EDGE ( 'NONE', *, *, #8592, .F. ) ;
#43 = FACE_OUTER_BOUND ( 'NONE', #782, .T. ) ;
#44 = DIRECTION ( 'NONE',  ( 0.000000000000000000, 0.9797958971132495476, -0.2000000000001063705 ) ) ;
#45 = FACE_OUTER_BOUND ( 'NONE', #4560, .T. ) ;
#46 = CARTESIAN_POINT ( 'NONE',  ( -23.75000000000028066, 30.00000000000000711, -703.7500000000000000 ) ) ;
#48 = DIRECTION ( 'NONE',  ( -2.209795180075059144E-15, 1.000000000000000000, 3.114345657676548060E-15 ) ) ;
#47 = VECTOR ( 'NONE', #6729, 1000.000000000000000 ) ;
#49 = CIRCLE ( 'NONE', #361, 25.00000000000002132 ) ;
#50 = ORIENTED_EDGE ( 'NONE', *, *, #213, .T. ) ;
#51 = CARTESIAN_POINT ( 'NONE',  ( -21.65906223199463554, 115.4682891831434830, -667.4817186546408720 ) ) ;
#52 = EDGE_LOOP ( 'NONE', ( #8904, #1133 ) ) ;
#53 = EDGE_CURVE ( 'NONE', #6198, #4598, #4405, .T. ) ;
#54 = VERTEX_POINT ( 'NONE', #8730 ) ;
#55 = CIRCLE ( 'NONE', #8471, 22.99999999999999289 ) ;
#56 = CARTESIAN_POINT ( 'NONE',  ( -385.5549505783702671, 844.2703537956056152, 448.7780475532340461 ) ) ;
#57 = SURFACE_STYLE_USAGE ( .BOTH. , #7121 ) ;
#58 = CARTESIAN_POINT ( 'NONE',  ( -1150.000000000000000, 660.0000000000000000, 562.9128703017762518 ) ) ;
#59 = B_SPLINE_CURVE_WITH_KNOTS ( 'NONE', 3,
 ( #7919, #1525, #7973, #5497, #74, #3214, #4032, #6156, #2695, #4177, #6401, #8118, #1001, #4131, #1100, #4226, #258, #8890, #953, #8219, #3454, #8997, #5836, #5687, #2492, #1868, #4077, #1917, #4285, #1816, #1051, #5632, #5731, #7379, #7329, #6548, #8787, #214, #7281, #118, #313, #5781, #5055, #4905, #7228, #2593, #1720, #9714, #4949, #6601, #3352, #1153, #9771, #3257, #8169, #3400, #2643, #166, #8943, #5006, #9565, #4859 ),
 .UNSPECIFIED., .F., .F.,
 ( 4, 2, 2, 2, 2, 2, 2, 2, 2, 2, 2, 2, 2, 2, 2, 2, 2, 2, 2, 2, 2, 2, 2, 2, 2, 2, 2, 2, 2, 2, 4 ),
 ( 0.05444260878322805530, 0.05664685118155654564, 0.05885109357988502904, 0.06325957837654200278, 0.06546382077487034046, 0.06766806317319867814, 0.06987230557152701582, 0.07207654796985535350, 0.07428079036818369119, 0.07648503276651204275, 0.07868927516484038043, 0.07979139636400460478, 0.08089351756316884301, 0.08309775996149729171, 0.08419988116066154382, 0.08530200235982579593, 0.08971048715648313743, 0.09191472955481197471, 0.09411897195314079811, 0.09852745674979845880, 0.1029359415464561056, 0.1073444263431137663, 0.1117529111397714270, 0.1139571535381001671, 0.1161613959364288934, 0.1172635171355932843, 0.1183656383347576613, 0.1205698807330866096, 0.1216720019322509311, 0.1227741231314152526, 0.1249783655297435209 ),
 .UNSPECIFIED. ) ;
#60 = CARTESIAN_POINT ( 'NONE',  ( -489.9949191999660911, 893.9616904859598208, -146.6524259079737078 ) ) ;
#61 = DIRECTION ( 'NONE',  ( 0.000000000000000000, -1.000000000000000000, 0.000000000000000000 ) ) ;
#62 =( NAMED_UNIT ( * ) SI_UNIT ( $, .STERADIAN. ) SOLID_ANGLE_UNIT ( ) );
#63 = ORIENTED_EDGE ( 'NONE', *, *, #5294, .F. ) ;
#64 = EDGE_CURVE ( 'NONE', #5486, #9627, #3348, .T. ) ;
#65 = ORIENTED_EDGE ( 'NONE', *, *, #7814, .T. ) ;
#66 = VECTOR ( 'NONE', #5796, 1000.000000000000000 ) ;
#67 = FACE_OUTER_BOUND ( 'NONE', #9485, .T. ) ;
#68 = CARTESIAN_POINT ( 'NONE',  ( -1149.999999999999773, 515.2069385598558711, 672.9999999999974989 ) ) ;
#69 = AXIS2_PLACEMENT_3D ( 'NONE', #9080, #1129, #2007 ) ;
#70 = CARTESIAN_POINT ( 'NONE',  ( -1169.844389106765448, 922.1101900402293268, -166.6268178596516805 ) ) ;
#71 = CLOSED_SHELL ( 'NONE', ( #4328, #5566, #4278, #6647, #6780, #7498, #10087 ) ) ;
#72 = LINE ( 'NONE', #3211, #5348 ) ;
#73 = CARTESIAN_POINT ( 'NONE',  ( -1131.427155161894461, 190.5507936666877526, -666.7374182035966896 ) ) ;
#74 = CARTESIAN_POINT ( 'NONE',  ( -13.59242262019424174, 604.6551575732077026, -549.2849847557794192 ) ) ;
#75 = AXIS2_PLACEMENT_3D ( 'NONE', #1840, #8146, #286 ) ;
#76 = ORIENTED_EDGE ( 'NONE', *, *, #7762, .T. ) ;
#77 = FACE_OUTER_BOUND ( 'NONE', #2522, .T. ) ;
#78 = CARTESIAN_POINT ( 'NONE',  ( -16.51061686167095033, 583.7083819777153622, -572.8487173184173571 ) ) ;
#79 = CARTESIAN_POINT ( 'NONE',  ( -1162.107742115339306, 918.5182828727876085, -130.6429182494445058 ) ) ;
#80 =( BOUNDED_CURVE ( )  B_SPLINE_CURVE ( 3, ( #1322, #4517, #5340, #5235 ),
 .UNSPECIFIED., .F., .F. ) 
 B_SPLINE_CURVE_WITH_KNOTS ( ( 4, 4 ),
 ( 4.712388980384689674, 7.853981633974482790 ),
 .UNSPECIFIED. ) 
 CURVE ( )  GEOMETRIC_REPRESENTATION_ITEM ( )  RATIONAL_B_SPLINE_CURVE ( ( 1.000000000000000000, 0.3333333333333333703, 0.3333333333333333703, 1.000000000000000000 ) ) 
 REPRESENTATION_ITEM ( '' )  );
#81 = CARTESIAN_POINT ( 'NONE',  ( -22.08884404893406384, 117.7433185020614559, -691.7648960151132087 ) ) ;
#82 = EDGE_LOOP ( 'NONE', ( #7090, #4927, #9039, #7186 ) ) ;
#83 = CARTESIAN_POINT ( 'NONE',  ( -1134.655558969374169, 193.4336027166161500, -669.7383775090174822 ) ) ;
#84 = CARTESIAN_POINT ( 'NONE',  ( -1161.464001840976380, 914.8870603598945763, 168.6260365596166082 ) ) ;
#85 = FACE_OUTER_BOUND ( 'NONE', #3941, .T. ) ;
#86 = CARTESIAN_POINT ( 'NONE',  ( -1125.021836927548520, 938.1986391341035869, 169.8684005986107479 ) ) ;
#87 = CARTESIAN_POINT ( 'NONE',  ( -24.93933502705061755, 592.4715647652234338, 531.3249124330025097 ) ) ;
#88 = LINE ( 'NONE', #6175, #9668 ) ;
#89 = ORIENTED_EDGE ( 'NONE', *, *, #3391, .F. ) ;
#90 = CARTESIAN_POINT ( 'NONE',  ( 0.000000000000000000, 30.00000000000000711, -609.9999999999997726 ) ) ;
#91 = LINE ( 'NONE', #9447, #8431 ) ;
#92 = FACE_OUTER_BOUND ( 'NONE', #1629, .T. ) ;
#93 = FILL_AREA_STYLE_COLOUR ( '', #6201 ) ;
#94 = PRESENTATION_LAYER_ASSIGNMENT (  '', '', ( #4550 ) ) ;
#95 = DIRECTION ( 'NONE',  ( -0.000000000000000000, 1.000000000000000000, -0.000000000000000000 ) ) ;
#96 = CARTESIAN_POINT ( 'NONE',  ( -1172.707829144289008, 656.3264153736865865, 552.4819774417395593 ) ) ;
#97 = EDGE_LOOP ( 'NONE', ( #380, #8020, #10195, #2197 ) ) ;
#98 = CARTESIAN_POINT ( 'NONE',  ( -24.38882710979626722, 119.5300910113737984, -674.4978228429832825 ) ) ;
#99 = ORIENTED_EDGE ( 'NONE', *, *, #1441, .T. ) ;
#100 = ADVANCED_FACE ( 'NONE', ( #6105 ), #2434, .F. ) ;
#101 = ORIENTED_EDGE ( 'NONE', *, *, #6646, .F. ) ;
#102 = ADVANCED_FACE ( 'NONE', ( #3203 ), #7765, .F. ) ;
#103 = CYLINDRICAL_SURFACE ( 'NONE', #6038, 23.00000000000003553 ) ;
#104 = CARTESIAN_POINT ( 'NONE',  ( -480.0430627306076872, 911.3117373309971754, 302.7158385259952524 ) ) ;
#105 = CIRCLE ( 'NONE', #7524, 6.000000000000005329 ) ;
#106 = LINE ( 'NONE', #4704, #4942 ) ;
#107 = CARTESIAN_POINT ( 'NONE',  ( -494.0187592558560823, 896.9983918966797773, -139.5808208725465533 ) ) ;
#108 = EDGE_CURVE ( 'NONE', #9568, #843, #7308, .T. ) ;
#109 = FACE_OUTER_BOUND ( 'NONE', #9544, .T. ) ;
#110 = AXIS2_PLACEMENT_3D ( 'NONE', #5526, #7166, #8773 ) ;
#111 = CARTESIAN_POINT ( 'NONE',  ( -1131.483914058554092, 923.1605906774208279, 136.6139522862539195 ) ) ;
#112 = EDGE_LOOP ( 'NONE', ( #1612, #5753, #5237, #2017, #9526 ) ) ;
#113 = DIRECTION ( 'NONE',  ( 0.000000000000000000, 0.000000000000000000, 1.000000000000000000 ) ) ;
#114 = SURFACE_STYLE_FILL_AREA ( #1812 ) ;
#115 = CARTESIAN_POINT ( 'NONE',  ( -1150.699775405573973, 912.6106357865535301, -163.2972666500616583 ) ) ;
#116 = CARTESIAN_POINT ( 'NONE',  ( -1563.041541306736235, 345.0000000000000000, 203.6010951158155535 ) ) ;
#117 = DIRECTION ( 'NONE',  ( -0.7941567930305997169, 0.5634716255418392716, 0.2276284588811126053 ) ) ;
#118 = CARTESIAN_POINT ( 'NONE',  ( -23.45243884894701125, 578.9817459161574789, -534.3676782261617291 ) ) ;
#119 = ORIENTED_EDGE ( 'NONE', *, *, #2384, .T. ) ;
#120 = VERTEX_POINT ( 'NONE', #2252 ) ;
#121 = CARTESIAN_POINT ( 'NONE',  ( -24.15236728584456216, 570.1746149611906276, -569.0187084631349990 ) ) ;
#122 = CARTESIAN_POINT ( 'NONE',  ( -23.60111856949446718, 573.1460397588241449, -568.5479241935091750 ) ) ;
#123 = CARTESIAN_POINT ( 'NONE',  ( -1166.777936861242324, 921.8031853681638950, -131.4493813460365743 ) ) ;
#124 = DIRECTION ( 'NONE',  ( -1.000000000000000000, 0.000000000000000000, 0.000000000000000000 ) ) ;
#125 = EDGE_LOOP ( 'NONE', ( #9468, #886 ) ) ;
#126 = CARTESIAN_POINT ( 'NONE',  ( -1458.041541306736235, 334.9999999999999432, -163.6010951158148998 ) ) ;
#127 = EDGE_CURVE ( 'NONE', #5504, #5759, #10143, .T. ) ;
#128 = STYLED_ITEM ( 'NONE', ( #425 ), #7518 ) ;
#129 = CARTESIAN_POINT ( 'NONE',  ( -1126.250000000000227, 40.00000000000000000, 626.2499999999996589 ) ) ;
#130 = CARTESIAN_POINT ( 'NONE',  ( -1126.250000000000227, 30.00000000000000711, 626.2499999999996589 ) ) ;
#131 = CARTESIAN_POINT ( 'NONE',  ( -488.1083873296282718, 929.6134391456571393, -151.0550572707158778 ) ) ;
#132 = CARTESIAN_POINT ( 'NONE',  ( -1126.007867385761074, 944.2597992210331768, 168.8472446639831333 ) ) ;
#133 = FACE_OUTER_BOUND ( 'NONE', #3618, .T. ) ;
#134 = ORIENTED_EDGE ( 'NONE', *, *, #8371, .T. ) ;
#135 = CARTESIAN_POINT ( 'NONE',  ( -2.927147495130478761E-14, 570.7106781186548687, -559.2893218813454723 ) ) ;
#136 = DIRECTION ( 'NONE',  ( -0.5786626424054287510, -0.8155670090706016451, 0.000000000000000000 ) ) ;
#137 = DIRECTION ( 'NONE',  ( -1.457987752832361557E-15, 1.276756478318930021E-15, -1.000000000000000000 ) ) ;
#138 = FACE_OUTER_BOUND ( 'NONE', #9459, .T. ) ;
#139 = DIRECTION ( 'NONE',  ( -0.000000000000000000, 1.000000000000000000, -0.000000000000000000 ) ) ;
#140 = LINE ( 'NONE', #6376, #6181 ) ;
#141 = VERTEX_POINT ( 'NONE', #6830 ) ;
#142 = CARTESIAN_POINT ( 'NONE',  ( -20.06641037474090439, 90.87979052169426097, -665.0676257565063452 ) ) ;
#143 = EDGE_LOOP ( 'NONE', ( #2704, #3653 ) ) ;
#144 = CARTESIAN_POINT ( 'NONE',  ( -1150.828539267810356, 912.3621497743106374, 165.9932443160309390 ) ) ;
#145 = VERTEX_POINT ( 'NONE', #5571 ) ;
#146 =( GEOMETRIC_REPRESENTATION_CONTEXT ( 3 ) GLOBAL_UNCERTAINTY_ASSIGNED_CONTEXT ( ( #6438 ) ) GLOBAL_UNIT_ASSIGNED_CONTEXT ( ( #4756, #3975, #62 ) ) REPRESENTATION_CONTEXT ( 'NONE', 'WORKASPACE' ) );
#147 = CARTESIAN_POINT ( 'NONE',  ( 24.99999999999972289, 39.99999999999997868, -680.0000000000000000 ) ) ;
#148 = CARTESIAN_POINT ( 'NONE',  ( -1173.750000000000227, 40.00000000000000000, 667.7499999999997726 ) ) ;
#149 = EDGE_CURVE ( 'NONE', #3939, #3221, #9997, .T. ) ;
#150 = CARTESIAN_POINT ( 'NONE',  ( -499.1246993320137335, 905.2913021627958869, -133.0523929707690627 ) ) ;
#151 = CIRCLE ( 'NONE', #7746, 25.00000000000002132 ) ;
#152 = EDGE_CURVE ( 'NONE', #8687, #304, #5826, .T. ) ;
#153 = EDGE_CURVE ( 'NONE', #6531, #1624, #8905, .T. ) ;
#154 = VECTOR ( 'NONE', #9910, 1000.000000000000000 ) ;
#155 = CARTESIAN_POINT ( 'NONE',  ( -1125.333577360560184, 944.7344948586726332, 131.0172777272929068 ) ) ;
#156 = ORIENTED_EDGE ( 'NONE', *, *, #1455, .F. ) ;
#157 = ADVANCED_FACE ( 'NONE', ( #694 ), #749, .F. ) ;
#158 = DIRECTION ( 'NONE',  ( -0.000000000000000000, 1.000000000000000000, -0.000000000000000000 ) ) ;
#159 = CIRCLE ( 'NONE', #9558, 132.0000000000000853 ) ;
#160 = CARTESIAN_POINT ( 'NONE',  ( -23.38444532072169224, 573.5926470142363769, 568.9417158767396359 ) ) ;
#161 = ADVANCED_FACE ( 'NONE', ( #7172, #6345, #3682, #4022, #109 ), #3781, .T. ) ;
#162 = CARTESIAN_POINT ( 'NONE',  ( -1171.378792407096171, 924.5474673223108084, -164.9028577688552843 ) ) ;
#164 = EDGE_CURVE ( 'NONE', #4805, #6365, #9258, .T. ) ;
#163 = CARTESIAN_POINT ( 'NONE',  ( -1548.041541306736235, 334.9999999999999432, 183.6010951158157241 ) ) ;
#165 = CARTESIAN_POINT ( 'NONE',  ( -1150.000000000000227, 515.2069385598298368, -549.9999999999982947 ) ) ;
#166 = CARTESIAN_POINT ( 'NONE',  ( -21.39050267739116507, 563.1718090912719390, -548.4838162389951322 ) ) ;
#167 = VERTEX_POINT ( 'NONE', #10044 ) ;
#168 = ORIENTED_EDGE ( 'NONE', *, *, #3070, .F. ) ;
#169 = CARTESIAN_POINT ( 'NONE',  ( -1150.000000000000227, 39.99999999999997868, -673.0000000000011369 ) ) ;
#170 = DIRECTION ( 'NONE',  ( 0.000000000000000000, 0.000000000000000000, 1.000000000000000000 ) ) ;
#171 = VECTOR ( 'NONE', #9231, 1000.000000000000000 ) ;
#172 = CARTESIAN_POINT ( 'NONE',  ( -1150.000000000000000, 660.0000000000000000, 562.9128703017762518 ) ) ;
#173 = ADVANCED_FACE ( 'NONE', ( #6152 ), #9329, .F. ) ;
#174 = ORIENTED_EDGE ( 'NONE', *, *, #4024, .F. ) ;
#175 = CARTESIAN_POINT ( 'NONE',  ( -10.82955542572061169, 593.9615659933916731, -567.2392739479107604 ) ) ;
#176 = CARTESIAN_POINT ( 'NONE',  ( -499.5276992063603529, 915.8703214392355676, 167.6128721134529940 ) ) ;
#177 = CARTESIAN_POINT ( 'NONE',  ( -1130.741745445407560, 954.2197525552364823, -158.0509330650626509 ) ) ;
#178 = CARTESIAN_POINT ( 'NONE',  ( -498.4394417679890807, 919.1647152798474281, -166.2773329940737312 ) ) ;
#179 = CARTESIAN_POINT ( 'NONE',  ( -24.65725119045110958, 119.5548564754819694, -684.1668514984476133 ) ) ;
#180 = CARTESIAN_POINT ( 'NONE',  ( -22.17851309693059747, 601.5577268272598985, 534.7073231741171639 ) ) ;
#181 = VECTOR ( 'NONE', #8826, 1000.000000000000000 ) ;
#182 = EDGE_CURVE ( 'NONE', #617, #1603, #229, .T. ) ;
#183 = CARTESIAN_POINT ( 'NONE',  ( -491.2262668552873492, 894.7273518564568349, 144.1442675637887021 ) ) ;
#184 = ORIENTED_EDGE ( 'NONE', *, *, #5003, .F. ) ;
#185 = LINE ( 'NONE', #7457, #3317 ) ;
#186 = CARTESIAN_POINT ( 'NONE',  ( -1135.776812674154826, 641.8614562406968389, -550.9835127531376884 ) ) ;
#187 = CARTESIAN_POINT ( 'NONE',  ( -2.927147495130483809E-14, 586.9741340859455931, -575.5527778486359693 ) ) ;
#188 = FACE_OUTER_BOUND ( 'NONE', #5918, .T. ) ;
#189 = CARTESIAN_POINT ( 'NONE',  ( -1157.587244590640921, 638.2739165884289605, 549.7154108221553770 ) ) ;
#190 = ORIENTED_EDGE ( 'NONE', *, *, #5634, .T. ) ;
#191 = DIRECTION ( 'NONE',  ( 1.000000000000000000, 0.000000000000000000, 0.000000000000000000 ) ) ;
#192 = ORIENTED_EDGE ( 'NONE', *, *, #1669, .F. ) ;
#193 = CARTESIAN_POINT ( 'NONE',  ( -8.756280798766082896, 599.7504090020455578, 561.2658911390896037 ) ) ;
#194 = AXIS2_PLACEMENT_3D ( 'NONE', #2139, #5375, #3923 ) ;
#195 = EDGE_LOOP ( 'NONE', ( #2615, #3892, #750, #1208 ) ) ;
#196 = CIRCLE ( 'NONE', #5967, 25.00000000000002132 ) ;
#197 = CARTESIAN_POINT ( 'NONE',  ( -1172.999999999999545, 660.8876115566341696, 549.7132710694922935 ) ) ;
#198 = CARTESIAN_POINT ( 'NONE',  ( -20.63824433628625954, 112.2769132963852030, 694.1139554067841573 ) ) ;
#199 = FACE_OUTER_BOUND ( 'NONE', #9491, .T. ) ;
#200 = CARTESIAN_POINT ( 'NONE',  ( -1126.250000000000455, 30.00000000000000711, 673.7499999999996589 ) ) ;
#201 = CARTESIAN_POINT ( 'NONE',  ( -1133.391736479690508, 921.0270495054213598, -139.6371318423880723 ) ) ;
#202 = AXIS2_PLACEMENT_3D ( 'NONE', #1034, #8679, #939 ) ;
#203 = CARTESIAN_POINT ( 'NONE',  ( -1150.000000000000000, 861.0102051443365099, 339.9999999999999432 ) ) ;
#204 = CIRCLE ( 'NONE', #2847, 23.00000000000000711 ) ;
#205 = AXIS2_PLACEMENT_3D ( 'NONE', #5258, #10177, #4591 ) ;
#206 = ORIENTED_EDGE ( 'NONE', *, *, #8427, .F. ) ;
#207 = CARTESIAN_POINT ( 'NONE',  ( 23.74999999999972289, 30.00000000000000711, -656.2500000000000000 ) ) ;
#208 =( NAMED_UNIT ( * ) PLANE_ANGLE_UNIT ( ) SI_UNIT ( $, .RADIAN. ) );
#209 = B_SPLINE_CURVE_WITH_KNOTS ( 'NONE', 3,
 ( #559, #8612, #6946, #10117 ),
 .UNSPECIFIED., .F., .F.,
 ( 4, 4 ),
 ( 0.02984162713454358018, 0.03092824577441650319 ),
 .UNSPECIFIED. ) ;
#210 = CARTESIAN_POINT ( 'NONE',  ( -1162.314119942007892, 915.3265406822694104, -168.7450640820256922 ) ) ;
#211 = CARTESIAN_POINT ( 'NONE',  ( -490.6808062889202802, 894.3723067605801589, -154.5058109471923160 ) ) ;
#212 = DIRECTION ( 'NONE',  ( 0.000000000000000000, 0.000000000000000000, 1.000000000000000000 ) ) ;
#213 = EDGE_CURVE ( 'NONE', #1990, #3344, #3838, .T. ) ;
#214 = CARTESIAN_POINT ( 'NONE',  ( -24.31584877695181390, 583.0373784728329838, -532.8374632218597071 ) ) ;
#215 = VECTOR ( 'NONE', #1428, 1000.000000000000000 ) ;
#216 = VERTEX_POINT ( 'NONE', #2584 ) ;
#217 = CARTESIAN_POINT ( 'NONE',  ( -1523.981446312944854, 345.0000000000000568, -173.9687006431355769 ) ) ;
#218 = EDGE_CURVE ( 'NONE', #285, #4292, #4684, .T. ) ;
#219 = CARTESIAN_POINT ( 'NONE',  ( -1158.534867170835241, 913.4678786882351460, -169.9608139124301260 ) ) ;
#220 = VECTOR ( 'NONE', #2154, 1000.000000000000000 ) ;
#221 = DIRECTION ( 'NONE',  ( -1.000000000000000000, -5.551115123125780730E-16, 0.000000000000000000 ) ) ;
#222 = ORIENTED_EDGE ( 'NONE', *, *, #5652, .F. ) ;
#223 = CARTESIAN_POINT ( 'NONE',  ( -1171.039344200234837, 669.3738654101151724, -538.2332830070669161 ) ) ;
#224 = AXIS2_PLACEMENT_3D ( 'NONE', #8800, #9724, #5016 ) ;
#225 = AXIS2_PLACEMENT_3D ( 'NONE', #1727, #4236, #1877 ) ;
#226 = CARTESIAN_POINT ( 'NONE',  ( -1125.009721370613988, 177.7514603268095641, 650.6971183727841890 ) ) ;
#227 = DIRECTION ( 'NONE',  ( -1.000000000000000000, 0.000000000000000000, 0.000000000000000000 ) ) ;
#228 = CARTESIAN_POINT ( 'NONE',  ( -18.39957038733849615, 106.1980154265177845, -696.9253657724761979 ) ) ;
#229 = CIRCLE ( 'NONE', #572, 17.99999999999999645 ) ;
#230 = EDGE_LOOP ( 'NONE', ( #720, #5512, #119, #3031 ) ) ;
#231 = CARTESIAN_POINT ( 'NONE',  ( 23.74999999999972289, 40.00000000000000000, -709.7500000000000000 ) ) ;
#232 = CARTESIAN_POINT ( 'NONE',  ( -1172.338786696922170, 654.4700486337516168, -552.9634365725145244 ) ) ;
#233 = DIRECTION ( 'NONE',  ( 0.000000000000000000, -0.000000000000000000, -1.000000000000000000 ) ) ;
#234 = DIRECTION ( 'NONE',  ( 0.000000000000000000, 0.000000000000000000, -1.000000000000000000 ) ) ;
#235 = DIRECTION ( 'NONE',  ( 1.000000000000000000, 0.000000000000000000, 0.000000000000000000 ) ) ;
#236 = CARTESIAN_POINT ( 'NONE',  ( -1159.698770337667838, 639.1311344813831283, 550.0301925854253113 ) ) ;
#237 = ORIENTED_EDGE ( 'NONE', *, *, #4581, .F. ) ;
#238 = CARTESIAN_POINT ( 'NONE',  ( -1125.039544723444806, 215.7694443947593186, 648.1492622575128735 ) ) ;
#239 = ORIENTED_EDGE ( 'NONE', *, *, #8811, .F. ) ;
#240 = CARTESIAN_POINT ( 'NONE',  ( -1126.250000000000455, 30.00000000000000711, -679.7499999999998863 ) ) ;
#241 = DIRECTION ( 'NONE',  ( 0.000000000000000000, 0.000000000000000000, 1.000000000000000000 ) ) ;
#242 = ORIENTED_EDGE ( 'NONE', *, *, #7273, .F. ) ;
#243 = ADVANCED_FACE ( 'NONE', ( #4991 ), #5677, .F. ) ;
#244 = ORIENTED_EDGE ( 'NONE', *, *, #5467, .T. ) ;
#245 = COLOUR_RGB ( '',0.6470588235294117974, 0.6196078431372549211, 0.5882352941176470784 ) ;
#246 = CARTESIAN_POINT ( 'NONE',  ( -17.78832016638726543, 100.7458458880957437, 697.5663743938779362 ) ) ;
#247 = CYLINDRICAL_SURFACE ( 'NONE', #22, 6.000000000000116351 ) ;
#248 = LINE ( 'NONE', #5924, #9114 ) ;
#249 = CARTESIAN_POINT ( 'NONE',  ( -25.00188347980895642, 588.7483347077886719, -533.5902755636566326 ) ) ;
#250 = DIRECTION ( 'NONE',  ( 0.000000000000000000, 0.000000000000000000, 1.000000000000000000 ) ) ;
#251 = CARTESIAN_POINT ( 'NONE',  ( -1125.211614057771158, 937.2578733275845480, 129.8751275348837737 ) ) ;
#252 = EDGE_LOOP ( 'NONE', ( #5876, #237, #4784, #4340 ) ) ;
#253 = CARTESIAN_POINT ( 'NONE',  ( -1128.618010814827812, 924.5678311751357796, -164.6575200357272308 ) ) ;
#254 = LINE ( 'NONE', #9097, #2993 ) ;
#255 = CARTESIAN_POINT ( 'NONE',  ( -1174.346565826517462, 933.0102611158082482, -152.3794956130830940 ) ) ;
#256 = AXIS2_PLACEMENT_3D ( 'NONE', #4984, #1902, #1134 ) ;
#257 = CARTESIAN_POINT ( 'NONE',  ( -11.83411111571509799, 600.4252784390203033, 557.9051127443852920 ) ) ;
#258 = CARTESIAN_POINT ( 'NONE',  ( -21.15557379279561445, 602.8517556579852226, -536.1927923775803038 ) ) ;
#259 = ORIENTED_EDGE ( 'NONE', *, *, #6393, .F. ) ;
#260 = ORIENTED_EDGE ( 'NONE', *, *, #3305, .F. ) ;
#261 = DIRECTION ( 'NONE',  ( 0.000000000000000000, 0.000000000000000000, -1.000000000000000000 ) ) ;
#262 = CARTESIAN_POINT ( 'NONE',  ( -1174.760343721349727, 934.9263835540641594, -155.9038670165883218 ) ) ;
#263 = EDGE_CURVE ( 'NONE', #5369, #9805, #8972, .T. ) ;
#264 = CARTESIAN_POINT ( 'NONE',  ( -373.9816977302619989, 860.5816939770176077, -448.7780475532336482 ) ) ;
#265 = VERTEX_POINT ( 'NONE', #1090 ) ;
#266 = ORIENTED_EDGE ( 'NONE', *, *, #9749, .T. ) ;
#267 = CARTESIAN_POINT ( 'NONE',  ( -1150.000000000000000, 910.0000000000381988, 349.9999999998139515 ) ) ;
#268 = DIRECTION ( 'NONE',  ( 1.659227894316332837E-15, 0.7840326558350209085, -0.6207195780578245170 ) ) ;
#269 = ADVANCED_FACE ( 'NONE', ( #7266 ), #9126, .F. ) ;
#270 = CARTESIAN_POINT ( 'NONE',  ( -499.1246993320136198, 905.2913021627955459, 166.6726778943276770 ) ) ;
#271 = CARTESIAN_POINT ( 'NONE',  ( -22.72715668225728791, 116.2517560759589514, -690.4266848089830546 ) ) ;
#272 = EDGE_CURVE ( 'NONE', #7549, #6199, #9954, .T. ) ;
#273 = ORIENTED_EDGE ( 'NONE', *, *, #6025, .T. ) ;
#274 = EDGE_LOOP ( 'NONE', ( #5297, #6284, #7902, #9592, #1544, #5586 ) ) ;
#275 = ADVANCED_FACE ( 'NONE', ( #989 ), #4273, .F. ) ;
#276 = LINE ( 'NONE', #2609, #8622 ) ;
#277 = CARTESIAN_POINT ( 'NONE',  ( -1168.439339752712158, 646.1695266028121978, -552.2671375187231888 ) ) ;
#278 = CARTESIAN_POINT ( 'NONE',  ( 2.732711158959053676E-14, 408.5786437626905467, 655.0000000000000000 ) ) ;
#279 = CARTESIAN_POINT ( 'NONE',  ( -1548.041541306736235, 334.9999999999999432, 183.6010951158157241 ) ) ;
#280 = CARTESIAN_POINT ( 'NONE',  ( -1548.041541306736235, 345.0000000000000000, -163.6010951158149282 ) ) ;
#282 =( LENGTH_UNIT ( ) NAMED_UNIT ( * ) SI_UNIT ( .MILLI., .METRE. ) );
#281 = AXIS2_PLACEMENT_3D ( 'NONE', #130, #6367, #7838 ) ;
#283 = VERTEX_POINT ( 'NONE', #3291 ) ;
#284 = CARTESIAN_POINT ( 'NONE',  ( -1131.792192269388352, 202.2900922111361695, 632.8681654869725435 ) ) ;
#285 = VERTEX_POINT ( 'NONE', #6439 ) ;
#286 = DIRECTION ( 'NONE',  ( -1.000000000000000000, 0.000000000000000000, 0.000000000000000000 ) ) ;
#287 = EDGE_CURVE ( 'NONE', #1768, #665, #3669, .T. ) ;
#288 = CARTESIAN_POINT ( 'NONE',  ( -24.51335250773506047, 119.6955999365290211, 675.0548449450676571 ) ) ;
#289 = PRESENTATION_LAYER_ASSIGNMENT (  '', '', ( #4754 ) ) ;
#290 = ORIENTED_EDGE ( 'NONE', *, *, #5124, .T. ) ;
#291 =( NAMED_UNIT ( * ) SI_UNIT ( $, .STERADIAN. ) SOLID_ANGLE_UNIT ( ) );
#292 = ORIENTED_EDGE ( 'NONE', *, *, #9004, .F. ) ;
#293 = CARTESIAN_POINT ( 'NONE',  ( 39.99999999999971578, 30.00000000000000711, -640.0000000000000000 ) ) ;
#294 = CARTESIAN_POINT ( 'NONE',  ( -23.36929791282566171, 117.3656620948843141, 688.8966989088692117 ) ) ;
#295 = DIRECTION ( 'NONE',  ( -0.5786626424054287510, -0.8155670090706016451, 0.000000000000000000 ) ) ;
#296 = CARTESIAN_POINT ( 'NONE',  ( -1125.116301302976581, 177.8336920987629810, 652.4335223334094280 ) ) ;
#297 = CARTESIAN_POINT ( 'NONE',  ( -23.25363241958343608, 120.1819051177581059, -670.7983267614398528 ) ) ;
#298 = CARTESIAN_POINT ( 'NONE',  ( -1125.125608387302009, 943.3478100339352750, -130.5615123729300535 ) ) ;
#299 = B_SPLINE_CURVE_WITH_KNOTS ( 'NONE', 3,
 ( #2273, #6896, #10061, #4370, #2981, #9293, #3034, #7526, #9140, #1440, #7682, #5197, #5355, #2117 ),
 .UNSPECIFIED., .F., .F.,
 ( 4, 2, 2, 2, 2, 2, 4 ),
 ( 0.07317496661004599390, 0.07672373598956978846, 0.07849812067933195636, 0.08027250536909411038, 0.08382127474861844618, 0.08559565943838065571, 0.08737004412814285137 ),
 .UNSPECIFIED. ) ;
#300 = DIRECTION ( 'NONE',  ( 0.000000000000000000, 0.000000000000000000, -1.000000000000000000 ) ) ;
#301 = ADVANCED_FACE ( 'NONE', ( #7218 ), #8832, .F. ) ;
#302 = B_SPLINE_CURVE_WITH_KNOTS ( 'NONE', 3,
 ( #4885, #2241, #3105, #10192, #6142, #9372, #193, #3334, #9314, #4604, #8533, #6243, #5377, #7756, #683, #6970, #9418, #2341, #8046, #1563, #4708, #7859, #791, #3925, #7411, #4256 ),
 .UNSPECIFIED., .F., .F.,
 ( 4, 2, 2, 2, 2, 2, 2, 2, 2, 2, 2, 2, 4 ),
 ( 0.04452565961592470228, 0.04834601357349815887, 0.05216636753107161545, 0.05598672148864507203, 0.05980707544621853555, 0.06171725242500526731, 0.06362742940379198520, 0.06744778336136567076, 0.06840287185075885623, 0.06935796034015204170, 0.07126813731893837101, 0.07317831429772470031, 0.07508849127651101574 ),
 .UNSPECIFIED. ) ;
#303 = CARTESIAN_POINT ( 'NONE',  ( -1133.990157355729025, 920.4150087538122307, 140.7286462204602628 ) ) ;
#304 = VERTEX_POINT ( 'NONE', #979 ) ;
#305 = LINE ( 'NONE', #8213, #317 ) ;
#306 = FACE_BOUND ( 'NONE', #8577, .T. ) ;
#307 = EDGE_CURVE ( 'NONE', #6791, #2425, #2574, .T. ) ;
#308 = CARTESIAN_POINT ( 'NONE',  ( -25.00184474153633474, 588.7435609227566147, 533.5908219345362795 ) ) ;
#309 = CARTESIAN_POINT ( 'NONE',  ( -1458.041541306736235, 345.0000000000000000, 188.6010951158156388 ) ) ;
#310 = VECTOR ( 'NONE', #449, 999.9999999999998863 ) ;
#311 = CYLINDRICAL_SURFACE ( 'NONE', #1878, 6.000000000000227374 ) ;
#312 = TOROIDAL_SURFACE ( 'NONE', #3440, 1749.999999999999545, 25.00000000000000711 ) ;
#313 = CARTESIAN_POINT ( 'NONE',  ( -23.11923525993993422, 577.6609954662898190, -534.9651478087426995 ) ) ;
#314 = VECTOR ( 'NONE', #1434, 1000.000000000000000 ) ;
#315 = ORIENTED_EDGE ( 'NONE', *, *, #1922, .T. ) ;
#316 = VERTEX_POINT ( 'NONE', #4314 ) ;
#317 = VECTOR ( 'NONE', #2688, 999.9999999999998863 ) ;
#318 = SURFACE_STYLE_USAGE ( .BOTH. , #1104 ) ;
#319 = CARTESIAN_POINT ( 'NONE',  ( -1170.575840387236440, 922.9480309358190198, -168.3201311953688730 ) ) ;
#320 = CARTESIAN_POINT ( 'NONE',  ( -1443.041541306736235, 334.9999999999999432, -203.6010951158150704 ) ) ;
#321 = EDGE_LOOP ( 'NONE', ( #8086, #5601 ) ) ;
#322 = ORIENTED_EDGE ( 'NONE', *, *, #4580, .T. ) ;
#323 = CARTESIAN_POINT ( 'NONE',  ( -11.24927833196606208, 599.2340093869448765, -560.1214363314757065 ) ) ;
#324 = FACE_OUTER_BOUND ( 'NONE', #9533, .T. ) ;
#325 = CARTESIAN_POINT ( 'NONE',  ( -493.0584514986547902, 896.1009694750226799, 158.8047251443318544 ) ) ;
#326 = CARTESIAN_POINT ( 'NONE',  ( -25.00748414119238205, 84.10663906870597373, -680.0002869299062240 ) ) ;
#327 = CARTESIAN_POINT ( 'NONE',  ( -15.26442331383523943, 605.1516859313204577, 546.0366898140739522 ) ) ;
#328 = ORIENTED_EDGE ( 'NONE', *, *, #7634, .F. ) ;
#329 = ORIENTED_EDGE ( 'NONE', *, *, #2441, .F. ) ;
#330 = AXIS2_PLACEMENT_3D ( 'NONE', #5922, #9752, #5767 ) ;
#331 = DIRECTION ( 'NONE',  ( 9.654113257610047681E-15, -2.123904916674210427E-13, -1.000000000000000000 ) ) ;
#332 = CARTESIAN_POINT ( 'NONE',  ( -1165.352289822723606, 642.8571054173169159, -551.3023717835367279 ) ) ;
#333 = DIRECTION ( 'NONE',  ( -2.498001805406602216E-16, 4.718447854656915297E-16, -1.000000000000000000 ) ) ;
#334 = CARTESIAN_POINT ( 'NONE',  ( -465.3628565673369621, 900.8958097676986654, -302.7158385259953093 ) ) ;
#335 = FACE_BOUND ( 'NONE', #636, .T. ) ;
#336 = VERTEX_POINT ( 'NONE', #8352 ) ;
#337 = CARTESIAN_POINT ( 'NONE',  ( -385.5549505783706081, 844.2703537956053879, -448.7780475532336482 ) ) ;
#338 = ORIENTED_EDGE ( 'NONE', *, *, #8463, .T. ) ;
#339 = CARTESIAN_POINT ( 'NONE',  ( -1130.434860840202873, 210.2949512659937170, 634.4286948389641339 ) ) ;
#340 =( GEOMETRIC_REPRESENTATION_CONTEXT ( 3 ) GLOBAL_UNCERTAINTY_ASSIGNED_CONTEXT ( ( #8038 ) ) GLOBAL_UNIT_ASSIGNED_CONTEXT ( ( #8691, #208, #1661 ) ) REPRESENTATION_CONTEXT ( 'NONE', 'WORKASPACE' ) );
#341 = CARTESIAN_POINT ( 'NONE',  ( -1143.493341476338856, 914.6472499256043420, -150.4654232975368586 ) ) ;
#342 = CARTESIAN_POINT ( 'NONE',  ( -1458.041541306736235, 334.9999999999999432, -188.6010951158150704 ) ) ;
#343 = ORIENTED_EDGE ( 'NONE', *, *, #4520, .T. ) ;
#344 = VERTEX_POINT ( 'NONE', #7469 ) ;
#345 = CARTESIAN_POINT ( 'NONE',  ( -1173.750000000000227, 30.00000000000000711, -667.7499999999997726 ) ) ;
#346 = CARTESIAN_POINT ( 'NONE',  ( -23.95912926139110510, 120.5679069364645244, 687.1652406105057480 ) ) ;
#347 = CARTESIAN_POINT ( 'NONE',  ( -1130.412303655997448, 184.9999663728787027, 665.5422239334292271 ) ) ;
#348 = DIRECTION ( 'NONE',  ( 0.9991514412379745025, -0.04118683579675160716, 0.0002050100731055823692 ) ) ;
#350 = EDGE_CURVE ( 'NONE', #4478, #4533, #10120, .T. ) ;
#349 = LINE ( 'NONE', #8208, #8000 ) ;
#351 = VERTEX_POINT ( 'NONE', #3595 ) ;
#352 = DIRECTION ( 'NONE',  ( 0.08662961636484026173, 0.9962405881956830633, 0.000000000000000000 ) ) ;
#353 = CIRCLE ( 'NONE', #4142, 25.00000000000002132 ) ;
#354 = ORIENTED_EDGE ( 'NONE', *, *, #7916, .T. ) ;
#355 = CARTESIAN_POINT ( 'NONE',  ( -1130.189280134016599, 924.6108994579832370, -137.9272409445027847 ) ) ;
#356 = CARTESIAN_POINT ( 'NONE',  ( -1126.029280362832878, 944.3361166468968122, -168.8122623215009526 ) ) ;
#357 = AXIS2_PLACEMENT_3D ( 'NONE', #491, #3932, #4472 ) ;
#358 = CARTESIAN_POINT ( 'NONE',  ( -24.38967687395293282, 582.1566806295805918, 535.2623873253676265 ) ) ;
#359 = DIRECTION ( 'NONE',  ( 0.000000000000000000, -1.000000000000000000, 0.000000000000000000 ) ) ;
#360 = AXIS2_PLACEMENT_3D ( 'NONE', #3533, #969, #6675 ) ;
#361 = AXIS2_PLACEMENT_3D ( 'NONE', #1938, #9845, #5073 ) ;
#362 = CARTESIAN_POINT ( 'NONE',  ( -1172.300038427187019, 926.0673464574165337, 166.2034760443187906 ) ) ;
#363 = CARTESIAN_POINT ( 'NONE',  ( -1174.999999999999545, 660.0000000000000000, 562.9128703017760245 ) ) ;
#364 = EDGE_CURVE ( 'NONE', #5744, #4056, #2525, .T. ) ;
#365 = DIRECTION ( 'NONE',  ( 0.000000000000000000, 1.000000000000000000, 0.000000000000000000 ) ) ;
#366 = ORIENTED_EDGE ( 'NONE', *, *, #9135, .T. ) ;
#367 = ORIENTED_EDGE ( 'NONE', *, *, #164, .T. ) ;
#368 = CARTESIAN_POINT ( 'NONE',  ( -494.0247277987650705, 897.0041539580204244, 139.8420567993910311 ) ) ;
#369 = CYLINDRICAL_SURFACE ( 'NONE', #3753, 20.00000000000003553 ) ;
#370 = CARTESIAN_POINT ( 'NONE',  ( -1172.467933780349995, 926.4567615989597016, -165.8900152822234872 ) ) ;
#371 = DIRECTION ( 'NONE',  ( -1.000000000000000000, 0.000000000000000000, 2.071647322355158349E-38 ) ) ;
#372 = CYLINDRICAL_SURFACE ( 'NONE', #4347, 20.00000000000003553 ) ;
#373 = EDGE_LOOP ( 'NONE', ( #3191, #7130, #9197, #3280, #7439, #7472 ) ) ;
#374 = DIRECTION ( 'NONE',  ( 0.000000000000000000, 0.000000000000000000, -1.000000000000000000 ) ) ;
#375 = CARTESIAN_POINT ( 'NONE',  ( -1129.303688438558765, 184.4654371356692764, -635.9667460305099667 ) ) ;
#376 = CARTESIAN_POINT ( 'NONE',  ( -13.85961355914440141, 602.6149120019068732, 552.3312450094983888 ) ) ;
#377 = CARTESIAN_POINT ( 'NONE',  ( -24.43519336017837063, 119.1734878776282329, -685.3163909872970407 ) ) ;
#378 = FACE_BOUND ( 'NONE', #1668, .T. ) ;
#379 = ORIENTED_EDGE ( 'NONE', *, *, #3293, .T. ) ;
#380 = ORIENTED_EDGE ( 'NONE', *, *, #8174, .T. ) ;
#381 = AXIS2_PLACEMENT_3D ( 'NONE', #912, #6417, #6462 ) ;
#382 = DIRECTION ( 'NONE',  ( 0.000000000000000000, 1.000000000000000000, 0.000000000000000000 ) ) ;
#383 = CARTESIAN_POINT ( 'NONE',  ( -1151.525590031691763, 637.0375798631504267, -549.2499335729166887 ) ) ;
#384 = CARTESIAN_POINT ( 'NONE',  ( -1148.440666905433091, 217.9323305875223582, -650.0000000000011369 ) ) ;
#385 = LINE ( 'NONE', #279, #8083 ) ;
#386 = AXIS2_PLACEMENT_3D ( 'NONE', #6069, #4584, #5300 ) ;
#387 = VECTOR ( 'NONE', #5738, 1000.000000000000000 ) ;
#388 = CARTESIAN_POINT ( 'NONE',  ( -2.902317422911738039E-13, 408.5786437626904899, -580.0000000000001137 ) ) ;
#389 = DIRECTION ( 'NONE',  ( 1.084036547835517478E-17, -1.000000000000000000, -0.000000000000000000 ) ) ;
#390 = ORIENTED_EDGE ( 'NONE', *, *, #4771, .T. ) ;
#391 = CARTESIAN_POINT ( 'NONE',  ( -1131.065186292693852, 204.8513092255464301, 633.6753237044036950 ) ) ;
#392 = ORIENTED_EDGE ( 'NONE', *, *, #7438, .F. ) ;
#393 = CARTESIAN_POINT ( 'NONE',  ( -1132.560916478668105, 190.5639830253621199, 632.0859653274743550 ) ) ;
#394 = AXIS2_PLACEMENT_3D ( 'NONE', #7732, #3802, #1395 ) ;
#395 = CARTESIAN_POINT ( 'NONE',  ( -17.97137906956833575, 107.8302371049462351, 662.6192366342655760 ) ) ;
#396 = CARTESIAN_POINT ( 'NONE',  ( -1548.041541306736235, 334.9999999999999432, -153.6010951158152693 ) ) ;
#397 = CIRCLE ( 'NONE', #5676, 75.00000000000017053 ) ;
#398 = ORIENTED_EDGE ( 'NONE', *, *, #8991, .F. ) ;
#399 = CARTESIAN_POINT ( 'NONE',  ( -1140.748875326112511, 915.4361769000551021, 151.9106835050903328 ) ) ;
#400 = EDGE_LOOP ( 'NONE', ( #9155, #8903, #8249, #9963, #3376, #2178 ) ) ;
#401 = LINE ( 'NONE', #7361, #6360 ) ;
#402 = CARTESIAN_POINT ( 'NONE',  ( -24.97843591150970255, 84.18552759364936833, 681.2007971084922247 ) ) ;
#403 = CYLINDRICAL_SURFACE ( 'NONE', #1822, 5.999999999999894307 ) ;
#404 = CARTESIAN_POINT ( 'NONE',  ( -1126.986879611597033, 180.1320076206398539, 659.7860786953867773 ) ) ;
#405 = DIRECTION ( 'NONE',  ( 5.551115123125780730E-16, -1.000000000000000000, 0.000000000000000000 ) ) ;
#406 = CARTESIAN_POINT ( 'NONE',  ( -1124.997748333536720, 940.6090183821495430, -130.0386615194248350 ) ) ;
#407 = ORIENTED_EDGE ( 'NONE', *, *, #2134, .F. ) ;
#408 = EDGE_CURVE ( 'NONE', #1516, #6011, #9908, .T. ) ;
#409 = EDGE_CURVE ( 'NONE', #3939, #6772, #5155, .T. ) ;
#410 = STYLED_ITEM ( 'NONE', ( #8556 ), #4294 ) ;
#411 = EDGE_CURVE ( 'NONE', #8665, #9886, #1223, .T. ) ;
#412 = ADVANCED_FACE ( 'NONE', ( #9694 ), #3857, .T. ) ;
#413 = ORIENTED_EDGE ( 'NONE', *, *, #4067, .F. ) ;
#414 = CARTESIAN_POINT ( 'NONE',  ( -1131.825243962714694, 920.8005890569201028, -159.8024671361990556 ) ) ;
#415 = VECTOR ( 'NONE', #3074, 1000.000000000000000 ) ;
#416 = CARTESIAN_POINT ( 'NONE',  ( -24.61561785472489916, 594.1999714493504143, 533.6237962827807451 ) ) ;
#417 = EDGE_CURVE ( 'NONE', #1604, #4906, #6579, .T. ) ;
#418 = DIRECTION ( 'NONE',  ( -0.5106616124301164295, -0.8590958568053636002, -0.03433695400194736874 ) ) ;
#419 = CARTESIAN_POINT ( 'NONE',  ( -1159.954990936302238, 913.9774029235435364, 170.3691831848346965 ) ) ;
#420 = CARTESIAN_POINT ( 'NONE',  ( -14.81108024605026685, 104.5835814032530351, 659.8591861155766765 ) ) ;
#421 = LINE ( 'NONE', #9874, #6478 ) ;
#422 = ORIENTED_EDGE ( 'NONE', *, *, #7157, .T. ) ;
#423 = ORIENTED_EDGE ( 'NONE', *, *, #7001, .T. ) ;
#424 = CARTESIAN_POINT ( 'NONE',  ( -492.4199253144090562, 895.5838168779722537, 142.1272315807854909 ) ) ;
#425 = PRESENTATION_STYLE_ASSIGNMENT (( #474 ) ) ;
#426 = CARTESIAN_POINT ( 'NONE',  ( -1171.058542807517142, 923.7270191765600202, -167.8393332443369843 ) ) ;
#427 = DIRECTION ( 'NONE',  ( 0.000000000000000000, 0.000000000000000000, -1.000000000000000000 ) ) ;
#428 = ORIENTED_EDGE ( 'NONE', *, *, #7151, .F. ) ;
#429 = ORIENTED_EDGE ( 'NONE', *, *, #1011, .F. ) ;
#430 = CARTESIAN_POINT ( 'NONE',  ( -1148.162569221512740, 682.9281705179554365, -512.9584510457541455 ) ) ;
#431 = CARTESIAN_POINT ( 'NONE',  ( -1133.319720546298640, 204.8034666463236988, -631.3638789931387691 ) ) ;
#432 = EDGE_CURVE ( 'NONE', #7571, #4218, #7979, .T. ) ;
#433 = FACE_BOUND ( 'NONE', #321, .T. ) ;
#434 = CARTESIAN_POINT ( 'NONE',  ( -1150.000000000000227, 515.2069385598407507, -650.0000000000015916 ) ) ;
#435 = STYLED_ITEM ( 'NONE', ( #1784 ), #1000 ) ;
#436 = ORIENTED_EDGE ( 'NONE', *, *, #32, .T. ) ;
#437 = EDGE_LOOP ( 'NONE', ( #6555, #585, #7555, #4661, #9787, #9842 ) ) ;
#438 = DIRECTION ( 'NONE',  ( 0.000000000000000000, -1.000000000000000000, 0.000000000000000000 ) ) ;
#439 = CARTESIAN_POINT ( 'NONE',  ( -5.551115123125782702E-14, 570.7106781186550961, 559.2893218813455860 ) ) ;
#440 = FACE_OUTER_BOUND ( 'NONE', #10036, .T. ) ;
#441 = CARTESIAN_POINT ( 'NONE',  ( -1167.192055068697073, 949.1478366226717753, -149.8625354325472472 ) ) ;
#442 = EDGE_CURVE ( 'NONE', #8872, #9510, #209, .T. ) ;
#443 = LINE ( 'NONE', #5189, #3541 ) ;
#444 = ORIENTED_EDGE ( 'NONE', *, *, #6151, .F. ) ;
#445 = CARTESIAN_POINT ( 'NONE',  ( -1130.239878924630375, 211.7621266076952793, -665.3242641770614227 ) ) ;
#446 = VERTEX_POINT ( 'NONE', #3482 ) ;
#447 = EDGE_CURVE ( 'NONE', #9480, #3478, #6814, .T. ) ;
#448 = CARTESIAN_POINT ( 'NONE',  ( -1125.935053086417156, 216.5752471525079557, 643.1959279873460673 ) ) ;
#449 = DIRECTION ( 'NONE',  ( 0.7941567930305997169, -0.5634716255418393827, -0.2276284588811126608 ) ) ;
#450 = DIRECTION ( 'NONE',  ( 0.000000000000000000, 0.000000000000000000, -1.000000000000000000 ) ) ;
#451 = ORIENTED_EDGE ( 'NONE', *, *, #4757, .T. ) ;
#452 = DIRECTION ( 'NONE',  ( -0.5786626424054287510, -0.8155670090706016451, 0.000000000000000000 ) ) ;
#453 = CARTESIAN_POINT ( 'NONE',  ( -1130.591708164788315, 206.1699131983235418, -634.2306422076393346 ) ) ;
#454 = CARTESIAN_POINT ( 'NONE',  ( -22.67626946387121833, 118.6386714083182170, 690.5406002283267526 ) ) ;
#455 = CARTESIAN_POINT ( 'NONE',  ( -1127.512310163488337, 215.2118079920932132, 660.9403933039556023 ) ) ;
#456 = DIRECTION ( 'NONE',  ( 4.999362528151271919E-51, 0.000000000000000000, 1.000000000000000000 ) ) ;
#457 = SURFACE_STYLE_USAGE ( .BOTH. , #1248 ) ;
#458 = ORIENTED_EDGE ( 'NONE', *, *, #9160, .T. ) ;
#459 =( GEOMETRIC_REPRESENTATION_CONTEXT ( 3 ) GLOBAL_UNCERTAINTY_ASSIGNED_CONTEXT ( ( #4101 ) ) GLOBAL_UNIT_ASSIGNED_CONTEXT ( ( #4717, #3833, #7761 ) ) REPRESENTATION_CONTEXT ( 'NONE', 'WORKASPACE' ) );
#460 = ORIENTED_EDGE ( 'NONE', *, *, #2437, .T. ) ;
#461 = EDGE_CURVE ( 'NONE', #8212, #1787, #7485, .T. ) ;
#462 = CARTESIAN_POINT ( 'NONE',  ( -16.13625182927183843, 584.2129256519790488, 572.7915694146696524 ) ) ;
#463 = CARTESIAN_POINT ( 'NONE',  ( -24.99786049151508749, 590.1090972125373355, 533.4576841083273848 ) ) ;
#464 =( BOUNDED_CURVE ( )  B_SPLINE_CURVE ( 3, ( #4876, #1692, #5703, #1783 ),
 .UNSPECIFIED., .F., .F. ) 
 B_SPLINE_CURVE_WITH_KNOTS ( ( 4, 4 ),
 ( 3.083891059210120744, 6.225483712799916525 ),
 .UNSPECIFIED. ) 
 CURVE ( )  GEOMETRIC_REPRESENTATION_ITEM ( )  RATIONAL_B_SPLINE_CURVE ( ( 1.000000000000000000, 0.3333333333333324822, 0.3333333333333324822, 1.000000000000000000 ) ) 
 REPRESENTATION_ITEM ( '' )  );
#465 = CARTESIAN_POINT ( 'NONE',  ( -1174.044236789795150, 932.4143615166759673, -145.6247402873092938 ) ) ;
#466 = EDGE_CURVE ( 'NONE', #15, #6899, #1682, .T. ) ;
#467 = CARTESIAN_POINT ( 'NONE',  ( -1125.341606382900636, 944.4615929583112575, -133.0785011897521883 ) ) ;
#468 = CARTESIAN_POINT ( 'NONE',  ( -1172.964767266623312, 927.6091742385107182, 164.9623461615303768 ) ) ;
#469 = CARTESIAN_POINT ( 'NONE',  ( -16.00658032383021734, 94.50806009956509968, 660.7925667003523813 ) ) ;
#470 = DIRECTION ( 'NONE',  ( -1.000000000000000000, 0.000000000000000000, -4.999362528151271919E-51 ) ) ;
#471 = ADVANCED_FACE ( 'NONE', ( #8755 ), #4867, .T. ) ;
#472 = ORIENTED_EDGE ( 'NONE', *, *, #541, .F. ) ;
#473 = EDGE_LOOP ( 'NONE', ( #366, #8254 ) ) ;
#474 = SURFACE_STYLE_USAGE ( .BOTH. , #7382 ) ;
#475 = AXIS2_PLACEMENT_3D ( 'NONE', #4243, #7394, #9839 ) ;
#476 = LINE ( 'NONE', #6102, #535 ) ;
#477 = CARTESIAN_POINT ( 'NONE',  ( -1124.999920571942539, 940.0692849281664394, 131.9961933538294261 ) ) ;
#478 = CARTESIAN_POINT ( 'NONE',  ( -2.927147495130474974E-14, 570.7106781186549824, -559.2893218813454723 ) ) ;
#479 = EDGE_CURVE ( 'NONE', #4218, #7571, #6154, .T. ) ;
#480 = CARTESIAN_POINT ( 'NONE',  ( -1563.041541306736235, 334.9999999999999432, 143.6010951158155535 ) ) ;
#481 = ORIENTED_EDGE ( 'NONE', *, *, #4537, .F. ) ;
#482 = CARTESIAN_POINT ( 'NONE',  ( -1147.886514604655531, 682.9043582520071141, -513.0052312188965971 ) ) ;
#483 = CARTESIAN_POINT ( 'NONE',  ( -1125.449102263361738, 178.5363568073522913, -645.2361724247236907 ) ) ;
#484 = CIRCLE ( 'NONE', #6250, 125.0000000000000000 ) ;
#485 = CARTESIAN_POINT ( 'NONE',  ( -1157.298691373834799, 916.2766550209756815, 133.4419008416596455 ) ) ;
#486 = CIRCLE ( 'NONE', #5752, 25.00000000000002132 ) ;
#487 = VERTEX_POINT ( 'NONE', #1730 ) ;
#488 = ORIENTED_EDGE ( 'NONE', *, *, #2813, .F. ) ;
#489 = DIRECTION ( 'NONE',  ( -2.664535259100382008E-15, -0.7071067811865452413, -0.7071067811865500152 ) ) ;
#490 = AXIS2_PLACEMENT_3D ( 'NONE', #8281, #371, #1058 ) ;
#491 = CARTESIAN_POINT ( 'NONE',  ( -1458.041541306736235, 345.0000000000000000, 158.6010951158156388 ) ) ;
#492 = DIRECTION ( 'NONE',  ( 0.7941567930305997169, -0.5634716255418394937, -0.2276284588811126608 ) ) ;
#493 = CARTESIAN_POINT ( 'NONE',  ( -1150.000000000000227, 515.2069385598298368, -549.9999999999982947 ) ) ;
#494 = CARTESIAN_POINT ( 'NONE',  ( 2.308085168284957309E-14, 600.0000000000000000, 488.5786437626905467 ) ) ;
#495 = CARTESIAN_POINT ( 'NONE',  ( -1173.750000000000227, 30.00000000000000711, -673.7499999999997726 ) ) ;
#496 = ORIENTED_EDGE ( 'NONE', *, *, #10078, .T. ) ;
#497 = LINE ( 'NONE', #6065, #8652 ) ;
#498 = ORIENTED_EDGE ( 'NONE', *, *, #1505, .T. ) ;
#499 = DIRECTION ( 'NONE',  ( 0.000000000000000000, 0.000000000000000000, -1.000000000000000000 ) ) ;
#500 = CARTESIAN_POINT ( 'NONE',  ( -1128.351524443167818, 184.5619393411254521, 662.5132732214423186 ) ) ;
#501 = DIRECTION ( 'NONE',  ( -4.999362528151271919E-51, 0.000000000000000000, -1.000000000000000000 ) ) ;
#502 = EDGE_CURVE ( 'NONE', #5132, #4382, #5502, .T. ) ;
#503 = DIRECTION ( 'NONE',  ( 0.000000000000000000, -1.000000000000000000, 0.000000000000000000 ) ) ;
#504 = CIRCLE ( 'NONE', #6266, 4.999999999999809930 ) ;
#505 = EDGE_CURVE ( 'NONE', #5622, #2185, #3268, .T. ) ;
#506 = CARTESIAN_POINT ( 'NONE',  ( -22.57790781587616635, 573.4019957733479487, 571.9337625941348051 ) ) ;
#507 = ORIENTED_EDGE ( 'NONE', *, *, #2999, .T. ) ;
#508 = CYLINDRICAL_SURFACE ( 'NONE', #7793, 22.99999999999993960 ) ;
#509 = CARTESIAN_POINT ( 'NONE',  ( -1125.054015219574922, 179.9194664926631333, -648.2471793258071102 ) ) ;
#510 = DIRECTION ( 'NONE',  ( -1.000000000000000000, -1.698300684540304970E-17, 0.000000000000000000 ) ) ;
#511 = CARTESIAN_POINT ( 'NONE',  ( -1131.034334639485905, 185.9856955943547803, 666.2954628745160335 ) ) ;
#512 = CARTESIAN_POINT ( 'NONE',  ( -16.84846097509377216, 92.73538478618601744, -661.5155056490685865 ) ) ;
#513 = CARTESIAN_POINT ( 'NONE',  ( -1125.023317312309246, 941.6431701234452021, -130.2073679373589528 ) ) ;
#514 = VERTEX_POINT ( 'NONE', #8852 ) ;
#515 = AXIS2_PLACEMENT_3D ( 'NONE', #3656, #2181, #8469 ) ;
#516 = CARTESIAN_POINT ( 'NONE',  ( -500.0430627306077440, 912.6325428394252413, -131.6875803614017286 ) ) ;
#517 = VERTEX_POINT ( 'NONE', #2506 ) ;
#518 = CARTESIAN_POINT ( 'NONE',  ( -1127.590696143221521, 665.2237693210204270, 544.6362641035027536 ) ) ;
#519 = CARTESIAN_POINT ( 'NONE',  ( -14.37847636147341746, 602.9550604410547976, 551.1072511017680426 ) ) ;
#520 = DIRECTION ( 'NONE',  ( 0.000000000000000000, -1.000000000000000000, 0.000000000000000000 ) ) ;
#521 = CARTESIAN_POINT ( 'NONE',  ( -1126.146740163104141, 932.8142753274127017, -132.6005387241096400 ) ) ;
#522 = CARTESIAN_POINT ( 'NONE',  ( -494.3455888524595707, 897.3241915399352138, -160.3179531045944088 ) ) ;
#523 = AXIS2_PLACEMENT_3D ( 'NONE', #6803, #6124, #5203 ) ;
#524 = CARTESIAN_POINT ( 'NONE',  ( -23.90600887770628447, 83.17307380635139680, 672.6545434306073048 ) ) ;
#525 = B_SPLINE_CURVE_WITH_KNOTS ( 'NONE', 3,
 ( #226, #3361, #6506, #9675, #296, #7534, #8361, #6806, #1087, #9917, #5923, #3436, #3602, #7421, #404, #5821, #1192, #4379, #1905, #8206, #347, #511, #8155, #9088, #5093, #2073, #9808, #4213, #2628, #1850, #6587, #3553, #4325, #5044, #7364, #7585, #8983, #5148, #9753, #1137, #2679, #2732, #4435, #5872, #9036, #4268, #8259, #1246, #5206, #1955, #9862, #3495, #455, #8925, #6639, #7480, #6698, #2784, #2014, #1295, #3657, #8311, #6750, #2834, #5980, #9148 ),
 .UNSPECIFIED., .F., .F.,
 ( 4, 2, 2, 2, 2, 2, 2, 2, 2, 2, 2, 2, 2, 2, 2, 2, 2, 2, 2, 2, 2, 2, 2, 2, 2, 2, 2, 2, 2, 2, 2, 2, 4 ),
 ( 0.06632642010691508494, 0.06736015492016850237, 0.06839388973342191980, 0.07046135935992875465, 0.07252882898643558951, 0.07356256379968893755, 0.07459629861294227171, 0.07666376823944902330, 0.07873123786595578877, 0.08286617711896929195, 0.08493364674547629334, 0.08700111637198329473, 0.09113605562499743629, 0.09320352525150438217, 0.09423726006475781347, 0.09527099487801124478, 0.09733846450451802412, 0.09837219931777146931, 0.09940593413102488674, 0.1035408733840386397, 0.1076758126370523927, 0.1097432822635594496, 0.1118107518900665204, 0.1159456911430807036, 0.1180131607695878715, 0.1200806303960950394, 0.1221481000226022073, 0.1242155696491093753, 0.1283505089021237666, 0.1293842437153773506, 0.1304179785286309068, 0.1314517133418845185, 0.1324854481551381025 ),
 .UNSPECIFIED. ) ;
#526 = FACE_BOUND ( 'NONE', #1958, .T. ) ;
#527 = VERTEX_POINT ( 'NONE', #2368 ) ;
#528 = AXIS2_PLACEMENT_3D ( 'NONE', #6396, #7133, #2445 ) ;
#529 = VERTEX_POINT ( 'NONE', #7936 ) ;
#530 = CARTESIAN_POINT ( 'NONE',  ( -1125.741748306127647, 931.3066784406030365, 166.6181596463771939 ) ) ;
#531 = PRESENTATION_STYLE_ASSIGNMENT (( #318 ) ) ;
#532 = CIRCLE ( 'NONE', #8112, 25.00000000000000711 ) ;
#533 = DIRECTION ( 'NONE',  ( 0.000000000000000000, 1.000000000000000000, 0.000000000000000000 ) ) ;
#534 = DIRECTION ( 'NONE',  ( -4.614472616192960960E-16, 0.7071067811865479058, -0.7071067811865470176 ) ) ;
#535 = VECTOR ( 'NONE', #8541, 1000.000000000000114 ) ;
#536 = CARTESIAN_POINT ( 'NONE',  ( -1125.060253398431541, 938.5376943696149965, 131.8685459103866435 ) ) ;
#537 = CYLINDRICAL_SURFACE ( 'NONE', #833, 22.99999999999990763 ) ;
#538 = DIRECTION ( 'NONE',  ( -1.000000000000000000, -5.551115123125780730E-16, 0.000000000000000000 ) ) ;
#539 = AXIS2_PLACEMENT_3D ( 'NONE', #10179, #3711, #6859 ) ;
#540 = ORIENTED_EDGE ( 'NONE', *, *, #2436, .T. ) ;
#541 = EDGE_CURVE ( 'NONE', #1679, #10182, #2385, .T. ) ;
#542 = CARTESIAN_POINT ( 'NONE',  ( -1141.477370825046592, 681.3673513069645651, -516.0147032717939055 ) ) ;
#543 = CARTESIAN_POINT ( 'NONE',  ( -1126.275833746778289, 179.7845386372834753, -642.0899440855988587 ) ) ;
#544 = DIRECTION ( 'NONE',  ( 0.000000000000000000, 1.000000000000000000, 0.000000000000000000 ) ) ;
#545 = AXIS2_PLACEMENT_3D ( 'NONE', #3275, #9536, #7250 ) ;
#546 = ADVANCED_FACE ( 'NONE', ( #85 ), #8709, .F. ) ;
#547 = VERTEX_POINT ( 'NONE', #7450 ) ;
#548 = EDGE_CURVE ( 'NONE', #8843, #9627, #8135, .T. ) ;
#549 = CARTESIAN_POINT ( 'NONE',  ( -1149.999999999999091, 892.0461840472274844, 379.2016327917509102 ) ) ;
#550 = DIRECTION ( 'NONE',  ( 0.000000000000000000, 0.000000000000000000, -1.000000000000000000 ) ) ;
#551 = CYLINDRICAL_SURFACE ( 'NONE', #6295, 25.00000000000002132 ) ;
#552 = CARTESIAN_POINT ( 'NONE',  ( -1458.041541306736235, 334.9999999999999432, 153.6010951158157809 ) ) ;
#553 = CARTESIAN_POINT ( 'NONE',  ( -18.66120811123442991, 111.9961477196066113, -696.6607593449637079 ) ) ;
#554 = CYLINDRICAL_SURFACE ( 'NONE', #3715, 18.00000000000004974 ) ;
#555 = EDGE_LOOP ( 'NONE', ( #2236, #8070, #6247, #2217, #2576, #10037 ) ) ;
#556 = DIRECTION ( 'NONE',  ( 0.9959043170553905089, -0.08660037539612093493, 0.02598011261883533679 ) ) ;
#557 = VERTEX_POINT ( 'NONE', #4189 ) ;
#558 = CARTESIAN_POINT ( 'NONE',  ( -1173.750000000000227, 30.00000000000000711, -667.7499999999997726 ) ) ;
#559 = CARTESIAN_POINT ( 'NONE',  ( -24.20424768796542736, 565.8135868545076619, 555.3371878845308629 ) ) ;
#560 = CYLINDRICAL_SURFACE ( 'NONE', #4341, 22.99999999999999645 ) ;
#561 = ADVANCED_FACE ( 'NONE', ( #9676 ), #5740, .F. ) ;
#562 = FACE_OUTER_BOUND ( 'NONE', #5078, .T. ) ;
#563 = AXIS2_PLACEMENT_3D ( 'NONE', #2619, #5082, #5970 ) ;
#564 = CARTESIAN_POINT ( 'NONE',  ( -17.41444406183925508, 580.2896161773963968, 575.0958712444430603 ) ) ;
#565 = VERTEX_POINT ( 'NONE', #7292 ) ;
#566 = AXIS2_PLACEMENT_3D ( 'NONE', #2862, #6932, #7560 ) ;
#567 = CARTESIAN_POINT ( 'NONE',  ( -1548.041541306736235, 334.9999999999999432, 153.6010951158157525 ) ) ;
#568 = CARTESIAN_POINT ( 'NONE',  ( -24.32989362860390870, 85.20702424367844685, 685.8579359782349911 ) ) ;
#569 = CARTESIAN_POINT ( 'NONE',  ( -25.00000000000029843, 82.14912281216685130, 681.3604757055611572 ) ) ;
#570 = CARTESIAN_POINT ( 'NONE',  ( -24.99999999999998579, 600.0000000000000000, 488.5786437626904899 ) ) ;
#571 = DIRECTION ( 'NONE',  ( 0.000000000000000000, 0.000000000000000000, -1.000000000000000000 ) ) ;
#572 = AXIS2_PLACEMENT_3D ( 'NONE', #4512, #7664, #4617 ) ;
#573 = EDGE_LOOP ( 'NONE', ( #3062, #7500, #2687, #8752 ) ) ;
#574 = CARTESIAN_POINT ( 'NONE',  ( -1526.308102424746039, 345.0000000000000568, 133.9859443014671569 ) ) ;
#575 = CIRCLE ( 'NONE', #2706, 23.00000000000002132 ) ;
#576 = EDGE_CURVE ( 'NONE', #4235, #565, #4990, .T. ) ;
#577 = B_SPLINE_CURVE_WITH_KNOTS ( 'NONE', 3,
 ( #8969, #9737, #238, #2571, #9076, #1023, #3477, #5709, #3375, #3332, #4977, #8248, #1075, #4254, #1788, #1892, #2001, #9024, #4201, #391, #7354, #2667, #4926, #5811, #284, #8093, #4155, #3422, #3540, #9850, #1944, #7407, #976, #4311, #9689, #5031, #6576, #2616, #1837, #5754, #8914, #8195, #1125, #6627, #7465, #2721, #5861, #9236, #3592, #2218, #2978, #10009, #3796, #10114, #2878, #4532, #6893, #2928 ),
 .UNSPECIFIED., .F., .F.,
 ( 4, 2, 2, 2, 2, 2, 2, 2, 2, 2, 2, 2, 2, 2, 2, 2, 2, 2, 2, 2, 2, 2, 2, 2, 2, 2, 2, 2, 4 ),
 ( 0.000000000000000000, 0.003673044164570764443, 0.005509566246856147098, 0.007346088329141528886, 0.009182610411426910674, 0.01101913249371229420, 0.01469217665828283920, 0.01652869874056790353, 0.01836522082285296439, 0.02203826498742315204, 0.02295652602856569288, 0.02387478706970823025, 0.02571130915199338479, 0.02754783123427853586, 0.02846609227542105935, 0.02938435331656357938, 0.03122087539884852228, 0.03305739748113346865, 0.03673044164570350711, 0.03856696372798853328, 0.04040348581027355945, 0.04407652997484349383, 0.04591305205712821469, 0.04774957413941292861, 0.05142261830398215522, 0.05509566246855138183, 0.05601392350969368328, 0.05693218455083598473, 0.05876870663312089293 ),
 .UNSPECIFIED. ) ;
#578 = EDGE_LOOP ( 'NONE', ( #2534, #7853, #3049, #5688 ) ) ;
#579 = CARTESIAN_POINT ( 'NONE',  ( -1127.388170437823646, 664.2215317323516501, 545.9686862398156109 ) ) ;
#580 = DIRECTION ( 'NONE',  ( 0.000000000000000000, 0.000000000000000000, -1.000000000000000000 ) ) ;
#581 = LINE ( 'NONE', #10031, #9283 ) ;
#582 = CARTESIAN_POINT ( 'NONE',  ( -1165.680207659700045, 917.4462293280220138, 170.6335096235524986 ) ) ;
#583 = CARTESIAN_POINT ( 'NONE',  ( -14.96719601529454913, 105.2507863734613238, 659.9740625987132034 ) ) ;
#584 = FACE_BOUND ( 'NONE', #1029, .T. ) ;
#585 = ORIENTED_EDGE ( 'NONE', *, *, #8929, .T. ) ;
#586 = ORIENTED_EDGE ( 'NONE', *, *, #5675, .T. ) ;
#587 = CARTESIAN_POINT ( 'NONE',  ( -1125.086414437409758, 939.4013870088549538, 167.8077375964856515 ) ) ;
#588 = CIRCLE ( 'NONE', #5192, 23.00000000000002132 ) ;
#589 = CARTESIAN_POINT ( 'NONE',  ( -17.64923813360568161, 603.6363244461734894, -544.3979839104564462 ) ) ;
#590 = CARTESIAN_POINT ( 'NONE',  ( -1128.364223639905958, 952.4240556428987929, 138.9750047776700796 ) ) ;
#591 = DIRECTION ( 'NONE',  ( 0.000000000000000000, -1.000000000000000000, 0.000000000000000000 ) ) ;
#592 = DIRECTION ( 'NONE',  ( -1.000000000000000000, 0.000000000000000000, 0.000000000000000000 ) ) ;
#593 = CARTESIAN_POINT ( 'NONE',  ( -1137.087918420446385, 679.0373019455599888, -520.5328586895511762 ) ) ;
#594 = CARTESIAN_POINT ( 'NONE',  ( -1126.923562846392997, 180.7566530066884241, -640.3640893741383024 ) ) ;
#595 = PLANE ( 'NONE',  #5341 ) ;
#596 = EDGE_LOOP ( 'NONE', ( #8617, #4551, #3764, #9023 ) ) ;
#597 = CARTESIAN_POINT ( 'NONE',  ( -1129.488976836169968, 952.3015422986248950, -160.9265915573757013 ) ) ;
#598 = CARTESIAN_POINT ( 'NONE',  ( -1443.041541306736235, 345.0000000000000000, 203.6010951158156104 ) ) ;
#599 = DIRECTION ( 'NONE',  ( 0.000000000000000000, 0.6207195780579074507, 0.7840326558349552943 ) ) ;
#600 = CARTESIAN_POINT ( 'NONE',  ( -1150.000000000000000, -804.6428199482242007, 0.000000000000000000 ) ) ;
#601 = CARTESIAN_POINT ( 'NONE',  ( -1149.999999999999545, 907.5641734986711526, -398.8024491876282127 ) ) ;
#602 = FACE_OUTER_BOUND ( 'NONE', #5202, .T. ) ;
#603 = CARTESIAN_POINT ( 'NONE',  ( -1150.000000000000909, 938.9285782095132618, -149.8625354325472472 ) ) ;
#605 = ADVANCED_FACE ( 'NONE', ( #1165, #6725, #6508, #433, #8129 ), #8900, .F. ) ;
#604 = ORIENTED_EDGE ( 'NONE', *, *, #3761, .F. ) ;
#606 = CARTESIAN_POINT ( 'NONE',  ( -1125.738762685579559, 217.2088804440178080, -656.0421236188432204 ) ) ;
#607 = EDGE_CURVE ( 'NONE', #5342, #5009, #3177, .T. ) ;
#608 = ORIENTED_EDGE ( 'NONE', *, *, #263, .T. ) ;
#609 = EDGE_CURVE ( 'NONE', #8393, #8094, #4963, .T. ) ;
#610 = VECTOR ( 'NONE', #7, 1000.000000000000000 ) ;
#611 = CARTESIAN_POINT ( 'NONE',  ( -1126.591471453114536, 180.2576192696340343, 641.2173698921078540 ) ) ;
#612 = CARTESIAN_POINT ( 'NONE',  ( -1133.128678285555452, 198.4340840345011827, 668.4488098839350414 ) ) ;
#613 = CARTESIAN_POINT ( 'NONE',  ( 23.74999999999967315, 40.00000000000000000, 650.2499999999998863 ) ) ;
#614 = CARTESIAN_POINT ( 'NONE',  ( -22.04484036641234468, 562.7390274358521083, 550.5701166906364961 ) ) ;
#615 = EDGE_CURVE ( 'NONE', #8177, #9132, #5908, .T. ) ;
#616 = CARTESIAN_POINT ( 'NONE',  ( -23.43792780367615336, 571.7656773850195577, 570.5480322216053537 ) ) ;
#617 = VERTEX_POINT ( 'NONE', #9118 ) ;
#618 = FACE_OUTER_BOUND ( 'NONE', #9875, .T. ) ;
#619 = CARTESIAN_POINT ( 'NONE',  ( -1126.673413672475363, 182.7071159736119625, -640.9925026381873749 ) ) ;
#620 = CARTESIAN_POINT ( 'NONE',  ( -23.00000000000029843, 408.5786437626903762, -680.0000000000000000 ) ) ;
#621 = CARTESIAN_POINT ( 'NONE',  ( 39.99999999999965894, 30.00000000000000711, 720.0000000000000000 ) ) ;
#622 = CARTESIAN_POINT ( 'NONE',  ( -14.96639056353861008, 105.2477927488241392, -659.9734548798738842 ) ) ;
#623 = CARTESIAN_POINT ( 'NONE',  ( -1155.939231969545062, 916.0324258800945927, 131.7441933971212507 ) ) ;
#624 = VERTEX_POINT ( 'NONE', #376 ) ;
#625 = EDGE_CURVE ( 'NONE', #8788, #9781, #10158, .T. ) ;
#626 = LINE ( 'NONE', #1503, #3515 ) ;
#627 = VERTEX_POINT ( 'NONE', #3150 ) ;
#628 = CARTESIAN_POINT ( 'NONE',  ( -1127.748910269416228, 665.8560558527349258, 543.7322762715867839 ) ) ;
#629 = DIRECTION ( 'NONE',  ( -0.000000000000000000, 1.000000000000000000, -0.000000000000000000 ) ) ;
#630 = LINE ( 'NONE', #2952, #4812 ) ;
#631 = ADVANCED_FACE ( 'NONE', ( #8685, #1271 ), #2044, .F. ) ;
#632 = AXIS2_PLACEMENT_3D ( 'NONE', #1438, #9190, #5249 ) ;
#633 = DIRECTION ( 'NONE',  ( -1.656660919557851268E-16, 1.000000000000000000, 1.387778780781445676E-17 ) ) ;
#634 = CARTESIAN_POINT ( 'NONE',  ( -1140.892408657211035, 915.8554094385962117, -146.4132111446199929 ) ) ;
#635 = CARTESIAN_POINT ( 'NONE',  ( -491.3603698364570391, 927.8075601378757256, 158.2322691521393097 ) ) ;
#636 = EDGE_LOOP ( 'NONE', ( #6618, #2081 ) ) ;
#637 = EDGE_CURVE ( 'NONE', #4606, #557, #1514, .T. ) ;
#638 = VERTEX_POINT ( 'NONE', #9421 ) ;
#639 = CARTESIAN_POINT ( 'NONE',  ( -1125.371579698363348, 933.0269337729114341, 167.1955817824024848 ) ) ;
#640 = CARTESIAN_POINT ( 'NONE',  ( -21.61663035036558966, 601.3115017025837687, -537.6593489438693041 ) ) ;
#641 = DIRECTION ( 'NONE',  ( -1.110223024625143327E-15, -7.395570986447166969E-31, 1.000000000000000000 ) ) ;
#642 = CARTESIAN_POINT ( 'NONE',  ( 23.74999999999972289, 40.00000000000000000, -656.2500000000000000 ) ) ;
#643 = CARTESIAN_POINT ( 'NONE',  ( -1482.101636300528753, 344.9999999999999432, 173.2334895884946206 ) ) ;
#644 = CARTESIAN_POINT ( 'NONE',  ( -1133.077122256580424, 675.6292450200256781, -527.0220133920977332 ) ) ;
#645 = CARTESIAN_POINT ( 'NONE',  ( -1132.549068052992197, 202.9487971940176578, -667.9031114495439851 ) ) ;
#646 = CYLINDRICAL_SURFACE ( 'NONE', #566, 25.00000000000003197 ) ;
#647 = STYLED_ITEM ( 'NONE', ( #4467 ), #740 ) ;
#648 = EDGE_LOOP ( 'NONE', ( #8378, #7933 ) ) ;
#649 = CARTESIAN_POINT ( 'NONE',  ( -1133.275758262280533, 920.2238879606978799, -150.4730006439013437 ) ) ;
#650 = CARTESIAN_POINT ( 'NONE',  ( -1150.000000000000227, 577.2788963656059877, -628.4032655835093237 ) ) ;
#651 = FACE_OUTER_BOUND ( 'NONE', #6189, .T. ) ;
#652 = CYLINDRICAL_SURFACE ( 'NONE', #6693, 6.000000000000005329 ) ;
#653 = CARTESIAN_POINT ( 'NONE',  ( -23.67966092025668345, 83.93015100722499255, -688.0430902300804519 ) ) ;
#654 = CARTESIAN_POINT ( 'NONE',  ( -1126.250000000000455, 40.00000000000000000, -679.7499999999998863 ) ) ;
#655 = TOROIDAL_SURFACE ( 'NONE', #4775, 99.99999999999997158, 25.00000000000000711 ) ;
#656 = ORIENTED_EDGE ( 'NONE', *, *, #9324, .F. ) ;
#657 = CARTESIAN_POINT ( 'NONE',  ( -1479.774980188727795, 345.0000000000000568, -173.1926445299029638 ) ) ;
#658 = CIRCLE ( 'NONE', #475, 23.00000000000002132 ) ;
#659 = CARTESIAN_POINT ( 'NONE',  ( -1443.041541306736235, 334.9999999999999432, -203.6010951158150704 ) ) ;
#660 = CARTESIAN_POINT ( 'NONE',  ( -1125.007474887449689, 215.8946617163933581, 650.6113006613398966 ) ) ;
#661 = CARTESIAN_POINT ( 'NONE',  ( -1126.250000000000455, 30.00000000000000711, -673.7499999999996589 ) ) ;
#662 = CARTESIAN_POINT ( 'NONE',  ( 0.000000000000000000, 30.00000000000000711, 689.9999999999997726 ) ) ;
#663 = AXIS2_PLACEMENT_3D ( 'NONE', #6150, #7610, #9885 ) ;
#664 = CARTESIAN_POINT ( 'NONE',  ( -1149.999999999999091, 892.0461840472274844, 379.2016327917509102 ) ) ;
#665 = VERTEX_POINT ( 'NONE', #6246 ) ;
#666 = DIRECTION ( 'NONE',  ( 0.000000000000000000, 0.000000000000000000, 1.000000000000000000 ) ) ;
#667 = CARTESIAN_POINT ( 'NONE',  ( -1128.031813059141086, 211.1208931295034006, -638.0576060771049924 ) ) ;
#668 = DIRECTION ( 'NONE',  ( 0.04118683666227203333, 0.9991514622347080765, 0.000000000000000000 ) ) ;
#669 = CARTESIAN_POINT ( 'NONE',  ( -1144.143755105322953, 914.9085384716028102, -145.4814485925714678 ) ) ;
#670 = CARTESIAN_POINT ( 'NONE',  ( -15.74257583588270215, 95.12516339311093816, -660.5768436719090460 ) ) ;
#671 =( NAMED_UNIT ( * ) SI_UNIT ( $, .STERADIAN. ) SOLID_ANGLE_UNIT ( ) );
#672 = ORIENTED_EDGE ( 'NONE', *, *, #8871, .T. ) ;
#673 = CARTESIAN_POINT ( 'NONE',  ( -488.0916379888687970, 929.6214406390689646, -148.4011804769271805 ) ) ;
#674 = ORIENTED_EDGE ( 'NONE', *, *, #4242, .T. ) ;
#675 = ORIENTED_EDGE ( 'NONE', *, *, #3298, .F. ) ;
#676 = EDGE_CURVE ( 'NONE', #6186, #977, #5077, .T. ) ;
#677 = CARTESIAN_POINT ( 'NONE',  ( -1145.301162190705327, 682.5163920956550783, 513.7667445489746569 ) ) ;
#678 = CARTESIAN_POINT ( 'NONE',  ( -491.3640804654172030, 927.8050529380749367, 141.7575354173343385 ) ) ;
#679 = CARTESIAN_POINT ( 'NONE',  ( -20.47043928987027783, 602.4022006482094866, 539.4776543131321205 ) ) ;
#680 = AXIS2_PLACEMENT_3D ( 'NONE', #8813, #3230, #8035 ) ;
#681 = B_SPLINE_CURVE_WITH_KNOTS ( 'NONE', 3,
 ( #3212, #3068, #5391, #756, #10098, #4722, #3890, #5538, #1523, #9517, #8696, #1427, #6307, #1576, #5438, #5496, #3022, #7825, #8546, #4766, #4620, #10202, #7918, #645, #3984, #7874, #3115, #7768, #3159, #805, #7714, #7136, #697, #3840, #3937, #8599, #7088, #73, #6989, #2448, #6207, #8496, #10154, #9430, #23, #6400, #9615, #4225, #1099, #8786, #5780, #8941, #7972, #7378, #9770, #4130, #3351, #901 ),
 .UNSPECIFIED., .F., .F.,
 ( 4, 2, 2, 2, 2, 2, 2, 2, 2, 2, 2, 2, 2, 2, 2, 2, 2, 2, 2, 2, 2, 2, 2, 2, 2, 2, 2, 2, 4 ),
 ( 1.144391699630559363E-16, 0.003673292818687933729, 0.005509939228031899075, 0.007346585637375863988, 0.009183232046719828900, 0.01101987845606379468, 0.01469317127475176614, 0.01652981768409575100, 0.01836646409343973760, 0.02203975691212820692, 0.02295808011680046737, 0.02387640332147273128, 0.02571304973081707523, 0.02754969614016141918, 0.02846801934483361718, 0.02938634254950581864, 0.03122298895885020423, 0.03305963536819458981, 0.03673292818688327771, 0.03856957459622775003, 0.04040622100557222929, 0.04407951382426111842, 0.04591616023360556298, 0.04775280664295000754, 0.05142609946163895218, 0.05509939228032788988, 0.05601771548499997339, 0.05693603868967204301, 0.05877268509901659860 ),
 .UNSPECIFIED. ) ;
#682 = CARTESIAN_POINT ( 'NONE',  ( -1165.514298113984296, 920.6084309895652495, -133.0878109882438025 ) ) ;
#683 = CARTESIAN_POINT ( 'NONE',  ( -8.351717713803608945, 592.6970488882529935, 570.2953970170727871 ) ) ;
#684 = CARTESIAN_POINT ( 'NONE',  ( -22.32900141059601751, 87.40256115207412790, 668.7441385270199135 ) ) ;
#685 = SURFACE_STYLE_USAGE ( .BOTH. , #748 ) ;
#686 = EDGE_LOOP ( 'NONE', ( #5610, #4110, #7330, #934, #3644 ) ) ;
#687 = VERTEX_POINT ( 'NONE', #2295 ) ;
#688 = CARTESIAN_POINT ( 'NONE',  ( -1126.872724981288457, 947.0726038188834082, 165.4143343434737403 ) ) ;
#689 = PRESENTATION_STYLE_ASSIGNMENT (( #8489 ) ) ;
#690 = CARTESIAN_POINT ( 'NONE',  ( -14.11253391879154684, 602.7943645324820636, -551.7231539444987902 ) ) ;
#691 = CARTESIAN_POINT ( 'NONE',  ( -494.7232688938786396, 921.7276648942942074, -302.7158385259953093 ) ) ;
#692 = DIRECTION ( 'NONE',  ( 1.000000000000000000, 0.000000000000000000, 0.000000000000000000 ) ) ;
#693 = CARTESIAN_POINT ( 'NONE',  ( -1149.999999999999773, 577.2788963656111036, 628.4032655835001151 ) ) ;
#694 = FACE_OUTER_BOUND ( 'NONE', #4154, .T. ) ;
#695 = ADVANCED_FACE ( 'NONE', ( #1565 ), #3107, .T. ) ;
#696 = CARTESIAN_POINT ( 'NONE',  ( -480.0430627306076872, 911.3117373309971754, 302.7158385259952524 ) ) ;
#697 = CARTESIAN_POINT ( 'NONE',  ( -1133.060446383667568, 196.8755159280727867, -668.3864808137594764 ) ) ;
#698 = CIRCLE ( 'NONE', #8615, 6.000000000000116351 ) ;
#699 = CARTESIAN_POINT ( 'NONE',  ( -1167.744231710345957, 922.5501776221867658, 134.0106065619487765 ) ) ;
#700 = ORIENTED_EDGE ( 'NONE', *, *, #6912, .F. ) ;
#701 = VECTOR ( 'NONE', #2564, 1000.000000000000000 ) ;
#702 = CARTESIAN_POINT ( 'NONE',  ( -1548.041541306736235, 345.0000000000000000, 183.6010951158157241 ) ) ;
#703 = AXIS2_PLACEMENT_3D ( 'NONE', #3308, #8792, #1532 ) ;
#704 = CARTESIAN_POINT ( 'NONE',  ( -40.00000000000034106, 30.00000000000000711, 0.000000000000000000 ) ) ;
#705 = AXIS2_PLACEMENT_3D ( 'NONE', #7535, #9702, #3603 ) ;
#706 = CARTESIAN_POINT ( 'NONE',  ( -13.85961355914476378, 602.6149120019068732, -552.3312450094980477 ) ) ;
#707 = FACE_OUTER_BOUND ( 'NONE', #2168, .T. ) ;
#708 = CARTESIAN_POINT ( 'NONE',  ( -24.23544771296859324, 83.20079674607100628, -686.1721018783530326 ) ) ;
#709 = DIRECTION ( 'NONE',  ( 0.000000000000000000, 0.000000000000000000, -1.000000000000000000 ) ) ;
#710 = ORIENTED_EDGE ( 'NONE', *, *, #2612, .F. ) ;
#711 = DIRECTION ( 'NONE',  ( 0.08662961636484152461, 0.9962405881956829523, 0.000000000000000000 ) ) ;
#712 = CARTESIAN_POINT ( 'NONE',  ( -1125.714671422877927, 178.9424228803763697, 643.9296713082975430 ) ) ;
#713 = AXIS2_PLACEMENT_3D ( 'NONE', #8343, #4149, #233 ) ;
#714 = TOROIDAL_SURFACE ( 'NONE', #224, 1749.999999999999545, 25.00000000000000711 ) ;
#715 = CARTESIAN_POINT ( 'NONE',  ( -1133.126871904875316, 198.7457436251634135, 668.4471607626753666 ) ) ;
#716 = DIRECTION ( 'NONE',  ( 0.08662961636484152461, 0.9962405881956829523, 0.000000000000000000 ) ) ;
#717 = DIRECTION ( 'NONE',  ( 1.084036547835517787E-17, -0.7840326558350858566, -0.6207195780577426936 ) ) ;
#718 = AXIS2_PLACEMENT_3D ( 'NONE', #2825, #1078, #9139 ) ;
#719 = DIRECTION ( 'NONE',  ( 4.614472616192960960E-16, -0.7071067811865479058, -0.7071067811865470176 ) ) ;
#720 = ORIENTED_EDGE ( 'NONE', *, *, #213, .F. ) ;
#721 = CARTESIAN_POINT ( 'NONE',  ( -16.13625182927236068, 584.2129256519788214, -572.7915694146694250 ) ) ;
#722 = CARTESIAN_POINT ( 'NONE',  ( -1129.256150210572287, 953.7047999539256580, -140.8389488657738866 ) ) ;
#723 = FACE_OUTER_BOUND ( 'NONE', #841, .T. ) ;
#724 = CARTESIAN_POINT ( 'NONE',  ( -10.91622726716901326, 587.9819222415781041, -573.8095638143507813 ) ) ;
#725 = CARTESIAN_POINT ( 'NONE',  ( -21.36076472978937701, 86.14641364423387415, -666.9548855907377174 ) ) ;
#726 = CARTESIAN_POINT ( 'NONE',  ( -1162.086598263260839, 918.5211373209870089, 130.6597776863021352 ) ) ;
#727 = ORIENTED_EDGE ( 'NONE', *, *, #3966, .F. ) ;
#728 = CARTESIAN_POINT ( 'NONE',  ( -20.20376525359463216, 112.9080446439676280, -665.2694815190752706 ) ) ;
#729 = EDGE_LOOP ( 'NONE', ( #4431, #2466 ) ) ;
#730 = AXIS2_PLACEMENT_3D ( 'NONE', #3596, #4481, #9351 ) ;
#731 = ORIENTED_EDGE ( 'NONE', *, *, #6084, .F. ) ;
#732 =( GEOMETRIC_REPRESENTATION_CONTEXT ( 3 ) GLOBAL_UNCERTAINTY_ASSIGNED_CONTEXT ( ( #4894 ) ) GLOBAL_UNIT_ASSIGNED_CONTEXT ( ( #3327, #4006, #1072 ) ) REPRESENTATION_CONTEXT ( 'NONE', 'WORKASPACE' ) );
#733 = CARTESIAN_POINT ( 'NONE',  ( -1140.126087577041062, 680.7913779295507766, 517.1373219178800582 ) ) ;
#734 = CARTESIAN_POINT ( 'NONE',  ( -1173.750000000000227, 40.00000000000000000, -673.7499999999997726 ) ) ;
#735 = DIRECTION ( 'NONE',  ( 1.091107039334787751E-15, -2.115144935513907174E-15, 1.000000000000000000 ) ) ;
#736 = B_SPLINE_CURVE_WITH_KNOTS ( 'NONE', 3,
 ( #8761, #6373, #8717, #1596, #970, #776, #3090, #1691, #5461, #10176, #8619, #1547, #10224, #6278, #4742, #7108, #1832, #8858, #7348, #1782, #1173, #8243, #186, #4304, #8908, #8295, #4972, #7459, #5127, #9018, #4248, #3324, #383, #8190, #3534, #9682, #7401, #9731, #1070, #4099, #6676, #9844, #8137, #4148, #2765, #332, #4919, #5072, #277, #4196, #9070, #1937, #5855, #3369, #2610, #3416, #7298, #232, #8962, #6568, #2715, #1118, #2660, #2565, #6468, #8088, #5025, #5804, #6517, #1017 ),
 .UNSPECIFIED., .F., .F.,
 ( 4, 2, 2, 2, 2, 2, 2, 2, 2, 2, 2, 2, 2, 2, 2, 2, 2, 2, 2, 2, 2, 2, 2, 2, 2, 2, 2, 2, 2, 2, 2, 2, 2, 2, 4 ),
 ( 0.1063032858000003272, 0.1085999260141793793, 0.1108965662283584314, 0.1120448863354477909, 0.1131932064425371642, 0.1154898466567160498, 0.1166381667638057562, 0.1177864868708954627, 0.1200831270850752364, 0.1223797672992549962, 0.1246764075134347560, 0.1292696879417946643, 0.1315663281559747710, 0.1338629683701548778, 0.1384562487985157297, 0.1430495292268765817, 0.1453461694410573546, 0.1464944895481477549, 0.1476428096552381553, 0.1522360900835991460, 0.1545327302977799466, 0.1568293705119607195, 0.1591260107261415202, 0.1614226509403223209, 0.1660159313686846716, 0.1683125715828658331, 0.1706092117970470223, 0.1717575319041376170, 0.1729058520112282671, 0.1752024922254092343, 0.1763508123324998567, 0.1774991324395904790, 0.1786474525466811292, 0.1792216126002265930, 0.1797957726537720569 ),
 .UNSPECIFIED. ) ;
#737 = EDGE_CURVE ( 'NONE', #977, #5486, #1143, .T. ) ;
#738 = AXIS2_PLACEMENT_3D ( 'NONE', #864, #2556, #8029 ) ;
#739 = CARTESIAN_POINT ( 'NONE',  ( -500.0131168391433789, 910.0542323097009785, -131.8388163265566675 ) ) ;
#740 = MANIFOLD_SOLID_BREP ( 'Kes-Ekstr\X2\00fc\X0\zyon1[1]', #2541 ) ;
#741 = AXIS2_PLACEMENT_3D ( 'NONE', #2748, #2956, #7497 ) ;
#742 = CIRCLE ( 'NONE', #6479, 23.00000000000002132 ) ;
#743 = EDGE_CURVE ( 'NONE', #5561, #1836, #1646, .T. ) ;
#744 = PLANE ( 'NONE',  #6653 ) ;
#745 = EDGE_CURVE ( 'NONE', #3258, #9895, #2460, .T. ) ;
#746 = ADVANCED_FACE ( 'NONE', ( #10189 ), #7751, .T. ) ;
#747 = CARTESIAN_POINT ( 'NONE',  ( -24.97070966383485313, 122.2468380240120496, 678.6013739339693984 ) ) ;
#748 = SURFACE_SIDE_STYLE ('',( #7813 ) ) ;
#749 = TOROIDAL_SURFACE ( 'NONE', #7830, 100.0000000000001990, 23.00000000000000711 ) ;
#750 = ORIENTED_EDGE ( 'NONE', *, *, #8942, .F. ) ;
#751 = ORIENTED_EDGE ( 'NONE', *, *, #9470, .F. ) ;
#752 = ADVANCED_FACE ( 'NONE', ( #836 ), #8585, .F. ) ;
#753 = CARTESIAN_POINT ( 'NONE',  ( -1127.449549011058934, 926.7614817582353908, 163.9846598519042402 ) ) ;
#754 = CARTESIAN_POINT ( 'NONE',  ( -22.47997729545461354, 566.6317936095811092, -547.6813273656028969 ) ) ;
#755 = DIRECTION ( 'NONE',  ( -0.000000000000000000, 1.000000000000000000, -0.000000000000000000 ) ) ;
#756 = CARTESIAN_POINT ( 'NONE',  ( -1125.467684492753051, 215.4347535026811613, -654.8506210104334286 ) ) ;
#757 = DIRECTION ( 'NONE',  ( -1.457987752832361557E-15, 1.276756478318930021E-15, -1.000000000000000000 ) ) ;
#758 = VECTOR ( 'NONE', #7869, 1000.000000000000000 ) ;
#759 = ORIENTED_EDGE ( 'NONE', *, *, #5888, .F. ) ;
#760 = FACE_OUTER_BOUND ( 'NONE', #3467, .T. ) ;
#761 = AXIS2_PLACEMENT_3D ( 'NONE', #8648, #1470, #5580 ) ;
#762 = CARTESIAN_POINT ( 'NONE',  ( -1110.000000000000000, 30.00000000000000711, 609.9999999999997726 ) ) ;
#763 = SURFACE_SIDE_STYLE ('',( #2309 ) ) ;
#764 = CARTESIAN_POINT ( 'NONE',  ( 23.74999999999972289, 30.00000000000000711, -709.7500000000000000 ) ) ;
#765 = DIRECTION ( 'NONE',  ( 0.8596027534348208432, -0.5109629206579225924, 0.000000000000000000 ) ) ;
#766 = ADVANCED_FACE ( 'NONE', ( #1652 ), #5308, .F. ) ;
#767 = ORIENTED_EDGE ( 'NONE', *, *, #64, .T. ) ;
#768 = CYLINDRICAL_SURFACE ( 'NONE', #3882, 23.00000000000000711 ) ;
#769 = CARTESIAN_POINT ( 'NONE',  ( -1160.605809249709864, 914.4783505270189607, 168.4682634742417235 ) ) ;
#770 = CARTESIAN_POINT ( 'NONE',  ( -491.3640804654172030, 927.8050529380749367, -157.9675354477623159 ) ) ;
#771 = CARTESIAN_POINT ( 'NONE',  ( -1134.863494992691130, 918.6307976543869245, 153.5677231351159548 ) ) ;
#772 = CARTESIAN_POINT ( 'NONE',  ( -21.38392695711807079, 563.1590324356866404, 548.4755498213228293 ) ) ;
#773 = DIRECTION ( 'NONE',  ( 0.000000000000000000, -1.000000000000000000, 0.000000000000000000 ) ) ;
#774 = ORIENTED_EDGE ( 'NONE', *, *, #1069, .F. ) ;
#775 = CARTESIAN_POINT ( 'NONE',  ( -1125.005965406416635, 215.8543942354090461, -649.3728146378966812 ) ) ;
#776 = CARTESIAN_POINT ( 'NONE',  ( -1127.425259536162457, 655.5820669009265202, -552.7087507500507400 ) ) ;
#777 = DIRECTION ( 'NONE',  ( 0.000000000000000000, 0.7071067811865463515, 0.7071067811865486830 ) ) ;
#778 = FACE_OUTER_BOUND ( 'NONE', #2090, .T. ) ;
#779 = CARTESIAN_POINT ( 'NONE',  ( -1150.800038762467921, 915.1321043536735260, 134.1621944041761765 ) ) ;
#780 = AXIS2_PLACEMENT_3D ( 'NONE', #2442, #4760, #113 ) ;
#781 = EDGE_CURVE ( 'NONE', #4425, #6529, #3002, .T. ) ;
#782 = EDGE_LOOP ( 'NONE', ( #10194, #5169, #1647, #472, #354, #9336 ) ) ;
#783 = CARTESIAN_POINT ( 'NONE',  ( -17.09882157539578529, 104.3677003485022965, -661.7615326179842441 ) ) ;
#784 = ORIENTED_EDGE ( 'NONE', *, *, #3176, .F. ) ;
#785 = CIRCLE ( 'NONE', #6522, 25.00000000000002132 ) ;
#786 = ORIENTED_EDGE ( 'NONE', *, *, #9509, .T. ) ;
#787 = LINE ( 'NONE', #6382, #936 ) ;
#788 = CARTESIAN_POINT ( 'NONE',  ( -493.5247033119841262, 926.1145613412328430, 138.9246014605118944 ) ) ;
#789 = LINE ( 'NONE', #5528, #181 ) ;
#790 = CARTESIAN_POINT ( 'NONE',  ( -1167.465302423161347, 922.2839991355798475, -133.8628135575920908 ) ) ;
#791 = CARTESIAN_POINT ( 'NONE',  ( -10.90485242680519562, 587.9976416687771916, 573.8013289776055217 ) ) ;
#792 = CARTESIAN_POINT ( 'NONE',  ( -24.26514310430671273, 121.4633238333341438, 673.8298471153331093 ) ) ;
#793 = DIRECTION ( 'NONE',  ( 0.000000000000000000, 1.000000000000000000, 0.000000000000000000 ) ) ;
#794 = EDGE_CURVE ( 'NONE', #1604, #3431, #36, .T. ) ;
#795 = VERTEX_POINT ( 'NONE', #4652 ) ;
#796 = ORIENTED_EDGE ( 'NONE', *, *, #3888, .T. ) ;
#797 = CARTESIAN_POINT ( 'NONE',  ( -1190.000000000000227, 30.00000000000000711, 609.9999999999997726 ) ) ;
#798 =( LENGTH_UNIT ( ) NAMED_UNIT ( * ) SI_UNIT ( .MILLI., .METRE. ) );
#799 = EDGE_CURVE ( 'NONE', #9542, #4559, #8772, .T. ) ;
#800 = CIRCLE ( 'NONE', #9211, 23.00000000000004974 ) ;
#801 = CARTESIAN_POINT ( 'NONE',  ( -40.00000000000028422, 30.00000000000000711, 0.000000000000000000 ) ) ;
#802 = CARTESIAN_POINT ( 'NONE',  ( -1133.971613663779635, 920.4352049406703600, -140.7518937563247334 ) ) ;
#803 = FILL_AREA_STYLE_COLOUR ( '', #1648 ) ;
#804 = CARTESIAN_POINT ( 'NONE',  ( -1173.750000000000227, 30.00000000000000711, 673.7499999999997726 ) ) ;
#805 = CARTESIAN_POINT ( 'NONE',  ( -1133.127283943619432, 198.7171353224568975, -668.4475371450126886 ) ) ;
#806 = CARTESIAN_POINT ( 'NONE',  ( -1170.586908640280399, 925.8052449874361400, 136.3419399394613265 ) ) ;
#807 = COLOUR_RGB ( '',0.6470588235294117974, 0.6196078431372549211, 0.5882352941176470784 ) ;
#808 = ORIENTED_EDGE ( 'NONE', *, *, #9597, .F. ) ;
#809 = EDGE_LOOP ( 'NONE', ( #1657, #6619, #2807, #1844 ) ) ;
#810 = CARTESIAN_POINT ( 'NONE',  ( -1127.702095496327956, 949.0418811601641664, -164.1341856078743717 ) ) ;
#811 = EDGE_CURVE ( 'NONE', #3413, #909, #7954, .T. ) ;
#812 = CARTESIAN_POINT ( 'NONE',  ( -16.13625182927236068, 584.2129256519788214, -572.7915694146694250 ) ) ;
#813 = CARTESIAN_POINT ( 'NONE',  ( -1174.166684360696308, 933.2043063109197192, -141.4161824892009918 ) ) ;
#814 =( BOUNDED_CURVE ( )  B_SPLINE_CURVE ( 3, ( #2459, #7099, #34, #3171 ),
 .UNSPECIFIED., .F., .T. ) 
 B_SPLINE_CURVE_WITH_KNOTS ( ( 4, 4 ),
 ( 1.570796326794897002, 3.182791143736313000 ),
 .UNSPECIFIED. ) 
 CURVE ( )  GEOMETRIC_REPRESENTATION_ITEM ( )  RATIONAL_B_SPLINE_CURVE ( ( 1.000000000000000000, 0.7949279518600530503, 0.7949279518600530503, 1.000000000000000000 ) ) 
 REPRESENTATION_ITEM ( '' )  );
#815 = CARTESIAN_POINT ( 'NONE',  ( -24.99027862938592648, 122.2485396731904643, -679.3028816272169479 ) ) ;
#816 =( NAMED_UNIT ( * ) SI_UNIT ( $, .STERADIAN. ) SOLID_ANGLE_UNIT ( ) );
#817 = EDGE_LOOP ( 'NONE', ( #1773, #4863, #496, #608 ) ) ;
#818 = CARTESIAN_POINT ( 'NONE',  ( -1135.186426555661910, 195.4048261673143827, -670.1389835534840813 ) ) ;
#819 = CARTESIAN_POINT ( 'NONE',  ( -1160.168593768030632, 914.2875770992816342, 168.3691000049545892 ) ) ;
#820 = CARTESIAN_POINT ( 'NONE',  ( -499.0255860060682949, 917.7304755037689574, -166.8716967169025338 ) ) ;
#821 = CARTESIAN_POINT ( 'NONE',  ( -1129.056786591871514, 951.3202083816627237, 164.9046645569966358 ) ) ;
#822 = DIRECTION ( 'NONE',  ( -1.000000000000000000, -5.551115123125780730E-16, 0.000000000000000000 ) ) ;
#823 = DIRECTION ( 'NONE',  ( 0.000000000000000000, 1.000000000000000000, 0.000000000000000000 ) ) ;
#824 = ORIENTED_EDGE ( 'NONE', *, *, #2129, .F. ) ;
#825 = DIRECTION ( 'NONE',  ( 0.000000000000000000, -3.663341854709190120E-15, 1.000000000000000000 ) ) ;
#826 = CARTESIAN_POINT ( 'NONE',  ( -1131.861468958356909, 956.1961616909067061, -149.8589658088310159 ) ) ;
#827 = CARTESIAN_POINT ( 'NONE',  ( -5.551115123125782702E-14, 570.7106781186550961, 559.2893218813455860 ) ) ;
#828 = CARTESIAN_POINT ( 'NONE',  ( 23.74999999999972289, 40.00000000000000000, -697.7500000000000000 ) ) ;
#829 = ORIENTED_EDGE ( 'NONE', *, *, #10076, .T. ) ;
#830 = CARTESIAN_POINT ( 'NONE',  ( -17.24290857520226439, 97.96206474832820277, -661.8978358085461196 ) ) ;
#831 = ORIENTED_EDGE ( 'NONE', *, *, #6835, .T. ) ;
#832 = EDGE_CURVE ( 'NONE', #9049, #2425, #7294, .T. ) ;
#833 = AXIS2_PLACEMENT_3D ( 'NONE', #8385, #5945, #1315 ) ;
#834 = ORIENTED_EDGE ( 'NONE', *, *, #8251, .T. ) ;
#835 = CARTESIAN_POINT ( 'NONE',  ( -1149.999999999999545, 892.0461840472235053, -379.2016327917541503 ) ) ;
#836 = FACE_OUTER_BOUND ( 'NONE', #2493, .T. ) ;
#837 = DIRECTION ( 'NONE',  ( -0.5106616124301163184, -0.8590958568053637112, 0.03433695400194439890 ) ) ;
#838 = CARTESIAN_POINT ( 'NONE',  ( -499.4490437585981226, 906.4370685890296500, -132.6346483102657885 ) ) ;
#839 = CARTESIAN_POINT ( 'NONE',  ( -23.24445865481144935, 120.1700011950321141, 670.7750034482173760 ) ) ;
#840 = DIRECTION ( 'NONE',  ( 0.000000000000000000, -0.000000000000000000, 1.000000000000000000 ) ) ;
#841 = EDGE_LOOP ( 'NONE', ( #3967, #6027, #5866, #6735, #2297, #9094 ) ) ;
#842 = AXIS2_PLACEMENT_3D ( 'NONE', #1887, #7249, #3471 ) ;
#843 = VERTEX_POINT ( 'NONE', #6288 ) ;
#844 = LINE ( 'NONE', #6394, #3235 ) ;
#845 = CARTESIAN_POINT ( 'NONE',  ( -19.84796873707776399, 579.2547112758935555, 572.2461721169647717 ) ) ;
#846 = CARTESIAN_POINT ( 'NONE',  ( -1174.349892816519741, 933.1918901008183411, -150.4594289888709113 ) ) ;
#847 = LINE ( 'NONE', #5495, #2539 ) ;
#848 = CIRCLE ( 'NONE', #515, 24.99999999999996092 ) ;
#849 = CARTESIAN_POINT ( 'NONE',  ( -1129.814151887296930, 211.2602759046548897, -635.2107712208735393 ) ) ;
#850 = MANIFOLD_SOLID_BREP ( 'Buda/Uzat5', #9800 ) ;
#851 = FACE_OUTER_BOUND ( 'NONE', #230, .T. ) ;
#852 = ORIENTED_EDGE ( 'NONE', *, *, #502, .F. ) ;
#853 = EDGE_LOOP ( 'NONE', ( #1198, #9423, #8292, #3206 ) ) ;
#854 = DIRECTION ( 'NONE',  ( 1.000000000000000000, 0.000000000000000000, -2.413528314402513498E-15 ) ) ;
#855 = DIRECTION ( 'NONE',  ( -1.000000000000000000, 0.000000000000000000, 0.000000000000000000 ) ) ;
#856 = CARTESIAN_POINT ( 'NONE',  ( -1173.361176043687465, 930.9110203483824080, -138.4494001385809270 ) ) ;
#857 = CARTESIAN_POINT ( 'NONE',  ( -1130.185781974791553, 924.5968088620804792, 137.9112652458568107 ) ) ;
#858 = B_SPLINE_CURVE_WITH_KNOTS ( 'NONE', 3,
 ( #2785, #9149, #8984, #2015, #9037, #7422, #8156, #1088, #7365, #297, #5045, #8260, #8207, #1138, #6640, #9809, #3046, #10023, #8621, #4545, #1402, #7691, #6077, #10070, #6182, #622, #4436, #5309, #9359, #6955, #5465, #2281, #9976, #2183, #2893, #8417, #5365, #3092, #8575, #670, #7586, #512, #2229, #8521, #3658, #7792, #6033, #3759, #725, #6808, #1344, #8472, #4643, #9202, #2126, #1448, #5259, #1499, #5414, #9302, #6232, #4491, #4592, #7739 ),
 .UNSPECIFIED., .F., .F.,
 ( 4, 2, 2, 2, 2, 2, 2, 2, 2, 2, 2, 2, 2, 2, 2, 2, 2, 2, 2, 2, 2, 2, 2, 2, 2, 2, 2, 2, 2, 2, 2, 4 ),
 ( 0.000000000000000000, 0.004146057922981925999, 0.005182572403727484477, 0.006219086884473043822, 0.008292115845963843324, 0.01036514480745464456, 0.01243817376894544406, 0.01658423169192680888, 0.01865726065341759624, 0.02073028961490838012, 0.02487634753788975708, 0.02694937649938044730, 0.02902240546087113751, 0.03109543442236182773, 0.03213194890310713120, 0.03316846338385243814, 0.03524149234534307978, 0.03627800682608842142, 0.03731452130683377000, 0.03938755026832443246, 0.04146057922981510185, 0.04560663715279644065, 0.04767966611428712392, 0.04975269507577780026, 0.05389875299875916681, 0.05493526747950443906, 0.05597178196024971131, 0.05804481092174025580, 0.06011783988323080724, 0.06115435436397592683, 0.06219086884472104643, 0.06633692676770057417 ),
 .UNSPECIFIED. ) ;
#859 = EDGE_CURVE ( 'NONE', #6116, #7044, #2388, .T. ) ;
#860 = FACE_OUTER_BOUND ( 'NONE', #2570, .T. ) ;
#861 = VERTEX_POINT ( 'NONE', #5819 ) ;
#862 = CARTESIAN_POINT ( 'NONE',  ( -1125.201288715133842, 177.9114801591437072, -653.4506185643145955 ) ) ;
#863 = CARTESIAN_POINT ( 'NONE',  ( -1150.000000000000227, 515.2069385598298368, -549.9999999999982947 ) ) ;
#864 = CARTESIAN_POINT ( 'NONE',  ( -1150.000000000000227, 515.2069385598407507, -650.0000000000015916 ) ) ;
#865 = AXIS2_PLACEMENT_3D ( 'NONE', #734, #3875, #6341 ) ;
#866 = CARTESIAN_POINT ( 'NONE',  ( -1126.294745604828449, 945.2097073158083731, 168.5091183616732167 ) ) ;
#867 = ADVANCED_FACE ( 'NONE', ( #9652 ), #1085, .T. ) ;
#869 = EDGE_CURVE ( 'NONE', #9025, #2410, #504, .T. ) ;
#868 = VECTOR ( 'NONE', #6372, 1000.000000000000000 ) ;
#870 = CARTESIAN_POINT ( 'NONE',  ( -24.97930845675931977, 589.1416584834045125, 531.5010106481668117 ) ) ;
#871 = AXIS2_PLACEMENT_3D ( 'NONE', #439, #9899, #5240 ) ;
#872 = CARTESIAN_POINT ( 'NONE',  ( -25.02368401963614275, 565.6459506636269907, 562.8884654409388304 ) ) ;
#873 = EDGE_LOOP ( 'NONE', ( #4014, #6824, #8959, #3374 ) ) ;
#874 = EDGE_CURVE ( 'NONE', #6791, #2245, #2629, .T. ) ;
#875 = CARTESIAN_POINT ( 'NONE',  ( -1443.041541306736235, 334.9999999999999432, 203.6010951158156104 ) ) ;
#876 = CARTESIAN_POINT ( 'NONE',  ( -1563.041541306736235, 345.0000000000000000, 203.6010951158155535 ) ) ;
#877 = DIRECTION ( 'NONE',  ( 0.000000000000000000, -1.000000000000000000, 0.000000000000000000 ) ) ;
#878 = CARTESIAN_POINT ( 'NONE',  ( -1143.667475115184061, 914.8729020993825998, 147.3193467201764690 ) ) ;
#879 = CARTESIAN_POINT ( 'NONE',  ( -500.0430627306077440, 911.3117373309971754, -129.7461379228402336 ) ) ;
#881 = CARTESIAN_POINT ( 'NONE',  ( -1170.083096853813686, 648.7637485278351051, 552.8030297026519975 ) ) ;
#880 = VECTOR ( 'NONE', #7399, 1000.000000000000000 ) ;
#882 = EDGE_LOOP ( 'NONE', ( #1898, #5534, #3829, #2128, #2750 ) ) ;
#883 = CARTESIAN_POINT ( 'NONE',  ( -17.78020063834351916, 95.93008899739088235, -662.4238804548900816 ) ) ;
#884 = EDGE_LOOP ( 'NONE', ( #7556, #2114 ) ) ;
#885 = EDGE_CURVE ( 'NONE', #8349, #5892, #5946, .T. ) ;
#886 = ORIENTED_EDGE ( 'NONE', *, *, #7268, .T. ) ;
#887 = DIRECTION ( 'NONE',  ( 0.000000000000000000, -1.000000000000000000, 0.000000000000000000 ) ) ;
#888 = CARTESIAN_POINT ( 'NONE',  ( -488.5895153899476213, 929.3958264945999872, 146.7582977982937109 ) ) ;
#889 = CARTESIAN_POINT ( 'NONE',  ( -500.0430627306077440, 911.3117373309971754, 302.7158385259952524 ) ) ;
#890 = DIRECTION ( 'NONE',  ( 0.000000000000000000, 1.000000000000000000, 0.000000000000000000 ) ) ;
#891 = DIRECTION ( 'NONE',  ( 0.000000000000000000, 0.000000000000000000, -1.000000000000000000 ) ) ;
#892 = CARTESIAN_POINT ( 'NONE',  ( -1127.719648780181160, 928.9311631955953317, 131.9947683782378931 ) ) ;
#893 = VERTEX_POINT ( 'NONE', #4691 ) ;
#894 = VERTEX_POINT ( 'NONE', #9299 ) ;
#895 = CARTESIAN_POINT ( 'NONE',  ( -2.620985795343624166E-14, 553.0330085889909242, 541.6116523516819825 ) ) ;
#896 = CARTESIAN_POINT ( 'NONE',  ( -18.75897178215183558, 580.7365126978608032, 572.6473130268191198 ) ) ;
#897 = AXIS2_PLACEMENT_3D ( 'NONE', #1972, #2032, #6097 ) ;
#898 = CARTESIAN_POINT ( 'NONE',  ( -1190.000000000000227, 30.00000000000000711, 689.9999999999997726 ) ) ;
#899 = CARTESIAN_POINT ( 'NONE',  ( -12.39588558054704315, 586.0622581786028604, -574.6409019412934640 ) ) ;
#900 = CARTESIAN_POINT ( 'NONE',  ( -10.95570237615872422, 593.5175165662592462, 567.6625139002309197 ) ) ;
#901 = CARTESIAN_POINT ( 'NONE',  ( -1125.009595787835678, 179.7589966031966924, -650.6926018427853933 ) ) ;
#902 = CARTESIAN_POINT ( 'NONE',  ( -1173.380614733818902, 930.6972304389586270, 142.0480787158909664 ) ) ;
#903 = CIRCLE ( 'NONE', #9803, 20.00000000000005684 ) ;
#904 = ORIENTED_EDGE ( 'NONE', *, *, #7433, .T. ) ;
#905 = DIRECTION ( 'NONE',  ( -0.000000000000000000, 1.000000000000000000, -0.000000000000000000 ) ) ;
#906 = CARTESIAN_POINT ( 'NONE',  ( -1482.101636300528753, 345.0000000000000568, -137.2122483282601024 ) ) ;
#907 = CARTESIAN_POINT ( 'NONE',  ( -1154.645317739182701, 915.7145268766937534, -132.2257613572623143 ) ) ;
#908 = CARTESIAN_POINT ( 'NONE',  ( 7.859200291410730545E-14, 500.0000000000000000, 488.5786437626906604 ) ) ;
#909 = VERTEX_POINT ( 'NONE', #4640 ) ;
#910 = CARTESIAN_POINT ( 'NONE',  ( -1548.041541306736235, 345.0000000000000000, -153.6010951158152409 ) ) ;
#911 = DIRECTION ( 'NONE',  ( -4.614472616192961946E-16, 0.7071067811865480168, -0.7071067811865471286 ) ) ;
#912 = CARTESIAN_POINT ( 'NONE',  ( 23.74999999999988276, 30.00000000000000711, 703.7500000000001137 ) ) ;
#913 = CARTESIAN_POINT ( 'NONE',  ( -1125.715225707590662, 931.0946868127487051, 168.7143262149523366 ) ) ;
#914 = CARTESIAN_POINT ( 'NONE',  ( -22.45001754876978595, 575.1303197785889552, 536.2489810355556301 ) ) ;
#915 = EDGE_CURVE ( 'NONE', #9064, #9567, #7789, .T. ) ;
#916 = CARTESIAN_POINT ( 'NONE',  ( -1150.000000000000227, 515.2069385598298368, -650.0000000000014779 ) ) ;
#917 = ORIENTED_EDGE ( 'NONE', *, *, #7125, .F. ) ;
#918 = MANIFOLD_SOLID_BREP ( 'Kes-Ekstr\X2\00fc\X0\zyon1[2]', #1716 ) ;
#919 = LINE ( 'NONE', #2418, #868 ) ;
#920 = CARTESIAN_POINT ( 'NONE',  ( 3.038872858745793096E-14, 495.5527778486356851, 666.9741340859457068 ) ) ;
#921 = DIRECTION ( 'NONE',  ( 0.000000000000000000, 0.6207195780578232958, -0.7840326558350217967 ) ) ;
#922 = CARTESIAN_POINT ( 'NONE',  ( -500.0430627306077440, 911.3117373309971754, 130.0128736129987033 ) ) ;
#923 = EDGE_CURVE ( 'NONE', #565, #8403, #1338, .T. ) ;
#924 = AXIS2_PLACEMENT_3D ( 'NONE', #1443, #2935, #5143 ) ;
#925 = EDGE_CURVE ( 'NONE', #3524, #4330, #8452, .T. ) ;
#926 = UNCERTAINTY_MEASURE_WITH_UNIT (LENGTH_MEASURE( 1.000000000000000082E-05 ), #6251, 'distance_accuracy_value', 'NONE');
#927 = DIRECTION ( 'NONE',  ( 0.000000000000000000, 0.000000000000000000, 1.000000000000000000 ) ) ;
#929 = ADVANCED_FACE ( 'NONE', ( #1384 ), #652, .F. ) ;
#928 = CARTESIAN_POINT ( 'NONE',  ( -1143.928463799663859, 637.7629001486293419, 549.5248249761856414 ) ) ;
#930 = ORIENTED_EDGE ( 'NONE', *, *, #799, .F. ) ;
#931 = CARTESIAN_POINT ( 'NONE',  ( -16.98155858280986763, 103.4580951910641176, -661.6525337981886423 ) ) ;
#932 = ORIENTED_EDGE ( 'NONE', *, *, #6032, .T. ) ;
#933 = EDGE_CURVE ( 'NONE', #7625, #487, #6061, .T. ) ;
#934 = ORIENTED_EDGE ( 'NONE', *, *, #1241, .T. ) ;
#935 = DIRECTION ( 'NONE',  ( 4.614472616192961946E-16, -0.7071067811865480168, -0.7071067811865471286 ) ) ;
#936 = VECTOR ( 'NONE', #1651, 1000.000000000000000 ) ;
#937 = DIRECTION ( 'NONE',  ( -2.209795180075059144E-15, 1.000000000000000000, 3.114345657676548060E-15 ) ) ;
#938 = ADVANCED_FACE ( 'NONE', ( #707 ), #10162, .F. ) ;
#939 = DIRECTION ( 'NONE',  ( 0.000000000000000000, 0.000000000000000000, -1.000000000000000000 ) ) ;
#940 = MANIFOLD_SOLID_BREP ( 'Buda/Uzat7[2]', #9635 ) ;
#941 = VECTOR ( 'NONE', #7673, 1000.000000000000000 ) ;
#942 = VECTOR ( 'NONE', #1312, 1000.000000000000000 ) ;
#943 = CARTESIAN_POINT ( 'NONE',  ( -1135.731535893794899, 918.3234210549438785, 149.8656321134628229 ) ) ;
#944 = VERTEX_POINT ( 'NONE', #552 ) ;
#945 = CARTESIAN_POINT ( 'NONE',  ( -23.75000000000028066, 30.00000000000000711, -703.7500000000000000 ) ) ;
#946 = EDGE_CURVE ( 'NONE', #7562, #2040, #6520, .T. ) ;
#947 = CARTESIAN_POINT ( 'NONE',  ( -25.00649290112894718, 567.9569502509353924, 561.7800883912555037 ) ) ;
#948 = CARTESIAN_POINT ( 'NONE',  ( -1171.934790484717723, 925.5795659886698559, -164.0632332178162187 ) ) ;
#949 = SHAPE_DEFINITION_REPRESENTATION ( #9672, #4902 ) ;
#950 = CARTESIAN_POINT ( 'NONE',  ( -11.04270029144508491, 598.5868248024082732, 561.1732110088181571 ) ) ;
#951 = DIRECTION ( 'NONE',  ( 1.000000000000000000, 0.000000000000000000, 0.000000000000000000 ) ) ;
#952 = EDGE_CURVE ( 'NONE', #8094, #4146, #9233, .T. ) ;
#953 = CARTESIAN_POINT ( 'NONE',  ( -22.18262788785022011, 601.5722063367890087, -534.6984584547574286 ) ) ;
#954 = ORIENTED_EDGE ( 'NONE', *, *, #2447, .T. ) ;
#955 = ORIENTED_EDGE ( 'NONE', *, *, #2435, .F. ) ;
#956 = CIRCLE ( 'NONE', #2286, 77.00000000000318323 ) ;
#957 = CARTESIAN_POINT ( 'NONE',  ( -23.44953913883432861, 571.7556118530377489, -570.5490564561170004 ) ) ;
#958 = FACE_OUTER_BOUND ( 'NONE', #7747, .T. ) ;
#959 = CARTESIAN_POINT ( 'NONE',  ( -24.80688217438470033, 121.8679116107147848, -683.1201542107246496 ) ) ;
#960 = EDGE_LOOP ( 'NONE', ( #429, #9123 ) ) ;
#961 = CARTESIAN_POINT ( 'NONE',  ( -1458.041541306736235, 334.9999999999999432, -153.6010951158152693 ) ) ;
#962 = COLOUR_RGB ( '',0.6470588235294117974, 0.6196078431372549211, 0.5882352941176470784 ) ;
#963 = CARTESIAN_POINT ( 'NONE',  ( -500.0430627306077440, 911.3117373309971754, 167.9770453821554383 ) ) ;
#964 = CARTESIAN_POINT ( 'NONE',  ( -1171.180689009238449, 924.1985174175614475, 165.1733838729556112 ) ) ;
#965 = CARTESIAN_POINT ( 'NONE',  ( -497.2266217161390500, 921.5610347868040435, -165.0085621817358401 ) ) ;
#966 = CARTESIAN_POINT ( 'NONE',  ( -21.42094591529383862, 113.8615585414147517, -692.9218138616865872 ) ) ;
#967 = CARTESIAN_POINT ( 'NONE',  ( -489.4948262968727022, 893.6860695284025269, 149.6869721973669698 ) ) ;
#968 = VERTEX_POINT ( 'NONE', #1328 ) ;
#969 = DIRECTION ( 'NONE',  ( -0.000000000000000000, 1.000000000000000000, -0.000000000000000000 ) ) ;
#970 = CARTESIAN_POINT ( 'NONE',  ( -1127.229532319993723, 656.6752502133421103, -552.3763039405387190 ) ) ;
#971 = DIRECTION ( 'NONE',  ( -1.659227894316332837E-15, -0.7840326558350207975, -0.6207195780578245170 ) ) ;
#972 = CARTESIAN_POINT ( 'NONE',  ( -1145.785476352452861, 914.8522202345479855, 142.0826218750565886 ) ) ;
#973 = CARTESIAN_POINT ( 'NONE',  ( -1110.000000000000000, 40.00000000000000000, 0.000000000000000000 ) ) ;
#974 = DIRECTION ( 'NONE',  ( 1.000000000000000000, 0.000000000000000000, 0.000000000000000000 ) ) ;
#975 = ORIENTED_EDGE ( 'NONE', *, *, #4520, .F. ) ;
#976 = CARTESIAN_POINT ( 'NONE',  ( -1132.117600445048538, 196.7962309378589225, 632.5291183813184261 ) ) ;
#977 = VERTEX_POINT ( 'NONE', #601 ) ;
#978 = CARTESIAN_POINT ( 'NONE',  ( -1157.127931441495548, 913.0501461530690221, 169.4686556874698056 ) ) ;
#979 = CARTESIAN_POINT ( 'NONE',  ( 23.74999999999972289, 40.00000000000000000, -650.2500000000000000 ) ) ;
#980 = ORIENTED_EDGE ( 'NONE', *, *, #9772, .F. ) ;
#981 = SURFACE_STYLE_FILL_AREA ( #3486 ) ;
#982 = CARTESIAN_POINT ( 'NONE',  ( -1172.408862106158040, 665.2258567051283080, 544.6334471073680561 ) ) ;
#983 = CARTESIAN_POINT ( 'NONE',  ( -23.18042845383663675, 117.0414164515306794, 689.3762752233902802 ) ) ;
#984 = AXIS2_PLACEMENT_3D ( 'NONE', #1185, #8253, #1239 ) ;
#985 = CARTESIAN_POINT ( 'NONE',  ( -1145.552538958414971, 913.1862876032265603, -161.2062177912657432 ) ) ;
#986 = CARTESIAN_POINT ( 'NONE',  ( -489.4948262968724180, 893.6860695284022995, -149.4154606346752701 ) ) ;
#987 = CARTESIAN_POINT ( 'NONE',  ( -23.81746647080735713, 565.6323894169408959, -553.5957439411212135 ) ) ;
#988 = UNCERTAINTY_MEASURE_WITH_UNIT (LENGTH_MEASURE( 1.000000000000000082E-05 ), #9150, 'distance_accuracy_value', 'NONE');
#989 = FACE_OUTER_BOUND ( 'NONE', #7951, .T. ) ;
#990 = CIRCLE ( 'NONE', #5747, 6.000000000000116351 ) ;
#991 = CIRCLE ( 'NONE', #2317, 75.00000000000316902 ) ;
#992 = EDGE_CURVE ( 'NONE', #6834, #9673, #1521, .T. ) ;
#993 = ORIENTED_EDGE ( 'NONE', *, *, #8236, .T. ) ;
#994 = LINE ( 'NONE', #7131, #8523 ) ;
#995 = AXIS2_PLACEMENT_3D ( 'NONE', #10043, #6720, #6879 ) ;
#996 = CYLINDRICAL_SURFACE ( 'NONE', #3924, 23.00000000000000711 ) ;
#997 = CARTESIAN_POINT ( 'NONE',  ( -1171.180718393386996, 924.1985440822787723, -165.1733793438558564 ) ) ;
#998 = CARTESIAN_POINT ( 'NONE',  ( -10.71767178132332710, 597.2031330884383351, 563.2823504727396084 ) ) ;
#999 = CARTESIAN_POINT ( 'NONE',  ( -24.99040421216485086, 120.2410033968033360, 679.3073981572157436 ) ) ;
#1000 = MANIFOLD_SOLID_BREP ( 'Kes-Ekstr\X2\00fc\X0\zyon2[2]', #4018 ) ;
#1001 = CARTESIAN_POINT ( 'NONE',  ( -18.93513927918879602, 604.5219775800567277, -539.6570366535750054 ) ) ;
#1002 = ORIENTED_EDGE ( 'NONE', *, *, #7157, .F. ) ;
#1003 = CARTESIAN_POINT ( 'NONE',  ( 0.000000000000000000, 30.00000000000000711, 640.0000000000000000 ) ) ;
#1004 = CARTESIAN_POINT ( 'NONE',  ( -1166.845700586981138, 918.4529877661353794, -170.3931613494101214 ) ) ;
#1005 = CARTESIAN_POINT ( 'NONE',  ( -1133.446515867768994, 920.2309268991068620, 148.6272712987133104 ) ) ;
#1006 = AXIS2_PLACEMENT_3D ( 'NONE', #5412, #10068, #2072 ) ;
#1007 = LINE ( 'NONE', #4135, #9417 ) ;
#1008 = EDGE_LOOP ( 'NONE', ( #3087, #3532, #244, #10156, #3575 ) ) ;
#1009 = DIRECTION ( 'NONE',  ( 0.000000000000000000, -0.9797958971132929573, -0.1999999999998935407 ) ) ;
#1010 = PLANE ( 'NONE',  #3860 ) ;
#1011 = EDGE_CURVE ( 'NONE', #1406, #2658, #4335, .T. ) ;
#1012 = DIRECTION ( 'NONE',  ( -4.999362528151271919E-51, 0.000000000000000000, -1.000000000000000000 ) ) ;
#1013 = DIRECTION ( 'NONE',  ( 2.664535259100373725E-15, 1.000000000000000000, 2.413528314402511920E-15 ) ) ;
#1014 = CARTESIAN_POINT ( 'NONE',  ( -23.61158265262363187, 579.6954106377688731, 534.0845836323484264 ) ) ;
#1015 = VERTEX_POINT ( 'NONE', #1833 ) ;
#1016 = CARTESIAN_POINT ( 'NONE',  ( -1443.041541306736235, 345.0000000000000000, 203.6010951158156104 ) ) ;
#1017 = CARTESIAN_POINT ( 'NONE',  ( -1172.999999999999773, 660.0000000000000000, -550.4159941854394447 ) ) ;
#1018 = FACE_OUTER_BOUND ( 'NONE', #1579, .T. ) ;
#1019 = CARTESIAN_POINT ( 'NONE',  ( -1148.120476696561809, 914.7979190169758112, 139.0909539849604073 ) ) ;
#1020 = CARTESIAN_POINT ( 'NONE',  ( -1149.999999999999545, 861.0102051443361688, -339.9999999999997158 ) ) ;
#1021 = CARTESIAN_POINT ( 'NONE',  ( -1168.870936889391032, 646.8293069343134221, 552.4089202912555265 ) ) ;
#1022 = ORIENTED_EDGE ( 'NONE', *, *, #2904, .F. ) ;
#1023 = CARTESIAN_POINT ( 'NONE',  ( -1125.584094156283754, 214.9217944592704441, 644.5945473878298344 ) ) ;
#1024 = ORIENTED_EDGE ( 'NONE', *, *, #5532, .T. ) ;
#1025 = AXIS2_PLACEMENT_3D ( 'NONE', #7061, #8716, #7943 ) ;
#1026 = CARTESIAN_POINT ( 'NONE',  ( -1129.294479686053137, 184.4503749521383327, 635.9802377924143002 ) ) ;
#1027 = CARTESIAN_POINT ( 'NONE',  ( -24.38924044191352181, 119.5319389042837201, 674.4767339475457675 ) ) ;
#1028 = TOROIDAL_SURFACE ( 'NONE', #4958, 100.0000000000000853, 25.00000000000000711 ) ;
#1029 = EDGE_LOOP ( 'NONE', ( #9991, #4882 ) ) ;
#1030 = DIRECTION ( 'NONE',  ( 4.614472616192961946E-16, -0.7071067811865480168, -0.7071067811865471286 ) ) ;
#1031 = CARTESIAN_POINT ( 'NONE',  ( -1126.250000000000455, 40.00000000000000000, -667.7499999999994316 ) ) ;
#1032 = CARTESIAN_POINT ( 'NONE',  ( -24.56977983045750946, 121.4926006909069685, 684.6652666674609691 ) ) ;
#1033 = AXIS2_PLACEMENT_3D ( 'NONE', #5291, #492, #1383 ) ;
#1034 = CARTESIAN_POINT ( 'NONE',  ( -1548.041541306736235, 345.0000000000000000, -158.6010951158150704 ) ) ;
#1035 = CARTESIAN_POINT ( 'NONE',  ( -24.87913921740130618, 586.0360153231943059, -534.0582687456865187 ) ) ;
#1036 = AXIS2_PLACEMENT_3D ( 'NONE', #7482, #2733, #4269 ) ;
#1037 = CARTESIAN_POINT ( 'NONE',  ( -1131.125477135316487, 956.1354948552861970, 140.9962789452650327 ) ) ;
#1038 = CARTESIAN_POINT ( 'NONE',  ( -1124.990922078646008, 939.3232801385404400, 129.8706677332992285 ) ) ;
#1039 = CIRCLE ( 'NONE', #9950, 6.000000000000005329 ) ;
#1040 = ORIENTED_EDGE ( 'NONE', *, *, #607, .T. ) ;
#1041 = ADVANCED_FACE ( 'NONE', ( #9495, #8139 ), #2048, .F. ) ;
#1042 = CARTESIAN_POINT ( 'NONE',  ( -1133.703248818907696, 919.3007939612963355, -156.4047542119233469 ) ) ;
#1043 = CARTESIAN_POINT ( 'NONE',  ( -23.96999147455702683, 565.6887507640594777, 554.2673945267501949 ) ) ;
#1044 = CARTESIAN_POINT ( 'NONE',  ( -1174.276515656911897, 932.5518162280541219, -154.2347629418414101 ) ) ;
#1045 = ADVANCED_FACE ( 'NONE', ( #138 ), #6328, .T. ) ;
#1046 = EDGE_CURVE ( 'NONE', #3061, #285, #8791, .T. ) ;
#1047 = PRODUCT_CONTEXT ( 'NONE', #6629, 'mechanical' ) ;
#1048 = EDGE_CURVE ( 'NONE', #5009, #7488, #2583, .T. ) ;
#1049 = CARTESIAN_POINT ( 'NONE',  ( -489.4948262968725885, 893.6860695284024132, -150.0380986677297415 ) ) ;
#1050 = CARTESIAN_POINT ( 'NONE',  ( -385.5549505783706081, 844.2703537956052742, -448.7780475532338187 ) ) ;
#1051 = CARTESIAN_POINT ( 'NONE',  ( -24.83576937393732464, 593.5500543371957747, -531.3931435899988855 ) ) ;
#1052 = EDGE_CURVE ( 'NONE', #8529, #7796, #3976, .T. ) ;
#1053 = EDGE_LOOP ( 'NONE', ( #2720, #8921, #3162, #9432 ) ) ;
#1054 = VECTOR ( 'NONE', #9047, 999.9999999999998863 ) ;
#1055 = ORIENTED_EDGE ( 'NONE', *, *, #859, .F. ) ;
#1056 = DIRECTION ( 'NONE',  ( 0.000000000000000000, -1.000000000000000000, 0.000000000000000000 ) ) ;
#1057 = CARTESIAN_POINT ( 'NONE',  ( -1161.821053970200637, 914.8514403457426170, -170.7050313876073062 ) ) ;
#1058 = DIRECTION ( 'NONE',  ( 2.071647322355158349E-38, 0.000000000000000000, 1.000000000000000000 ) ) ;
#1059 = ORIENTED_EDGE ( 'NONE', *, *, #6646, .T. ) ;
#1060 = EDGE_LOOP ( 'NONE', ( #8274, #1819, #3094, #954 ) ) ;
#1061 = CARTESIAN_POINT ( 'NONE',  ( -1523.981446312945081, 345.0000000000000568, 173.9687006431360032 ) ) ;
#1062 = VECTOR ( 'NONE', #6459, 1000.000000000000000 ) ;
#1063 = CARTESIAN_POINT ( 'NONE',  ( -500.0430627306078577, 912.6325428394258097, 168.0374905036949542 ) ) ;
#1064 = CARTESIAN_POINT ( 'NONE',  ( -492.1937282297151341, 891.7956246476031765, 161.3342243867818411 ) ) ;
#1065 = CARTESIAN_POINT ( 'NONE',  ( -22.64362710192034100, 87.78276985139024191, -690.6074989224870251 ) ) ;
#1066 = ORIENTED_EDGE ( 'NONE', *, *, #743, .F. ) ;
#1067 = ORIENTED_EDGE ( 'NONE', *, *, #1555, .T. ) ;
#1068 = CARTESIAN_POINT ( 'NONE',  ( -2.942733134631078957E-13, 408.5786437626904899, 680.0000000000000000 ) ) ;
#1069 = EDGE_CURVE ( 'NONE', #6365, #5275, #2142, .T. ) ;
#1070 = CARTESIAN_POINT ( 'NONE',  ( -1157.554378143355279, 638.2220556709592074, -549.6976053398376507 ) ) ;
#1071 = LINE ( 'NONE', #2716, #6807 ) ;
#1072 =( NAMED_UNIT ( * ) SI_UNIT ( $, .STERADIAN. ) SOLID_ANGLE_UNIT ( ) );
#1073 = DIRECTION ( 'NONE',  ( -0.000000000000000000, -0.000000000000000000, -1.000000000000000000 ) ) ;
#1074 = ORIENTED_EDGE ( 'NONE', *, *, #7043, .T. ) ;
#1075 = CARTESIAN_POINT ( 'NONE',  ( -1127.798474872976612, 211.5176685974422526, 638.4684038034735067 ) ) ;
#1076 = ORIENTED_EDGE ( 'NONE', *, *, #6412, .F. ) ;
#1077 = CARTESIAN_POINT ( 'NONE',  ( -1127.241692031292359, 214.8549736019759280, 639.6355486671616291 ) ) ;
#1078 = DIRECTION ( 'NONE',  ( -0.000000000000000000, 1.000000000000000000, -0.000000000000000000 ) ) ;
#1079 = CARTESIAN_POINT ( 'NONE',  ( -16.86435840096301320, 101.2746419757386747, 661.5448169732725319 ) ) ;
#1080 = EDGE_CURVE ( 'NONE', #1396, #6755, #3343, .T. ) ;
#1081 = ORIENTED_EDGE ( 'NONE', *, *, #5652, .T. ) ;
#1082 = CARTESIAN_POINT ( 'NONE',  ( 23.74999999999988276, 30.00000000000000711, 709.7500000000000000 ) ) ;
#1083 = ORIENTED_EDGE ( 'NONE', *, *, #1804, .T. ) ;
#1084 = FACE_OUTER_BOUND ( 'NONE', #7679, .T. ) ;
#1085 = PLANE ( 'NONE',  #2175 ) ;
#1086 = CARTESIAN_POINT ( 'NONE',  ( -24.88864808546867025, 121.9936470790986647, 682.7037700457642586 ) ) ;
#1087 = CARTESIAN_POINT ( 'NONE',  ( -1125.751862115426320, 178.5619021271539850, 656.1210044007279976 ) ) ;
#1088 = CARTESIAN_POINT ( 'NONE',  ( -23.89033159672447226, 120.9952754633856671, -672.6046788510420811 ) ) ;
#1089 = CARTESIAN_POINT ( 'NONE',  ( -22.18277907789606118, 568.8099989627464765, -544.1907678263050911 ) ) ;
#1090 = CARTESIAN_POINT ( 'NONE',  ( -22.99999999999998224, 600.0000000000000000, 488.5786437626908878 ) ) ;
#1091 = CARTESIAN_POINT ( 'NONE',  ( -1128.294681839366376, 927.8312332033682424, 132.6129041202674159 ) ) ;
#1092 = ORIENTED_EDGE ( 'NONE', *, *, #6220, .T. ) ;
#1093 = CARTESIAN_POINT ( 'NONE',  ( -1132.803868759359602, 921.2248072227927196, -143.8565043321963799 ) ) ;
#1094 = CARTESIAN_POINT ( 'NONE',  ( -1131.496352974754700, 921.1061811240414272, -160.3393714425281757 ) ) ;
#1095 = CARTESIAN_POINT ( 'NONE',  ( -22.51191486922979834, 572.1965303447398128, 540.8413149334332957 ) ) ;
#1096 = CARTESIAN_POINT ( 'NONE',  ( -500.0430627306077440, 911.3117373309971754, 167.9770453821554383 ) ) ;
#1097 = VECTOR ( 'NONE', #1569, 1000.000000000000000 ) ;
#1098 = DIRECTION ( 'NONE',  ( 0.000000000000000000, 0.000000000000000000, 1.000000000000000000 ) ) ;
#1099 = CARTESIAN_POINT ( 'NONE',  ( -1126.582440338922879, 181.8235081364158532, -658.8269634048821217 ) ) ;
#1100 = CARTESIAN_POINT ( 'NONE',  ( -20.05529138566457448, 603.8340987490502130, -537.8715027443298595 ) ) ;
#1101 = VERTEX_POINT ( 'NONE', #2717 ) ;
#1102 = EDGE_CURVE ( 'NONE', #3221, #8538, #3035, .T. ) ;
#1103 = ORIENTED_EDGE ( 'NONE', *, *, #1170, .T. ) ;
#1104 = SURFACE_SIDE_STYLE ('',( #3621 ) ) ;
#1105 = CARTESIAN_POINT ( 'NONE',  ( -1174.865878734786293, 936.1977858127969512, -151.4230420859736057 ) ) ;
#1106 = DIRECTION ( 'NONE',  ( 0.000000000000000000, 1.000000000000000000, 0.000000000000000000 ) ) ;
#1107 = ORIENTED_EDGE ( 'NONE', *, *, #307, .F. ) ;
#1108 = ORIENTED_EDGE ( 'NONE', *, *, #8566, .F. ) ;
#1109 = CARTESIAN_POINT ( 'NONE',  ( -12.18445924924877666, 600.9275681616020393, -556.8187050822563151 ) ) ;
#1110 = DIRECTION ( 'NONE',  ( -0.000000000000000000, 1.000000000000000000, -0.000000000000000000 ) ) ;
#1111 = CARTESIAN_POINT ( 'NONE',  ( 0.000000000000000000, 345.0000000000000000, 0.000000000000000000 ) ) ;
#1112 = CARTESIAN_POINT ( 'NONE',  ( -20.79169677876910072, 90.92810687190306851, -693.9046722714992939 ) ) ;
#1113 = CARTESIAN_POINT ( 'NONE',  ( -14.58072070672720066, 605.0119131140417039, 547.3294684875878602 ) ) ;
#1114 = ORIENTED_EDGE ( 'NONE', *, *, #6385, .F. ) ;
#1115 = EDGE_CURVE ( 'NONE', #7512, #9103, #6983, .T. ) ;
#1116 = ORIENTED_EDGE ( 'NONE', *, *, #9160, .F. ) ;
#1117 = CARTESIAN_POINT ( 'NONE',  ( -25.00000000000029488, 39.99999999999997868, -680.0000000000000000 ) ) ;
#1118 = CARTESIAN_POINT ( 'NONE',  ( -1172.853486196941049, 657.3830813856978921, -552.0571177665689220 ) ) ;
#1119 = CARTESIAN_POINT ( 'NONE',  ( -1458.041541306736235, 345.0000000000000000, 188.6010951158156388 ) ) ;
#1120 = FACE_BOUND ( 'NONE', #5193, .T. ) ;
#1121 = FACE_OUTER_BOUND ( 'NONE', #596, .T. ) ;
#1123 =( NAMED_UNIT ( * ) PLANE_ANGLE_UNIT ( ) SI_UNIT ( $, .RADIAN. ) );
#1122 = CIRCLE ( 'NONE', #4412, 123.0000000000001705 ) ;
#1124 = VERTEX_POINT ( 'NONE', #334 ) ;
#1125 = CARTESIAN_POINT ( 'NONE',  ( -1128.580968596263347, 186.1420570852363312, 637.0748501422409618 ) ) ;
#1126 = ORIENTED_EDGE ( 'NONE', *, *, #3366, .F. ) ;
#1127 = CARTESIAN_POINT ( 'NONE',  ( -1133.621508477061980, 193.3509673020284083, 631.1107937838896760 ) ) ;
#1128 = DIRECTION ( 'NONE',  ( 1.084036547835517478E-17, -0.7840326558350856345, -0.6207195780577426936 ) ) ;
#1129 = DIRECTION ( 'NONE',  ( 0.000000000000000000, 1.000000000000000000, 0.000000000000000000 ) ) ;
#1130 = LINE ( 'NONE', #3650, #1800 ) ;
#1131 = EDGE_LOOP ( 'NONE', ( #1515, #9666, #7068, #4388 ) ) ;
#1132 = SURFACE_SIDE_STYLE ('',( #981 ) ) ;
#1133 = ORIENTED_EDGE ( 'NONE', *, *, #2403, .F. ) ;
#1134 = DIRECTION ( 'NONE',  ( 0.000000000000000000, 0.7071067811865474617, -0.7071067811865474617 ) ) ;
#1135 = CARTESIAN_POINT ( 'NONE',  ( -17.82596787523410953, 102.2587177829502423, 697.5281198233474242 ) ) ;
#1136 = CARTESIAN_POINT ( 'NONE',  ( -19.40519096228907969, 113.3424262881914046, 695.7680886568765573 ) ) ;
#1137 = CARTESIAN_POINT ( 'NONE',  ( -1134.761169909491855, 203.6347735255777991, 669.8228224123779455 ) ) ;
#1138 = CARTESIAN_POINT ( 'NONE',  ( -21.41022139561335891, 117.6940303745776788, -667.0403853981733846 ) ) ;
#1139 = CARTESIAN_POINT ( 'NONE',  ( -1125.576204837919022, 935.1230815135168086, -130.0418488488192565 ) ) ;
#1140 = EDGE_CURVE ( 'NONE', #514, #3873, #8421, .T. ) ;
#1141 = ORIENTED_EDGE ( 'NONE', *, *, #417, .F. ) ;
#1142 = DIRECTION ( 'NONE',  ( -0.000000000000000000, 1.000000000000000000, -0.000000000000000000 ) ) ;
#1143 = CIRCLE ( 'NONE', #9052, 75.00000000000028422 ) ;
#1144 = ORIENTED_EDGE ( 'NONE', *, *, #9017, .T. ) ;
#1145 = CARTESIAN_POINT ( 'NONE',  ( -1151.559333094567364, 182.0676694124776702, 650.0000000000011369 ) ) ;
#1146 = CARTESIAN_POINT ( 'NONE',  ( -1126.318233743617839, 945.2833736570199790, -168.4710851198905459 ) ) ;
#1147 = CARTESIAN_POINT ( 'NONE',  ( -22.42896535122699930, 571.6676080023282793, 541.2799282844040363 ) ) ;
#1148 = CARTESIAN_POINT ( 'NONE',  ( -1479.774980188727795, 345.0000000000000568, -173.1926445299029638 ) ) ;
#1149 = AXIS2_PLACEMENT_3D ( 'NONE', #1020, #235, #2613 ) ;
#1150 = CARTESIAN_POINT ( 'NONE',  ( -1165.275209792134774, 917.1193620228573309, 170.6942624157547073 ) ) ;
#1151 = CARTESIAN_POINT ( 'NONE',  ( -25.00000000000030553, 120.2328996258909086, 679.8850394395722105 ) ) ;
#1152 = CIRCLE ( 'NONE', #6915, 4.999999999999809930 ) ;
#1153 = CARTESIAN_POINT ( 'NONE',  ( -20.59255949630059135, 565.0558299707070091, -544.5581316854381839 ) ) ;
#1154 = VECTOR ( 'NONE', #7462, 999.9999999999998863 ) ;
#1155 = ORIENTED_EDGE ( 'NONE', *, *, #9560, .T. ) ;
#1156 = ORIENTED_EDGE ( 'NONE', *, *, #7959, .T. ) ;
#1157 = CARTESIAN_POINT ( 'NONE',  ( -497.0501490704086223, 900.7740410695396349, 135.9175862747449344 ) ) ;
#1158 = DIRECTION ( 'NONE',  ( 0.000000000000000000, 0.000000000000000000, 1.000000000000000000 ) ) ;
#1159 = CARTESIAN_POINT ( 'NONE',  ( -1174.384848606296373, 932.4983358014957275, -159.8549521525005730 ) ) ;
#1160 = DIRECTION ( 'NONE',  ( 0.000000000000000000, 1.000000000000000000, 0.000000000000000000 ) ) ;
#1161 = ORIENTED_EDGE ( 'NONE', *, *, #10208, .T. ) ;
#1162 = ORIENTED_EDGE ( 'NONE', *, *, #5955, .T. ) ;
#1163 = CARTESIAN_POINT ( 'NONE',  ( -1172.258864549712371, 665.8266275514196195, -543.7749440036554915 ) ) ;
#1164 = CARTESIAN_POINT ( 'NONE',  ( -1128.456565483324312, 183.0999717395481241, -637.2737065055190442 ) ) ;
#1165 = FACE_OUTER_BOUND ( 'NONE', #3460, .T. ) ;
#1166 = CARTESIAN_POINT ( 'NONE',  ( -22.30177256272780184, 115.4928558426814220, -691.3079771633176733 ) ) ;
#1167 = FACE_BOUND ( 'NONE', #6005, .T. ) ;
#1168 = ORIENTED_EDGE ( 'NONE', *, *, #9207, .F. ) ;
#1169 = VERTEX_POINT ( 'NONE', #9072 ) ;
#1170 = EDGE_CURVE ( 'NONE', #3803, #9906, #4457, .T. ) ;
#1171 = AXIS2_PLACEMENT_3D ( 'NONE', #8727, #2431, #7168 ) ;
#1172 = CARTESIAN_POINT ( 'NONE',  ( -1126.250000000000455, 30.00000000000000711, 673.7499999999996589 ) ) ;
#1173 = CARTESIAN_POINT ( 'NONE',  ( -1133.038779715155215, 644.4472726282174335, -551.7836303191671732 ) ) ;
#1174 = LINE ( 'NONE', #6677, #8122 ) ;
#1175 = DIRECTION ( 'NONE',  ( 4.753142324176451439E-16, 4.015884846886308424E-16, 1.000000000000000000 ) ) ;
#1176 = DIRECTION ( 'NONE',  ( 0.000000000000000000, -0.7071067811865453523, -0.7071067811865496822 ) ) ;
#1177 = CARTESIAN_POINT ( 'NONE',  ( -1130.322753417628519, 648.0675045804329102, 552.6734966276369505 ) ) ;
#1178 = ORIENTED_EDGE ( 'NONE', *, *, #8560, .T. ) ;
#1179 = CARTESIAN_POINT ( 'NONE',  ( -24.73054900889040653, 84.34413067822713117, -676.3265335785271191 ) ) ;
#1180 = ORIENTED_EDGE ( 'NONE', *, *, #505, .F. ) ;
#1181 = ADVANCED_FACE ( 'NONE', ( #8398 ), #2803, .T. ) ;
#1182 = CARTESIAN_POINT ( 'NONE',  ( -1132.689815374321370, 190.8626973039525012, 631.9615053338685584 ) ) ;
#1183 = CIRCLE ( 'NONE', #6935, 23.00000000000002132 ) ;
#1184 = CARTESIAN_POINT ( 'NONE',  ( -16.90662905923104020, 103.1389760189873357, 661.5835032332928449 ) ) ;
#1185 = CARTESIAN_POINT ( 'NONE',  ( -1150.000000000000227, 515.2069385598298368, -549.9999999999982947 ) ) ;
#1186 = EDGE_CURVE ( 'NONE', #6861, #7306, #385, .T. ) ;
#1187 = ORIENTED_EDGE ( 'NONE', *, *, #7169, .T. ) ;
#1188 = ORIENTED_EDGE ( 'NONE', *, *, #9882, .T. ) ;
#1189 = CARTESIAN_POINT ( 'NONE',  ( -357.7080113700174024, 824.5123409701826631, 302.7158385259953661 ) ) ;
#1190 = CARTESIAN_POINT ( 'NONE',  ( -21.16376921948875989, 90.25636281568529284, 693.3392131786466734 ) ) ;
#1191 = DIRECTION ( 'NONE',  ( 0.000000000000000000, 0.000000000000000000, 1.000000000000000000 ) ) ;
#1192 = CARTESIAN_POINT ( 'NONE',  ( -1127.759313522934690, 181.1638717219379373, 661.4320581625040631 ) ) ;
#1193 = LINE ( 'NONE', #1296, #6961 ) ;
#1194 = CARTESIAN_POINT ( 'NONE',  ( -1149.999999999999773, 40.00000000000000000, 649.9999999999996589 ) ) ;
#1195 = EDGE_CURVE ( 'NONE', #6834, #1169, #7350, .T. ) ;
#1196 = VERTEX_POINT ( 'NONE', #1889 ) ;
#1197 = AXIS2_PLACEMENT_3D ( 'NONE', #10123, #10019, #7637 ) ;
#1198 = ORIENTED_EDGE ( 'NONE', *, *, #1186, .F. ) ;
#1199 = CARTESIAN_POINT ( 'NONE',  ( -1126.960655704381679, 927.6019698772948914, -166.9733811139526551 ) ) ;
#1200 = AXIS2_PLACEMENT_3D ( 'NONE', #10226, #2422, #3138 ) ;
#1201 = CARTESIAN_POINT ( 'NONE',  ( -22.29642783435241071, 570.6526135205041328, 542.1955113902874928 ) ) ;
#1202 = DIRECTION ( 'NONE',  ( -4.872322894325868391E-15, 0.2000000000001065370, 0.9797958971132496586 ) ) ;
#1203 = AXIS2_PLACEMENT_3D ( 'NONE', #6536, #2300, #3388 ) ;
#1204 = CARTESIAN_POINT ( 'NONE',  ( -1164.027739706225248, 916.2024151433649877, 170.7934332270006053 ) ) ;
#1205 = CARTESIAN_POINT ( 'NONE',  ( -14.58985132419343245, 103.2071215434592943, 659.6988137804231656 ) ) ;
#1206 = LINE ( 'NONE', #4338, #1054 ) ;
#1207 = AXIS2_PLACEMENT_3D ( 'NONE', #1759, #7116, #6335 ) ;
#1208 = ORIENTED_EDGE ( 'NONE', *, *, #1505, .F. ) ;
#1209 = EDGE_LOOP ( 'NONE', ( #8227, #1092, #2830, #1002 ) ) ;
#1210 = CARTESIAN_POINT ( 'NONE',  ( -1150.000000000000909, 938.9285782095132618, -149.8625354325472472 ) ) ;
#1211 = CARTESIAN_POINT ( 'NONE',  ( -1160.421854250726483, 914.1961315468099656, -170.4531526473496115 ) ) ;
#1212 = CARTESIAN_POINT ( 'NONE',  ( -1149.999999999999773, 2.364775042451583431E-11, 649.9999999999995453 ) ) ;
#1213 = VERTEX_POINT ( 'NONE', #8344 ) ;
#1214 = ORIENTED_EDGE ( 'NONE', *, *, #3148, .F. ) ;
#1215 = CARTESIAN_POINT ( 'NONE',  ( -1138.414465069397011, 679.8731568622080204, -518.9189069293408920 ) ) ;
#1216 = CARTESIAN_POINT ( 'NONE',  ( -1134.140536939379217, 195.3280322702383955, -630.6738784873786017 ) ) ;
#1217 = DIRECTION ( 'NONE',  ( 0.000000000000000000, -1.000000000000000000, -0.000000000000000000 ) ) ;
#1218 = CARTESIAN_POINT ( 'NONE',  ( -1149.999999999999773, 914.8752314534034440, 137.4142310823326056 ) ) ;
#1219 = CARTESIAN_POINT ( 'NONE',  ( -5.551115123125782702E-14, 570.7106781186550961, 559.2893218813455860 ) ) ;
#1220 = AXIS2_PLACEMENT_3D ( 'NONE', #2055, #5242, #7403 ) ;
#1221 = ORIENTED_EDGE ( 'NONE', *, *, #5345, .F. ) ;
#1222 = EDGE_LOOP ( 'NONE', ( #7601, #6802, #428, #8368 ) ) ;
#1223 = CIRCLE ( 'NONE', #563, 23.00000000000002132 ) ;
#1224 = CARTESIAN_POINT ( 'NONE',  ( -1173.750000000000000, 40.00000000000000000, 620.2500000000000000 ) ) ;
#1225 = DIRECTION ( 'NONE',  ( 0.000000000000000000, -1.000000000000000000, 0.000000000000000000 ) ) ;
#1226 = FACE_OUTER_BOUND ( 'NONE', #3664, .T. ) ;
#1227 = CYLINDRICAL_SURFACE ( 'NONE', #6405, 6.000000000000005329 ) ;
#1228 = CIRCLE ( 'NONE', #5506, 24.99999999999998579 ) ;
#1229 = CIRCLE ( 'NONE', #8799, 6.000000000000005329 ) ;
#1230 = DIRECTION ( 'NONE',  ( -0.7941567930306002721, 0.5634716255418391606, -0.2276284588811120502 ) ) ;
#1231 =( NAMED_UNIT ( * ) SI_UNIT ( $, .STERADIAN. ) SOLID_ANGLE_UNIT ( ) );
#1232 = EDGE_LOOP ( 'NONE', ( #1871, #5633 ) ) ;
#1233 = CARTESIAN_POINT ( 'NONE',  ( -2.880137398330167607E-13, 40.00000000000000000, 680.0000000000000000 ) ) ;
#1234 = ORIENTED_EDGE ( 'NONE', *, *, #5152, .T. ) ;
#1236 = VECTOR ( 'NONE', #5115, 1000.000000000000000 ) ;
#1235 = CARTESIAN_POINT ( 'NONE',  ( -1130.170555439497775, 185.9168042510958117, 634.7672797104443134 ) ) ;
#1237 = ADVANCED_FACE ( 'NONE', ( #4250, #5027, #8192, #6623, #9020, #1120 ), #9846, .T. ) ;
#1238 = CARTESIAN_POINT ( 'NONE',  ( -21.41072699449222583, 115.0441025144873350, 667.0853875019117822 ) ) ;
#1239 = DIRECTION ( 'NONE',  ( 0.000000000000000000, 0.000000000000000000, 1.000000000000000000 ) ) ;
#1240 = TOROIDAL_SURFACE ( 'NONE', #9321, 50.00000000000005684, 25.00000000000000711 ) ;
#1241 = EDGE_CURVE ( 'NONE', #6137, #6392, #8574, .T. ) ;
#1242 = ORIENTED_EDGE ( 'NONE', *, *, #5001, .T. ) ;
#1243 = DIRECTION ( 'NONE',  ( 0.000000000000000000, 0.000000000000000000, -1.000000000000000000 ) ) ;
#1244 = CARTESIAN_POINT ( 'NONE',  ( -1132.089083923291810, 200.4606974719937398, -632.5585677912473557 ) ) ;
#1245 = DIRECTION ( 'NONE',  ( 0.000000000000000000, 1.000000000000000000, 0.000000000000000000 ) ) ;
#1246 = CARTESIAN_POINT ( 'NONE',  ( -1129.594567408097873, 212.6264739754197137, 664.4539416367362037 ) ) ;
#1247 = LINE ( 'NONE', #2074, #7800 ) ;
#1248 = SURFACE_SIDE_STYLE ('',( #8312 ) ) ;
#1249 = ORIENTED_EDGE ( 'NONE', *, *, #1670, .F. ) ;
#1250 = EDGE_CURVE ( 'NONE', #1568, #6476, #6086, .T. ) ;
#1251 = EDGE_CURVE ( 'NONE', #5759, #2188, #7232, .T. ) ;
#1252 = ORIENTED_EDGE ( 'NONE', *, *, #466, .F. ) ;
#1253 = CARTESIAN_POINT ( 'NONE',  ( -1129.864746752104111, 922.8368979904829530, -162.8607834677307551 ) ) ;
#1254 = CARTESIAN_POINT ( 'NONE',  ( -24.48591115313419664, 582.7934245652352274, 535.0333449092161118 ) ) ;
#1255 = CARTESIAN_POINT ( 'NONE',  ( -1173.876468821812068, 931.9447881182989022, -144.3797652505819826 ) ) ;
#1256 = CARTESIAN_POINT ( 'NONE',  ( -497.8557470980105677, 902.1550791687642459, -164.8148056802463088 ) ) ;
#1257 = CARTESIAN_POINT ( 'NONE',  ( -24.92210101267072631, 82.13764419076817092, 677.9972899311389938 ) ) ;
#1258 = CYLINDRICAL_SURFACE ( 'NONE', #741, 4.999999999999809930 ) ;
#1259 = ORIENTED_EDGE ( 'NONE', *, *, #2133, .F. ) ;
#1260 = ORIENTED_EDGE ( 'NONE', *, *, #8806, .T. ) ;
#1261 = DIRECTION ( 'NONE',  ( -0.7941567930305997169, 0.5634716255418392716, 0.2276284588811126053 ) ) ;
#1262 =( LENGTH_UNIT ( ) NAMED_UNIT ( * ) SI_UNIT ( .MILLI., .METRE. ) );
#1263 = AXIS2_PLACEMENT_3D ( 'NONE', #835, #3968, #7214 ) ;
#1264 = CARTESIAN_POINT ( 'NONE',  ( -17.97557352694820665, 603.5853257884780305, -543.7939295436208340 ) ) ;
#1265 = CARTESIAN_POINT ( 'NONE',  ( -1126.250000000000455, 30.00000000000000711, 679.7499999999998863 ) ) ;
#1266 = CARTESIAN_POINT ( 'NONE',  ( 23.74999999999972289, 30.00000000000000711, -650.2500000000000000 ) ) ;
#1267 = ADVANCED_FACE ( 'NONE', ( #5905 ), #1227, .F. ) ;
#1268 = ORIENTED_EDGE ( 'NONE', *, *, #7030, .T. ) ;
#1269 = CARTESIAN_POINT ( 'NONE',  ( -1152.900396327354883, 682.8227066943950376, -513.1656209795062296 ) ) ;
#1270 = CARTESIAN_POINT ( 'NONE',  ( -1130.904243679824958, 955.5249415274065541, -145.0979413193221035 ) ) ;
#1271 = FACE_OUTER_BOUND ( 'NONE', #2283, .T. ) ;
#1272 = FACE_OUTER_BOUND ( 'NONE', #9519, .T. ) ;
#1273 = AXIS2_PLACEMENT_3D ( 'NONE', #4474, #9388, #3896 ) ;
#1274 = AXIS2_PLACEMENT_3D ( 'NONE', #10172, #8664, #4637 ) ;
#1275 = ORIENTED_EDGE ( 'NONE', *, *, #2253, .F. ) ;
#1276 = VECTOR ( 'NONE', #5806, 1000.000000000000000 ) ;
#1277 = ORIENTED_EDGE ( 'NONE', *, *, #8494, .F. ) ;
#1278 = DIRECTION ( 'NONE',  ( -0.5786626424054298612, -0.8155670090706007569, 0.000000000000000000 ) ) ;
#1279 = CARTESIAN_POINT ( 'NONE',  ( -1149.999999999999091, 892.0461840472274844, 379.2016327917509102 ) ) ;
#1280 = CARTESIAN_POINT ( 'NONE',  ( -24.45861341582720527, 565.9940649054645974, -556.5481833013491269 ) ) ;
#1281 = FACE_OUTER_BOUND ( 'NONE', #3752, .T. ) ;
#1282 = CARTESIAN_POINT ( 'NONE',  ( -15.52028402449242073, 100.5285858843306670, -699.5991841595383676 ) ) ;
#1283 = FACE_OUTER_BOUND ( 'NONE', #4916, .T. ) ;
#1284 = VERTEX_POINT ( 'NONE', #6732 ) ;
#1285 = CARTESIAN_POINT ( 'NONE',  ( -1135.168937477757936, 201.9578311030591067, -670.1258488157400279 ) ) ;
#1286 = ORIENTED_EDGE ( 'NONE', *, *, #8802, .T. ) ;
#1287 = DIRECTION ( 'NONE',  ( -0.000000000000000000, -0.000000000000000000, -1.000000000000000000 ) ) ;
#1288 = DIRECTION ( 'NONE',  ( 0.000000000000000000, 1.000000000000000000, 0.000000000000000000 ) ) ;
#1289 = CARTESIAN_POINT ( 'NONE',  ( -20.86785208232902633, 575.9572881193842022, 573.5195808151703432 ) ) ;
#1290 = VERTEX_POINT ( 'NONE', #9901 ) ;
#1291 = VECTOR ( 'NONE', #2037, 1000.000000000000000 ) ;
#1292 = DIRECTION ( 'NONE',  ( 5.551115123125780730E-16, -1.000000000000000000, 0.000000000000000000 ) ) ;
#1293 = CARTESIAN_POINT ( 'NONE',  ( -24.82662082330910636, 84.44665761806972171, 682.9971968808513338 ) ) ;
#1294 = CARTESIAN_POINT ( 'NONE',  ( -2.873344195592006673E-13, 5.551115123125782702E-14, 680.0000000000000000 ) ) ;
#1295 = CARTESIAN_POINT ( 'NONE',  ( -1125.229071900884946, 217.7279805751314541, 653.3942751600568499 ) ) ;
#1296 = CARTESIAN_POINT ( 'NONE',  ( -1443.041541306736235, 334.9999999999999432, -203.6010951158150704 ) ) ;
#1297 = EDGE_LOOP ( 'NONE', ( #4440, #7693 ) ) ;
#1298 = CARTESIAN_POINT ( 'NONE',  ( -494.2385477949182473, 925.4394108587141545, -137.8023451357098850 ) ) ;
#1299 = VERTEX_POINT ( 'NONE', #5960 ) ;
#1300 = CARTESIAN_POINT ( 'NONE',  ( -1136.123467267190108, 678.3459250147851662, 521.8612727797097932 ) ) ;
#1301 = CARTESIAN_POINT ( 'NONE',  ( -20.63822163987374836, 602.2671185552297857, 539.2052263752015051 ) ) ;
#1302 = ADVANCED_FACE ( 'NONE', ( #1281 ), #7889, .F. ) ;
#1303 = CARTESIAN_POINT ( 'NONE',  ( -395.9708781416680381, 829.5901476323346060, 448.7780475532339892 ) ) ;
#1304 = B_SPLINE_CURVE_WITH_KNOTS ( 'NONE', 3,
 ( #8015, #1814, #8995, #4224, #257, #1914, #7377, #950, #8887, #998, #5629, #4903, #5053, #6598, #900, #7226, #4076, #4947, #4030, #7182, #3255, #9563, #3450, #8940, #5728, #2490, #8785, #8839 ),
 .UNSPECIFIED., .F., .F.,
 ( 4, 2, 2, 2, 2, 2, 2, 2, 2, 2, 2, 2, 2, 4 ),
 ( 0.02316064206400221537, 0.02697408630594184606, 0.03078753054788148022, 0.03269425266885129383, 0.03460097478982111091, 0.03841441903176120304, 0.04032114115273135319, 0.04222786327370150333, 0.04413458539467166042, 0.04508794645515685345, 0.04604130751564204649, 0.04985475175758265903, 0.05176147387855301735, 0.05366819599952337566 ),
 .UNSPECIFIED. ) ;
#1305 = CARTESIAN_POINT ( 'NONE',  ( -1162.722779377963207, 915.3739230883364826, 170.7698225046342486 ) ) ;
#1306 = EDGE_CURVE ( 'NONE', #4909, #3228, #8064, .T. ) ;
#1307 = ADVANCED_FACE ( 'NONE', ( #3954 ), #6560, .F. ) ;
#1308 = CARTESIAN_POINT ( 'NONE',  ( -389.2678758061506414, 846.9047555056620240, 468.2530087568658246 ) ) ;
#1309 = CARTESIAN_POINT ( 'NONE',  ( -489.0854461574068068, 929.1530287637364154, 154.4418697651677519 ) ) ;
#1310 = ORIENTED_EDGE ( 'NONE', *, *, #6212, .T. ) ;
#1311 = ORIENTED_EDGE ( 'NONE', *, *, #9880, .T. ) ;
#1312 = DIRECTION ( 'NONE',  ( 0.000000000000000000, 1.000000000000000000, 0.000000000000000000 ) ) ;
#1313 = DIRECTION ( 'NONE',  ( -1.000000000000000000, 0.000000000000000000, -4.999362528151271919E-51 ) ) ;
#1314 = CARTESIAN_POINT ( 'NONE',  ( -1130.545786949417561, 955.1930551370157900, 143.9886624219226974 ) ) ;
#1315 = DIRECTION ( 'NONE',  ( -1.000000000000000000, 0.000000000000000000, 0.000000000000000000 ) ) ;
#1316 = DIRECTION ( 'NONE',  ( 0.000000000000000000, 0.9797958971132495476, -0.2000000000001063705 ) ) ;
#1317 = ORIENTED_EDGE ( 'NONE', *, *, #5882, .F. ) ;
#1318 = CARTESIAN_POINT ( 'NONE',  ( -1159.932766056844230, 680.7637686455882431, -517.1910533568925530 ) ) ;
#1319 = CARTESIAN_POINT ( 'NONE',  ( -1134.311540099703734, 196.3473723249591671, -630.5352212630172062 ) ) ;
#1320 = AXIS2_PLACEMENT_3D ( 'NONE', #1834, #5130, #5075 ) ;
#1321 = CARTESIAN_POINT ( 'NONE',  ( -489.5112108366939765, 893.6948269955037176, 150.6208338550202939 ) ) ;
#1322 = CARTESIAN_POINT ( 'NONE',  ( -1124.999999999999773, 660.0000000000000000, 562.9128703017760245 ) ) ;
#1323 = AXIS2_PLACEMENT_3D ( 'NONE', #4296, #9227, #4466 ) ;
#1324 = ORIENTED_EDGE ( 'NONE', *, *, #7468, .T. ) ;
#1325 = DIRECTION ( 'NONE',  ( 0.000000000000000000, 0.000000000000000000, 1.000000000000000000 ) ) ;
#1326 = DIRECTION ( 'NONE',  ( 9.733805423170623998E-15, 0.7840326558349542951, -0.6207195780579085609 ) ) ;
#1327 = DIRECTION ( 'NONE',  ( 0.000000000000000000, -0.000000000000000000, 1.000000000000000000 ) ) ;
#1328 = CARTESIAN_POINT ( 'NONE',  ( -1173.750000000000227, 30.00000000000000711, -679.7499999999997726 ) ) ;
#1329 = CARTESIAN_POINT ( 'NONE',  ( -17.04811627523103112, 108.5175041485054805, -698.2882363355623738 ) ) ;
#1330 = ADVANCED_FACE ( 'NONE', ( #2274 ), #8663, .T. ) ;
#1331 = ORIENTED_EDGE ( 'NONE', *, *, #1961, .T. ) ;
#1332 = CARTESIAN_POINT ( 'NONE',  ( -1128.645186376948686, 213.8461793599622638, -663.0547696456195581 ) ) ;
#1333 = ORIENTED_EDGE ( 'NONE', *, *, #3888, .F. ) ;
#1334 = CARTESIAN_POINT ( 'NONE',  ( -1174.276565491676138, 932.5520119569092685, 154.2345808682227357 ) ) ;
#1335 = CARTESIAN_POINT ( 'NONE',  ( -1126.568859614821577, 214.0841990512232371, 658.7916068734203918 ) ) ;
#1336 = FACE_OUTER_BOUND ( 'NONE', #2475, .T. ) ;
#1337 = CARTESIAN_POINT ( 'NONE',  ( 3.345034558532609510E-14, 461.6116523516816414, 633.0330085889911516 ) ) ;
#1338 = CIRCLE ( 'NONE', #7095, 20.00000000000001776 ) ;
#1339 = LINE ( 'NONE', #3652, #7489 ) ;
#1340 = VERTEX_POINT ( 'NONE', #8614 ) ;
#1341 = CARTESIAN_POINT ( 'NONE',  ( -1173.750000000000227, 40.00000000000000000, 679.7499999999997726 ) ) ;
#1342 = CARTESIAN_POINT ( 'NONE',  ( -24.43476948637842483, 82.93673276989792953, 685.3259652061180986 ) ) ;
#1343 = DIRECTION ( 'NONE',  ( -0.000000000000000000, -0.000000000000000000, -1.000000000000000000 ) ) ;
#1344 = CARTESIAN_POINT ( 'NONE',  ( -22.22651463418089079, 85.09964019830049153, -668.5510989758341793 ) ) ;
#1345 = CARTESIAN_POINT ( 'NONE',  ( -1126.976745079352895, 930.6528196237386510, -131.2427034697187764 ) ) ;
#1346 = ORIENTED_EDGE ( 'NONE', *, *, #5628, .T. ) ;
#1347 = CARTESIAN_POINT ( 'NONE',  ( -498.7919159187951550, 918.3018272106011182, -132.8232161395486912 ) ) ;
#1348 = ORIENTED_EDGE ( 'NONE', *, *, #7810, .T. ) ;
#1349 = CARTESIAN_POINT ( 'NONE',  ( -1147.693617172425547, 682.9099499441570060, 512.9943463772633550 ) ) ;
#1350 = CARTESIAN_POINT ( 'NONE',  ( -1443.041541306736235, 345.0000000000000000, 143.6010951158156104 ) ) ;
#1351 = LINE ( 'NONE', #1457, #8275 ) ;
#1352 = CARTESIAN_POINT ( 'NONE',  ( -1125.030962818786520, 939.0946501152435530, -131.8944439869173948 ) ) ;
#1353 = AXIS2_PLACEMENT_3D ( 'NONE', #3101, #6240, #9414 ) ;
#1354 = CARTESIAN_POINT ( 'NONE',  ( -1174.869484622813616, 936.2319491537299427, 151.4242675778722287 ) ) ;
#1355 = CIRCLE ( 'NONE', #6130, 20.00000000000008882 ) ;
#1356 = CARTESIAN_POINT ( 'NONE',  ( -14.51853107460310710, 102.5154594319168950, 659.6477475688861887 ) ) ;
#1357 = EDGE_CURVE ( 'NONE', #5070, #1436, #7393, .T. ) ;
#1358 = CARTESIAN_POINT ( 'NONE',  ( -488.5979846075216528, 929.3900631844320515, 153.2283284689131335 ) ) ;
#1359 = EDGE_LOOP ( 'NONE', ( #9849, #5995, #4970, #9166 ) ) ;
#1360 = CIRCLE ( 'NONE', #7124, 6.000000000000227374 ) ;
#1361 = EDGE_LOOP ( 'NONE', ( #9744, #6635, #5429, #8299, #5737, #2650 ) ) ;
#1362 = CARTESIAN_POINT ( 'NONE',  ( -1124.978481044043747, 936.6202660221084670, 167.8648226275502680 ) ) ;
#1363 = SURFACE_SIDE_STYLE ('',( #6924 ) ) ;
#1364 = EDGE_CURVE ( 'NONE', #8601, #8625, #9490, .T. ) ;
#1365 = EDGE_CURVE ( 'NONE', #977, #4478, #4685, .T. ) ;
#1367 = ADVANCED_FACE ( 'NONE', ( #3749 ), #6322, .F. ) ;
#1366 = CIRCLE ( 'NONE', #8458, 4.999999999999838352 ) ;
#1368 = CARTESIAN_POINT ( 'NONE',  ( -2.927147495130478761E-14, 570.7106781186548687, -559.2893218813454723 ) ) ;
#1369 = AXIS2_PLACEMENT_3D ( 'NONE', #9284, #4525, #6014 ) ;
#1370 = FACE_OUTER_BOUND ( 'NONE', #5860, .T. ) ;
#1371 = DIRECTION ( 'NONE',  ( -0.7941567930306002721, 0.5634716255418391606, -0.2276284588811120502 ) ) ;
#1372 = DIRECTION ( 'NONE',  ( 0.000000000000000000, 0.000000000000000000, -1.000000000000000000 ) ) ;
#1373 = CARTESIAN_POINT ( 'NONE',  ( -1141.903923879622425, 681.5331452757457100, -515.6910665105659746 ) ) ;
#1374 = ADVANCED_FACE ( 'NONE', ( #7841 ), #6174, .F. ) ;
#1375 = CARTESIAN_POINT ( 'NONE',  ( -1130.532887292820533, 955.1649385437930277, -143.9841194627418020 ) ) ;
#1376 = LINE ( 'NONE', #7615, #1397 ) ;
#1377 = VECTOR ( 'NONE', #4834, 1000.000000000000000 ) ;
#1378 = VERTEX_POINT ( 'NONE', #1488 ) ;
#1379 = CARTESIAN_POINT ( 'NONE',  ( -1125.843658777844439, 943.8786675843391549, -166.8594122132629991 ) ) ;
#1380 = ADVANCED_FACE ( 'NONE', ( #10062 ), #5454, .F. ) ;
#1381 = CARTESIAN_POINT ( 'NONE',  ( -1479.774980188727795, 345.0000000000000568, 213.2162459301633248 ) ) ;
#1382 = CARTESIAN_POINT ( 'NONE',  ( -1149.999999999999545, 892.0461840472281665, -379.2016327917505691 ) ) ;
#1383 = DIRECTION ( 'NONE',  ( 0.5786626424054281959, 0.8155670090706020892, 0.000000000000000000 ) ) ;
#1384 = FACE_OUTER_BOUND ( 'NONE', #4860, .T. ) ;
#1385 = CARTESIAN_POINT ( 'NONE',  ( -21.96877252514634193, 86.20509600958247631, -691.9926189935464436 ) ) ;
#1386 = FILL_AREA_STYLE_COLOUR ( '', #8006 ) ;
#1387 = ORIENTED_EDGE ( 'NONE', *, *, #3326, .F. ) ;
#1388 = DIRECTION ( 'NONE',  ( 0.000000000000000000, -1.000000000000000000, 0.000000000000000000 ) ) ;
#1389 = ORIENTED_EDGE ( 'NONE', *, *, #6338, .F. ) ;
#1390 = CARTESIAN_POINT ( 'NONE',  ( -1173.064068683683445, 928.1838374372242697, 161.5097573394859296 ) ) ;
#1391 = CARTESIAN_POINT ( 'NONE',  ( -1125.467480540750103, 215.4349835970664060, 654.8494759639492031 ) ) ;
#1392 = DIRECTION ( 'NONE',  ( 0.000000000000000000, -1.000000000000000000, 0.000000000000000000 ) ) ;
#1393 = CARTESIAN_POINT ( 'NONE',  ( -385.5549505783704944, 844.2703537956053879, -448.7780475532337050 ) ) ;
#1394 = EDGE_CURVE ( 'NONE', #1396, #141, #10228, .T. ) ;
#1395 = DIRECTION ( 'NONE',  ( 0.000000000000000000, 0.000000000000000000, -1.000000000000000000 ) ) ;
#1396 = VERTEX_POINT ( 'NONE', #8514 ) ;
#1397 = VECTOR ( 'NONE', #544, 1000.000000000000000 ) ;
#1398 = DIRECTION ( 'NONE',  ( 0.000000000000000000, 0.000000000000000000, -1.000000000000000000 ) ) ;
#1399 = CARTESIAN_POINT ( 'NONE',  ( -24.57469399341005811, 84.84102320491933824, 684.7393646956113571 ) ) ;
#1400 = LINE ( 'NONE', #620, #4796 ) ;
#1401 = CARTESIAN_POINT ( 'NONE',  ( -1143.493341476338856, 914.6472499256043420, -150.4654232975368586 ) ) ;
#1402 = CARTESIAN_POINT ( 'NONE',  ( -17.12801113885842241, 110.8192725971511265, -661.7744960070230036 ) ) ;
#1403 = CARTESIAN_POINT ( 'NONE',  ( -1163.340625521708034, 919.2602974836355543, 130.7102408837128280 ) ) ;
#1404 = AXIS2_PLACEMENT_3D ( 'NONE', #8158, #8058, #250 ) ;
#1405 = COLOUR_RGB ( '',0.6470588235294117974, 0.6196078431372549211, 0.5882352941176470784 ) ;
#1406 = VERTEX_POINT ( 'NONE', #8464 ) ;
#1407 = CARTESIAN_POINT ( 'NONE',  ( -1482.101636300528753, 345.0000000000000568, -209.2547308487282010 ) ) ;
#1408 = EDGE_CURVE ( 'NONE', #4699, #6660, #3855, .T. ) ;
#1409 = AXIS2_PLACEMENT_3D ( 'NONE', #9595, #6194, #10085 ) ;
#1410 = EDGE_LOOP ( 'NONE', ( #4179, #5838, #2787, #3713 ) ) ;
#1411 = CARTESIAN_POINT ( 'NONE',  ( -1136.419688321478134, 678.5665062419906235, 521.4381014904425911 ) ) ;
#1412 = CARTESIAN_POINT ( 'NONE',  ( -21.61560491409105111, 601.3127071857079500, 537.6609204596383051 ) ) ;
#1413 = CARTESIAN_POINT ( 'NONE',  ( -1162.568755902700786, 918.6422202512979993, -132.6713985248069605 ) ) ;
#1414 = CARTESIAN_POINT ( 'NONE',  ( -1149.999999999999773, 912.4125363088019185, 165.3659685335992435 ) ) ;
#1415 = CARTESIAN_POINT ( 'NONE',  ( -22.78427723109633263, 86.77550351210958013, 669.6968241522400831 ) ) ;
#1416 = CARTESIAN_POINT ( 'NONE',  ( -1149.999999999999773, 2.364775042451583431E-11, 649.9999999999995453 ) ) ;
#1417 = VERTEX_POINT ( 'NONE', #7454 ) ;
#1418 = B_SPLINE_CURVE_WITH_KNOTS ( 'NONE', 3,
 ( #3295, #9610, #7176, #1711, #2536, #5680, #8834, #1762, #1910, #4943, #5986, #4169, #2637, #5877, #6651, #4220, #9706, #9926, #8162, #7491, #6542, #8988, #7322, #5050, #6756, #8214, #1146, #6595, #356, #3559, #4277, #9157, #5829, #6704, #9815, #3395, #2739, #7430, #4997, #5776, #3504, #9042, #1963, #5101, #5931, #9096, #8267, #1199, #8933, #2843, #8319, #253, #4331, #1253, #1862, #1094, #414, #5157, #7373, #1042, #9868, #2022, #2790, #4389, #3608, #8109, #2689, #7540 ),
 .UNSPECIFIED., .F., .F.,
 ( 4, 2, 2, 2, 2, 2, 2, 2, 2, 2, 2, 2, 2, 2, 2, 2, 2, 2, 2, 2, 2, 2, 2, 2, 2, 2, 2, 2, 2, 2, 2, 2, 2, 4 ),
 ( 0.06621766296036853128, 0.06724713954799826920, 0.06827661613562799325, 0.07033556931088741360, 0.07136504589851705438, 0.07239452248614668128, 0.07445347566140594897, 0.07651242883666521666, 0.07857138201192448435, 0.08268928836244301972, 0.08474824153770205148, 0.08680719471296106937, 0.09092510106347942433, 0.09195457765110909287, 0.09298405423873877529, 0.09504300741399841768, 0.09710196058925806006, 0.09916091376451770245, 0.1032788201150369733, 0.1043082967026670443, 0.1053377732902971015, 0.1073967264655575626, 0.1084262030531877447, 0.1094556796408179405, 0.1115146328160780964, 0.1135735859913382384, 0.1156325391665983943, 0.1197504455171187476, 0.1218093986923787508, 0.1238683518676387679, 0.1279862582181590380, 0.1300452113934191800, 0.1310746879810492926, 0.1321041645686794053 ),
 .UNSPECIFIED. ) ;
#1419 = EDGE_LOOP ( 'NONE', ( #5636, #2977, #273, #1980 ) ) ;
#1420 = CARTESIAN_POINT ( 'NONE',  ( -1132.279033992382210, 920.8079508129734450, 154.6034616555286618 ) ) ;
#1421 = MECHANICAL_DESIGN_GEOMETRIC_PRESENTATION_REPRESENTATION (  '', ( #2899 ), #9169 ) ;
#1422 = CARTESIAN_POINT ( 'NONE',  ( -24.61560823963704436, 594.2000906005608840, -533.6237987262512661 ) ) ;
#1423 = CARTESIAN_POINT ( 'NONE',  ( -1129.037256008468603, 953.3895619338975393, 140.3873217650674690 ) ) ;
#1424 = CARTESIAN_POINT ( 'NONE',  ( -25.00000000000029488, 5.508657606012274969E-14, 680.0000000000000000 ) ) ;
#1425 = DIRECTION ( 'NONE',  ( -1.000000000000000000, 0.000000000000000000, 0.000000000000000000 ) ) ;
#1426 = CARTESIAN_POINT ( 'NONE',  ( -1150.678528810303078, 682.9968822151961376, -512.8234430613827044 ) ) ;
#1427 = CARTESIAN_POINT ( 'NONE',  ( -1127.904355476337059, 212.2759760269936180, -661.7438906824850164 ) ) ;
#1428 = DIRECTION ( 'NONE',  ( 1.084036547835517478E-17, -1.000000000000000000, -0.000000000000000000 ) ) ;
#1429 = ORIENTED_EDGE ( 'NONE', *, *, #1617, .T. ) ;
#1430 = AXIS2_PLACEMENT_3D ( 'NONE', #9806, #5040, #6636 ) ;
#1431 = CARTESIAN_POINT ( 'NONE',  ( -1126.876915557684470, 947.0842745225504586, -165.3982211220781551 ) ) ;
#1432 = DIRECTION ( 'NONE',  ( 0.9959043170553903979, -0.08660037539612092106, -0.02598011261883533332 ) ) ;
#1433 = DIRECTION ( 'NONE',  ( 0.000000000000000000, -1.000000000000000000, 0.000000000000000000 ) ) ;
#1434 = DIRECTION ( 'NONE',  ( 1.000000000000000000, 0.000000000000000000, 0.000000000000000000 ) ) ;
#1435 = CARTESIAN_POINT ( 'NONE',  ( -1548.041541306736235, 334.9999999999999432, -158.6010951158150704 ) ) ;
#1436 = VERTEX_POINT ( 'NONE', #9786 ) ;
#1437 = CARTESIAN_POINT ( 'NONE',  ( -1126.093134829835435, 216.8278589558241833, -657.3425893644783855 ) ) ;
#1438 = CARTESIAN_POINT ( 'NONE',  ( -1126.250000000000227, 30.00000000000000711, -626.2499999999996589 ) ) ;
#1439 = CARTESIAN_POINT ( 'NONE',  ( -1125.805694414476193, 215.0342142084872989, 656.3027262734420901 ) ) ;
#1440 = CARTESIAN_POINT ( 'NONE',  ( -1143.981526869360323, 914.2630914521132581, 153.3703080640973724 ) ) ;
#1441 = EDGE_CURVE ( 'NONE', #7726, #4740, #4299, .T. ) ;
#1442 = DIRECTION ( 'NONE',  ( 4.625929269271490844E-16, 0.000000000000000000, -1.000000000000000000 ) ) ;
#1443 = CARTESIAN_POINT ( 'NONE',  ( -1458.041541306736235, 334.9999999999999432, 188.6010951158156388 ) ) ;
#1444 = ORIENTED_EDGE ( 'NONE', *, *, #7607, .F. ) ;
#1445 = FACE_OUTER_BOUND ( 'NONE', #3978, .T. ) ;
#1446 = CARTESIAN_POINT ( 'NONE',  ( -1150.000000000000000, 909.9999999999622560, -350.0000000001863327 ) ) ;
#1447 = FACE_OUTER_BOUND ( 'NONE', #8593, .T. ) ;
#1448 = CARTESIAN_POINT ( 'NONE',  ( -23.70800501939412541, 83.39088961812437617, -672.0408644996668954 ) ) ;
#1449 = CARTESIAN_POINT ( 'NONE',  ( -1173.350321965851435, 930.9051253743350571, 138.4572447982705512 ) ) ;
#1450 = ORIENTED_EDGE ( 'NONE', *, *, #9740, .T. ) ;
#1451 = DIRECTION ( 'NONE',  ( 0.8596027534348208432, -0.5109629206579225924, 0.000000000000000000 ) ) ;
#1452 = ORIENTED_EDGE ( 'NONE', *, *, #3758, .T. ) ;
#1453 = ORIENTED_EDGE ( 'NONE', *, *, #5003, .T. ) ;
#1454 = CARTESIAN_POINT ( 'NONE',  ( -1144.542898321141138, 682.3492281817502771, 514.0945139030623068 ) ) ;
#1455 = EDGE_CURVE ( 'NONE', #7230, #3258, #658, .T. ) ;
#1456 = LINE ( 'NONE', #3055, #2491 ) ;
#1457 = CARTESIAN_POINT ( 'NONE',  ( 39.99999999999971578, 30.00000000000000711, -720.0000000000000000 ) ) ;
#1458 = CIRCLE ( 'NONE', #9040, 22.99999999999998934 ) ;
#1459 = CARTESIAN_POINT ( 'NONE',  ( -1156.181223440580879, 912.8258153111469255, 169.0793747629732309 ) ) ;
#1460 = CARTESIAN_POINT ( 'NONE',  ( -23.41382366049203512, 85.94247510644267152, 671.2193712054432808 ) ) ;
#1461 = ORIENTED_EDGE ( 'NONE', *, *, #4841, .T. ) ;
#1462 = ORIENTED_EDGE ( 'NONE', *, *, #7959, .F. ) ;
#1463 = CARTESIAN_POINT ( 'NONE',  ( -1130.946593776518739, 921.9566758714640855, 157.8508123297772272 ) ) ;
#1464 = CARTESIAN_POINT ( 'NONE',  ( -1443.041541306736235, 334.9999999999999432, -143.6010951158150704 ) ) ;
#1465 = CARTESIAN_POINT ( 'NONE',  ( -1126.250000000000227, 30.00000000000000711, 626.2499999999996589 ) ) ;
#1466 = FACE_OUTER_BOUND ( 'NONE', #9904, .T. ) ;
#1467 = DIRECTION ( 'NONE',  ( 0.000000000000000000, 1.000000000000000000, 0.000000000000000000 ) ) ;
#1468 = CARTESIAN_POINT ( 'NONE',  ( 0.000000000000000000, 30.00000000000000711, 0.000000000000000000 ) ) ;
#1469 =( BOUNDED_CURVE ( )  B_SPLINE_CURVE ( 3, ( #6844, #6019, #7522, #657 ),
 .UNSPECIFIED., .F., .F. ) 
 B_SPLINE_CURVE_WITH_KNOTS ( ( 4, 4 ),
 ( 0.05770159437967566779, 3.199294247969468596 ),
 .UNSPECIFIED. ) 
 CURVE ( )  GEOMETRIC_REPRESENTATION_ITEM ( )  RATIONAL_B_SPLINE_CURVE ( ( 1.000000000000000000, 0.3333333333333333703, 0.3333333333333333703, 1.000000000000000000 ) ) 
 REPRESENTATION_ITEM ( '' )  );
#1470 = DIRECTION ( 'NONE',  ( 0.9959043170553903979, -0.08660037539612092106, 0.02598011261883533332 ) ) ;
#1471 = CARTESIAN_POINT ( 'NONE',  ( -1125.007364814630591, 217.9021993414726239, -650.6067837267333971 ) ) ;
#1472 = CARTESIAN_POINT ( 'NONE',  ( -1166.486485831981099, 921.4092319387782481, 133.4270986554690239 ) ) ;
#1473 = ORIENTED_EDGE ( 'NONE', *, *, #6084, .T. ) ;
#1474 = CIRCLE ( 'NONE', #8404, 6.000000000000116351 ) ;
#1475 = CARTESIAN_POINT ( 'NONE',  ( -1132.800611528969512, 920.4509503933386441, -152.8856874960742118 ) ) ;
#1476 = DIRECTION ( 'NONE',  ( 0.000000000000000000, 0.000000000000000000, 1.000000000000000000 ) ) ;
#1477 = DIRECTION ( 'NONE',  ( 0.000000000000000000, -3.663341854709234296E-15, 1.000000000000000000 ) ) ;
#1478 = CARTESIAN_POINT ( 'NONE',  ( -1174.446834770842088, 934.2214131928066081, -143.0427269629517752 ) ) ;
#1479 = B_SPLINE_CURVE_WITH_KNOTS ( 'NONE', 3,
 ( #3720, #6141, #6868, #3103 ),
 .UNSPECIFIED., .F., .F.,
 ( 4, 4 ),
 ( 3.469446951953614189E-18, 0.001091386176861986173 ),
 .UNSPECIFIED. ) ;
#1480 = CARTESIAN_POINT ( 'NONE',  ( -15.77768795018798187, 98.45519157528639198, -699.3925184427698696 ) ) ;
#1481 = CIRCLE ( 'NONE', #7229, 25.00000000000000711 ) ;
#1482 = ORIENTED_EDGE ( 'NONE', *, *, #9028, .T. ) ;
#1483 = CARTESIAN_POINT ( 'NONE',  ( -1131.031619377292373, 185.9812409481825455, -666.2923913170438937 ) ) ;
#1484 = AXIS2_PLACEMENT_3D ( 'NONE', #7057, #3175, #8564 ) ;
#1485 = CARTESIAN_POINT ( 'NONE',  ( -1125.009721370613988, 177.7514603268095641, 650.6971183727841890 ) ) ;
#1486 = CARTESIAN_POINT ( 'NONE',  ( -1127.648930284779226, 183.4365080339469216, 661.2113110700382776 ) ) ;
#1487 = CARTESIAN_POINT ( 'NONE',  ( -1150.000000000000227, 200.0000000000000000, 650.0000000000011369 ) ) ;
#1488 = CARTESIAN_POINT ( 'NONE',  ( -2.927147495130456041E-14, 586.9741340859451384, 575.5527778486363104 ) ) ;
#1489 = AXIS2_PLACEMENT_3D ( 'NONE', #693, #5436, #4764 ) ;
#1490 = ADVANCED_FACE ( 'NONE', ( #1988 ), #3466, .T. ) ;
#1491 = AXIS2_PLACEMENT_3D ( 'NONE', #9625, #221, #7444 ) ;
#1492 = CARTESIAN_POINT ( 'NONE',  ( -1173.750000000000227, 40.00000000000000000, -679.7499999999997726 ) ) ;
#1493 = ORIENTED_EDGE ( 'NONE', *, *, #2464, .F. ) ;
#1494 = CARTESIAN_POINT ( 'NONE',  ( -23.00000000000029488, 5.512054207381356320E-14, 680.0000000000000000 ) ) ;
#1495 = CARTESIAN_POINT ( 'NONE',  ( -1125.007474887450144, 215.8946617163934150, -650.6113006613397829 ) ) ;
#1496 = CARTESIAN_POINT ( 'NONE',  ( -1150.000000000000227, 200.0000000000000000, 650.0000000000011369 ) ) ;
#1497 = CARTESIAN_POINT ( 'NONE',  ( -1144.876594151092377, 914.8917627537726958, -143.7202325456779590 ) ) ;
#1498 = ADVANCED_FACE ( 'NONE', ( #9063 ), #1933, .F. ) ;
#1499 = CARTESIAN_POINT ( 'NONE',  ( -24.17884258195937264, 82.87887159953912430, -673.6363461118583018 ) ) ;
#1501 = ADVANCED_FACE ( 'NONE', ( #8957, #8237, #5850, #1167, #378 ), #6673, .F. ) ;
#1500 = CARTESIAN_POINT ( 'NONE',  ( -1154.166862704134246, 915.6019944378083437, 132.4104601149207951 ) ) ;
#1502 = EDGE_LOOP ( 'NONE', ( #2162, #8262, #9598, #3108, #9617, #3311 ) ) ;
#1503 = CARTESIAN_POINT ( 'NONE',  ( -1126.250000000000227, 30.00000000000000711, -632.2499999999997726 ) ) ;
#1504 = ORIENTED_EDGE ( 'NONE', *, *, #3261, .F. ) ;
#1505 = EDGE_CURVE ( 'NONE', #7539, #6474, #7471, .T. ) ;
#1506 = ORIENTED_EDGE ( 'NONE', *, *, #2322, .F. ) ;
#1507 = CARTESIAN_POINT ( 'NONE',  ( -1148.794677991995968, 682.9960821642049495, 512.8250152617814592 ) ) ;
#1508 = DIRECTION ( 'NONE',  ( 1.000000000000000000, 0.000000000000000000, 0.000000000000000000 ) ) ;
#1509 = DIRECTION ( 'NONE',  ( 0.8155670090706016451, -0.5786626424054288620, 0.000000000000000000 ) ) ;
#1510 = VECTOR ( 'NONE', #4004, 999.9999999999998863 ) ;
#1511 = CARTESIAN_POINT ( 'NONE',  ( 23.74999999999972289, 30.00000000000000711, -703.7500000000000000 ) ) ;
#1512 = LINE ( 'NONE', #8637, #6165 ) ;
#1513 = CARTESIAN_POINT ( 'NONE',  ( -24.99027862938593358, 122.2485396731904217, 679.3028816272169479 ) ) ;
#1514 = LINE ( 'NONE', #4410, #7738 ) ;
#1515 = ORIENTED_EDGE ( 'NONE', *, *, #4123, .F. ) ;
#1516 = VERTEX_POINT ( 'NONE', #9242 ) ;
#1517 = CARTESIAN_POINT ( 'NONE',  ( -1133.184194612997999, 920.2520935992349678, 151.0951218729046559 ) ) ;
#1518 =( NAMED_UNIT ( * ) PLANE_ANGLE_UNIT ( ) SI_UNIT ( $, .RADIAN. ) );
#1519 = ADVANCED_FACE ( 'NONE', ( #2725 ), #9029, .F. ) ;
#1520 = CARTESIAN_POINT ( 'NONE',  ( -2.880137398330167607E-13, 30.00000000000000711, 680.0000000000000000 ) ) ;
#1521 = B_SPLINE_CURVE_WITH_KNOTS ( 'NONE', 3,
 ( #6265, #6889, #3121, #10052, #5501, #9342, #2264, #9285, #1478, #3219, #813, #7141, #7192, #8749, #856, #7093, #7978, #7880, #29, #3945, #3167, #2408, #8655, #6363, #2454, #123, #1675, #3992, #4818, #79, #9524, #6312, #4773, #8702, #1583, #907, #4038, #5591, #4728, #9483, #5546, #1627 ),
 .UNSPECIFIED., .F., .F.,
 ( 4, 2, 2, 2, 2, 2, 2, 2, 2, 2, 2, 2, 2, 2, 2, 2, 2, 2, 2, 2, 4 ),
 ( 0.03230889811378339499, 0.03518099331768460153, 0.03661704091963514929, 0.03805308852158569705, 0.04092518372548677175, 0.04236123132743718073, 0.04379727892938758971, 0.04666937413328847706, 0.04810542173523874726, 0.04954146933718901746, 0.05241356454108958562, 0.05528565974499013991, 0.05815775494889070807, 0.06102985015279127623, 0.06390194535669184439, 0.06677404056059241255, 0.06964613576449296684, 0.07251823096839354887, 0.07395427857034378438, 0.07539032617229403377, 0.07826242137619393580 ),
 .UNSPECIFIED. ) ;
#1522 = CARTESIAN_POINT ( 'NONE',  ( -1150.000000000000227, 515.2069385598407507, -650.0000000000015916 ) ) ;
#1523 = CARTESIAN_POINT ( 'NONE',  ( -1126.584740726715381, 214.0593715886499808, -658.7767259614685145 ) ) ;
#1524 = CIRCLE ( 'NONE', #9104, 24.99999999999996803 ) ;
#1525 = CARTESIAN_POINT ( 'NONE',  ( -12.34684382335010078, 603.9938504028308444, -551.8759417998728622 ) ) ;
#1526 = EDGE_CURVE ( 'NONE', #3499, #893, #2008, .T. ) ;
#1527 = VERTEX_POINT ( 'NONE', #7633 ) ;
#1528 = CIRCLE ( 'NONE', #1695, 73.00000000000028422 ) ;
#1529 = CARTESIAN_POINT ( 'NONE',  ( -1131.855844525207431, 921.1433319970273033, -155.7380748535711916 ) ) ;
#1530 = CIRCLE ( 'NONE', #2842, 122.9999999999992184 ) ;
#1531 = AXIS2_PLACEMENT_3D ( 'NONE', #1906, #2835, #9754 ) ;
#1532 = DIRECTION ( 'NONE',  ( 0.000000000000000000, 0.000000000000000000, -1.000000000000000000 ) ) ;
#1533 = CARTESIAN_POINT ( 'NONE',  ( -5.940810252328264927E-14, 625.0000000000002274, -488.5786437626904899 ) ) ;
#1534 = ORIENTED_EDGE ( 'NONE', *, *, #3935, .F. ) ;
#1535 = CYLINDRICAL_SURFACE ( 'NONE', #2057, 25.00000000000000711 ) ;
#1536 = DIRECTION ( 'NONE',  ( -1.000000000000000000, 0.000000000000000000, 0.000000000000000000 ) ) ;
#1537 = VECTOR ( 'NONE', #9640, 999.9999999999998863 ) ;
#1538 = AXIS2_PLACEMENT_3D ( 'NONE', #1879, #1728, #9783 ) ;
#1539 = CARTESIAN_POINT ( 'NONE',  ( -1126.995480372806924, 182.4376932537323626, 659.8022121179495798 ) ) ;
#1540 = CARTESIAN_POINT ( 'NONE',  ( -1125.236443549535352, 940.6244740780899747, 169.6945231753864505 ) ) ;
#1541 = DIRECTION ( 'NONE',  ( 0.5786626424054281959, 0.8155670090706020892, 0.000000000000000000 ) ) ;
#1542 = AXIS2_PLACEMENT_3D ( 'NONE', #4216, #6537, #4068 ) ;
#1543 = CARTESIAN_POINT ( 'NONE',  ( -24.76554021324346522, 568.2138206702899197, 566.7358768258688997 ) ) ;
#1544 = ORIENTED_EDGE ( 'NONE', *, *, #6600, .F. ) ;
#1545 = DIRECTION ( 'NONE',  ( 0.000000000000000000, 0.000000000000000000, 1.000000000000000000 ) ) ;
#1546 = CARTESIAN_POINT ( 'NONE',  ( -1127.139634564999596, 212.5581269176500996, -639.8667837825602192 ) ) ;
#1547 = CARTESIAN_POINT ( 'NONE',  ( -1128.759444201650922, 651.1688858314254276, -553.0841739656881373 ) ) ;
#1548 = CARTESIAN_POINT ( 'NONE',  ( -1144.485757933714467, 914.9041355504195963, -144.5925226152234302 ) ) ;
#1549 = DIRECTION ( 'NONE',  ( 1.000000000000000000, 0.000000000000000000, -2.220446049250312292E-15 ) ) ;
#1550 = CARTESIAN_POINT ( 'NONE',  ( -1159.478281611893408, 917.2388834261454349, 130.8507962315673296 ) ) ;
#1551 = ORIENTED_EDGE ( 'NONE', *, *, #4119, .F. ) ;
#1552 = EDGE_CURVE ( 'NONE', #2698, #9173, #8408, .T. ) ;
#1553 = CARTESIAN_POINT ( 'NONE',  ( -17.45141532981820731, 97.07531780129478705, -662.0986585067131500 ) ) ;
#1554 = VERTEX_POINT ( 'NONE', #2174 ) ;
#1555 = EDGE_CURVE ( 'NONE', #6159, #9178, #1474, .T. ) ;
#1556 = VERTEX_POINT ( 'NONE', #2118 ) ;
#1557 = DIRECTION ( 'NONE',  ( 0.000000000000000000, 0.000000000000000000, -1.000000000000000000 ) ) ;
#1558 = CARTESIAN_POINT ( 'NONE',  ( -25.00000000000029843, 122.2371864296536330, 680.0000000000000000 ) ) ;
#1559 = CARTESIAN_POINT ( 'NONE',  ( -1150.000000000000000, -804.6428199482242007, 0.000000000000000000 ) ) ;
#1560 = CARTESIAN_POINT ( 'NONE',  ( -1168.645148968213334, 923.4517462305515210, -134.5488791530065384 ) ) ;
#1561 = AXIS2_PLACEMENT_3D ( 'NONE', #2602, #5795, #3313 ) ;
#1562 = ADVANCED_FACE ( 'NONE', ( #562 ), #8886, .F. ) ;
#1563 = CARTESIAN_POINT ( 'NONE',  ( -9.662041646622636648, 589.8958606730175234, 572.6179484413378304 ) ) ;
#1564 = CARTESIAN_POINT ( 'NONE',  ( -23.00360263696860841, 119.8554934071928813, 670.1915561338240650 ) ) ;
#1565 = FACE_OUTER_BOUND ( 'NONE', #5664, .T. ) ;
#1566 = EDGE_CURVE ( 'NONE', #6448, #1015, #1130, .T. ) ;
#1567 = ORIENTED_EDGE ( 'NONE', *, *, #1526, .T. ) ;
#1568 = VERTEX_POINT ( 'NONE', #4260 ) ;
#1569 = DIRECTION ( 'NONE',  ( 0.000000000000000000, 0.000000000000000000, 1.000000000000000000 ) ) ;
#1570 = FILL_AREA_STYLE_COLOUR ( '', #962 ) ;
#1571 = DIRECTION ( 'NONE',  ( 0.000000000000000000, 1.000000000000000000, 0.000000000000000000 ) ) ;
#1572 = CARTESIAN_POINT ( 'NONE',  ( -1135.264203515680492, 919.1487825735214301, -144.1012449615721494 ) ) ;
#1573 = DIRECTION ( 'NONE',  ( -0.5786626424054287510, -0.8155670090706016451, 0.000000000000000000 ) ) ;
#1574 = CARTESIAN_POINT ( 'NONE',  ( -1458.041541306736235, 334.9999999999999432, 158.6010951158156388 ) ) ;
#1575 = DIRECTION ( 'NONE',  ( 1.084036547835517478E-17, -1.000000000000000000, -6.123233995736766036E-17 ) ) ;
#1576 = CARTESIAN_POINT ( 'NONE',  ( -1129.156821224592477, 210.3851434107857585, -663.8124804403615826 ) ) ;
#1577 = CARTESIAN_POINT ( 'NONE',  ( -1173.059802416706589, 929.9785550475058926, 140.9528674545028082 ) ) ;
#1578 = AXIS2_PLACEMENT_3D ( 'NONE', #495, #3643, #9795 ) ;
#1579 = EDGE_LOOP ( 'NONE', ( #5573, #6099, #767, #8301 ) ) ;
#1580 = CARTESIAN_POINT ( 'NONE',  ( -1133.184350611768878, 920.2522296482248976, -151.0918148786309985 ) ) ;
#1581 = ADVANCED_FACE ( 'NONE', ( #9194 ), #4317, .F. ) ;
#1582 = CARTESIAN_POINT ( 'NONE',  ( -24.46689148888991028, 571.0533745974146314, -566.4202639584183316 ) ) ;
#1583 = CARTESIAN_POINT ( 'NONE',  ( -1155.965855971758401, 916.0284812731059674, -131.7204360675509633 ) ) ;
#1584 = CARTESIAN_POINT ( 'NONE',  ( -1126.999084511092633, 930.4156917322710569, 133.5204444460115667 ) ) ;
#1585 = LINE ( 'NONE', #9574, #1973 ) ;
#1586 = SURFACE_STYLE_FILL_AREA ( #8657 ) ;
#1587 = ORIENTED_EDGE ( 'NONE', *, *, #6985, .F. ) ;
#1588 = CARTESIAN_POINT ( 'NONE',  ( -1133.949126865916469, 191.5486402438190225, -669.1676500861275372 ) ) ;
#1589 = CARTESIAN_POINT ( 'NONE',  ( -1165.476391733516039, 917.4814232431093615, 168.6310513847234631 ) ) ;
#1590 = CARTESIAN_POINT ( 'NONE',  ( -489.9920626260969243, 928.6651707514067766, -155.8719097027343423 ) ) ;
#1591 = CARTESIAN_POINT ( 'NONE',  ( -1126.988025768320995, 927.5400138480061969, 166.9445922502849271 ) ) ;
#1592 = CARTESIAN_POINT ( 'NONE',  ( -20.58461519823556074, 566.9510734602583852, 542.2586279811091572 ) ) ;
#1593 = FACE_OUTER_BOUND ( 'NONE', #5231, .T. ) ;
#1594 = ORIENTED_EDGE ( 'NONE', *, *, #5333, .F. ) ;
#1595 = LINE ( 'NONE', #875, #5310 ) ;
#1596 = CARTESIAN_POINT ( 'NONE',  ( -1127.138955635702587, 657.3835220730433093, -552.0780268515278522 ) ) ;
#1597 = CARTESIAN_POINT ( 'NONE',  ( -12.05582537549923750, 603.7873664448615045, -552.5165400981718449 ) ) ;
#1598 = LINE ( 'NONE', #973, #2969 ) ;
#1599 = CARTESIAN_POINT ( 'NONE',  ( -1171.103740331921927, 650.8218317767820054, 553.0701316463365629 ) ) ;
#1600 = AXIS2_PLACEMENT_3D ( 'NONE', #3930, #6300, #8061 ) ;
#1601 = ORIENTED_EDGE ( 'NONE', *, *, #6339, .F. ) ;
#1602 = CARTESIAN_POINT ( 'NONE',  ( -23.59861629310183773, 118.4332862433283253, -671.7282455004481108 ) ) ;
#1603 = VERTEX_POINT ( 'NONE', #6689 ) ;
#1604 = VERTEX_POINT ( 'NONE', #1337 ) ;
#1605 = CARTESIAN_POINT ( 'NONE',  ( -1168.534473769743045, 673.6330540216184772, 530.7098583789211261 ) ) ;
#1606 = FILL_AREA_STYLE ('',( #7904 ) ) ;
#1607 = CARTESIAN_POINT ( 'NONE',  ( -1141.475520282304387, 914.9308490195554668, -154.4702785393159274 ) ) ;
#1608 = CARTESIAN_POINT ( 'NONE',  ( 0.000000000000000000, 40.00000000000000000, 689.9999999999997726 ) ) ;
#1609 = CARTESIAN_POINT ( 'NONE',  ( -1142.755224710203265, 915.5739957901796515, -142.0087188766815416 ) ) ;
#1610 = ORIENTED_EDGE ( 'NONE', *, *, #7273, .T. ) ;
#1611 = EDGE_CURVE ( 'NONE', #5342, #8788, #9968, .T. ) ;
#1612 = ORIENTED_EDGE ( 'NONE', *, *, #9740, .F. ) ;
#1613 = DIRECTION ( 'NONE',  ( 0.000000000000000000, 1.000000000000000000, 0.000000000000000000 ) ) ;
#1614 = CARTESIAN_POINT ( 'NONE',  ( -16.88529012673950902, 583.2034228884682534, 572.9059122747737547 ) ) ;
#1615 = AXIS2_PLACEMENT_3D ( 'NONE', #4680, #5597, #8660 ) ;
#1616 = CARTESIAN_POINT ( 'NONE',  ( -1174.357500665336829, 933.1409620892509338, -151.4250519234162482 ) ) ;
#1617 = EDGE_CURVE ( 'NONE', #8625, #7523, #6024, .T. ) ;
#1618 =( NAMED_UNIT ( * ) SI_UNIT ( $, .STERADIAN. ) SOLID_ANGLE_UNIT ( ) );
#1619 = EDGE_CURVE ( 'NONE', #3485, #1990, #6911, .T. ) ;
#1620 = CARTESIAN_POINT ( 'NONE',  ( -2.932933592890421573E-13, 408.5786437626903762, -655.0000000000000000 ) ) ;
#1621 = CARTESIAN_POINT ( 'NONE',  ( -1125.085910827523549, 217.7252168843845652, -647.8152159030395296 ) ) ;
#1622 = CARTESIAN_POINT ( 'NONE',  ( -1162.520703230633217, 918.6018250617784133, 132.6537445381895850 ) ) ;
#1623 = EDGE_CURVE ( 'NONE', #1124, #8212, #7225, .T. ) ;
#1624 = VERTEX_POINT ( 'NONE', #6632 ) ;
#1625 = ORIENTED_EDGE ( 'NONE', *, *, #10077, .F. ) ;
#1626 = CARTESIAN_POINT ( 'NONE',  ( -1482.101636300528526, 345.0000000000000568, -173.2334895884941659 ) ) ;
#1627 = CARTESIAN_POINT ( 'NONE',  ( -1149.999999999999773, 915.0904436612948984, -134.6941054202129351 ) ) ;
#1628 = CARTESIAN_POINT ( 'NONE',  ( -1150.000000000000909, 938.9285782095131481, 149.8625354325497483 ) ) ;
#1629 = EDGE_LOOP ( 'NONE', ( #7966, #4925, #4041, #9979 ) ) ;
#1630 = CARTESIAN_POINT ( 'NONE',  ( -15.37446226272693650, 585.2396137068371900, -572.6752800365019311 ) ) ;
#1631 = CARTESIAN_POINT ( 'NONE',  ( -1171.378465727789717, 924.5468358032749165, 164.9033893812618885 ) ) ;
#1632 = DIRECTION ( 'NONE',  ( 0.04118683666227203333, 0.9991514622347080765, 0.000000000000000000 ) ) ;
#1633 = CARTESIAN_POINT ( 'NONE',  ( -1132.496261711920624, 956.0521579796995866, 159.0198993087852841 ) ) ;
#1634 = CARTESIAN_POINT ( 'NONE',  ( -23.61835453398183660, 598.7734642374415444, 532.7599760862248104 ) ) ;
#1635 = CARTESIAN_POINT ( 'NONE',  ( -24.63595384744956718, 564.2039917320201994, 559.7630809709448840 ) ) ;
#1636 = ORIENTED_EDGE ( 'NONE', *, *, #1617, .F. ) ;
#1637 = CARTESIAN_POINT ( 'NONE',  ( -480.0430627306076872, 911.3117373309971754, 302.7158385259953093 ) ) ;
#1638 = CARTESIAN_POINT ( 'NONE',  ( -1143.419248028834545, 915.4676424296685582, 141.0101266396513893 ) ) ;
#1639 = CARTESIAN_POINT ( 'NONE',  ( -1149.999999999999773, 563.0023460702811917, 610.3705144992946998 ) ) ;
#1640 = EDGE_CURVE ( 'NONE', #9824, #8557, #2777, .T. ) ;
#1641 = DIRECTION ( 'NONE',  ( -1.000000000000000000, 0.000000000000000000, 0.000000000000000000 ) ) ;
#1642 = DIRECTION ( 'NONE',  ( 0.000000000000000000, -1.000000000000000000, 0.000000000000000000 ) ) ;
#1643 = AXIS2_PLACEMENT_3D ( 'NONE', #1393, #6272, #1541 ) ;
#1644 = ORIENTED_EDGE ( 'NONE', *, *, #108, .F. ) ;
#1645 = CARTESIAN_POINT ( 'NONE',  ( -17.63261908750210338, 106.7180052346767951, -662.2770567547721612 ) ) ;
#1646 = B_SPLINE_CURVE_WITH_KNOTS ( 'NONE', 3,
 ( #6347, #3634, #3881, #3059, #8338, #6776, #9948, #6008, #2101, #10142, #5234, #7029, #8391, #3827, #8, #4799, #788, #2481, #7957, #678, #5568, #9462, #5615, #10134, #9547, #6965, #7805, #888, #3054, #3921, #4016, #6191, #7167, #7023 ),
 .UNSPECIFIED., .F., .F.,
 ( 4, 2, 2, 2, 2, 2, 2, 2, 2, 2, 2, 2, 2, 2, 2, 2, 4 ),
 ( 0.09144868812681614112, 0.09539290795391318356, 0.09933712778101022600, 0.1003231827377845387, 0.1013092376945588513, 0.1032813476081074627, 0.1052534575216560880, 0.1072255674352046995, 0.1111697872623018529, 0.1131418971758503811, 0.1151140070893988954, 0.1170861170029474096, 0.1180721719597216668, 0.1190582269164959239, 0.1210303368300445076, 0.1220163917868187786, 0.1230024467435930358 ),
 .UNSPECIFIED. ) ;
#1647 = ORIENTED_EDGE ( 'NONE', *, *, #6263, .F. ) ;
#1648 = COLOUR_RGB ( '',0.7764705882352941346, 0.7568627450980391913, 0.7372549019607843590 ) ;
#1649 = CIRCLE ( 'NONE', #8891, 25.00000000000002132 ) ;
#1650 = ORIENTED_EDGE ( 'NONE', *, *, #9566, .F. ) ;
#1651 = DIRECTION ( 'NONE',  ( 0.000000000000000000, 1.000000000000000000, 0.000000000000000000 ) ) ;
#1652 = FACE_OUTER_BOUND ( 'NONE', #9798, .T. ) ;
#1653 = DIRECTION ( 'NONE',  ( 0.5786626424054247542, 0.8155670090706044206, 9.251858538542942245E-15 ) ) ;
#1654 = CARTESIAN_POINT ( 'NONE',  ( 39.99999999999971578, 40.00000000000000000, 0.000000000000000000 ) ) ;
#1655 = DIRECTION ( 'NONE',  ( -0.000000000000000000, 1.000000000000000000, -0.000000000000000000 ) ) ;
#1656 = CARTESIAN_POINT ( 'NONE',  ( -1128.797918518067036, 953.2930075787622854, 136.8831256053600498 ) ) ;
#1657 = ORIENTED_EDGE ( 'NONE', *, *, #2708, .T. ) ;
#1658 = AXIS2_PLACEMENT_3D ( 'NONE', #1446, #4590, #44 ) ;
#1659 = EDGE_LOOP ( 'NONE', ( #5541, #3556, #498, #7187 ) ) ;
#1660 = DIRECTION ( 'NONE',  ( 0.000000000000000000, 0.000000000000000000, -1.000000000000000000 ) ) ;
#1661 =( NAMED_UNIT ( * ) SI_UNIT ( $, .STERADIAN. ) SOLID_ANGLE_UNIT ( ) );
#1662 = CARTESIAN_POINT ( 'NONE',  ( -1165.500663205340970, 917.4811128620057161, -168.6483818392075875 ) ) ;
#1663 = CARTESIAN_POINT ( 'NONE',  ( -488.0121001770309590, 929.6555221688516895, -149.7268581015163988 ) ) ;
#1664 = FACE_OUTER_BOUND ( 'NONE', #1209, .T. ) ;
#1665 = CIRCLE ( 'NONE', #10088, 18.00000000000001421 ) ;
#1666 = DIRECTION ( 'NONE',  ( -3.892316372769485506E-15, -0.7071067811865453523, -0.7071067811865496822 ) ) ;
#1667 = CYLINDRICAL_SURFACE ( 'NONE', #7301, 4.999999999999838352 ) ;
#1668 = EDGE_LOOP ( 'NONE', ( #9204, #6004 ) ) ;
#1669 = EDGE_CURVE ( 'NONE', #7070, #4146, #2067, .T. ) ;
#1670 = EDGE_CURVE ( 'NONE', #487, #9173, #8305, .T. ) ;
#1671 = ORIENTED_EDGE ( 'NONE', *, *, #2023, .F. ) ;
#1672 = ADVANCED_FACE ( 'NONE', ( #5974, #5199 ), #10042, .F. ) ;
#1673 = CARTESIAN_POINT ( 'NONE',  ( -24.98191966196204916, 565.6809956246139564, -562.8743367682825465 ) ) ;
#1674 = CARTESIAN_POINT ( 'NONE',  ( -25.00639772642655245, 567.9537463079179815, -561.7738095768203266 ) ) ;
#1675 = CARTESIAN_POINT ( 'NONE',  ( -1166.069768553421227, 921.2021109894781148, -131.2068117844312667 ) ) ;
#1676 = FACE_OUTER_BOUND ( 'NONE', #2049, .T. ) ;
#1677 = ADVANCED_FACE ( 'NONE', ( #1370 ), #5264, .T. ) ;
#1678 = VECTOR ( 'NONE', #3297, 1000.000000000000000 ) ;
#1679 = VERTEX_POINT ( 'NONE', #6002 ) ;
#1680 = CARTESIAN_POINT ( 'NONE',  ( -2.873344195592006673E-13, 5.551115123125782702E-14, 680.0000000000000000 ) ) ;
#1681 = CARTESIAN_POINT ( 'NONE',  ( 3.038872858745776688E-14, 479.2893218813453018, 650.7106781186548687 ) ) ;
#1682 = LINE ( 'NONE', #3224, #6988 ) ;
#1683 = CARTESIAN_POINT ( 'NONE',  ( -1127.240934797416230, 926.9985986207544784, 166.5945691021709081 ) ) ;
#1684 = VECTOR ( 'NONE', #3862, 1000.000000000000000 ) ;
#1685 = ADVANCED_FACE ( 'NONE', ( #1466 ), #6878, .F. ) ;
#1686 = ORIENTED_EDGE ( 'NONE', *, *, #9958, .F. ) ;
#1687 = AXIS2_PLACEMENT_3D ( 'NONE', #4808, #9612, #5682 ) ;
#1688 = CARTESIAN_POINT ( 'NONE',  ( -1126.250000000000227, 30.00000000000000711, 620.2499999999995453 ) ) ;
#1689 = EDGE_LOOP ( 'NONE', ( #1534, #8126, #2657, #4359 ) ) ;
#1690 = CARTESIAN_POINT ( 'NONE',  ( -1149.999999999999773, 2.356349356185752364E-11, 672.9999999999995453 ) ) ;
#1691 = CARTESIAN_POINT ( 'NONE',  ( -1127.672894973060238, 654.4639459866563129, -552.9482537672475928 ) ) ;
#1692 = CARTESIAN_POINT ( 'NONE',  ( -1482.101636300528753, 345.0000000000000568, 137.2122483282604719 ) ) ;
#1693 = CARTESIAN_POINT ( 'NONE',  ( -357.7080113700176867, 824.5123409701822084, -302.7158385259953661 ) ) ;
#1694 = DIRECTION ( 'NONE',  ( 2.071647322355158349E-38, 0.000000000000000000, 1.000000000000000000 ) ) ;
#1695 = AXIS2_PLACEMENT_3D ( 'NONE', #8189, #4917, #5854 ) ;
#1696 = AXIS2_PLACEMENT_3D ( 'NONE', #3120, #4817, #3991 ) ;
#1697 = ORIENTED_EDGE ( 'NONE', *, *, #3789, .F. ) ;
#1698 = CARTESIAN_POINT ( 'NONE',  ( -19.95854342196620124, 112.4412250643618307, -664.9398735109547260 ) ) ;
#1699 = EDGE_LOOP ( 'NONE', ( #3965, #7231, #4023, #5916 ) ) ;
#1700 = ADVANCED_FACE ( 'NONE', ( #3836 ), #5279, .F. ) ;
#1701 = EDGE_LOOP ( 'NONE', ( #156, #993, #6359, #25, #9467 ) ) ;
#1702 = DIRECTION ( 'NONE',  ( 0.000000000000000000, 0.000000000000000000, -1.000000000000000000 ) ) ;
#1703 = DIRECTION ( 'NONE',  ( 0.000000000000000000, 0.000000000000000000, -1.000000000000000000 ) ) ;
#1704 = CARTESIAN_POINT ( 'NONE',  ( -1140.628775031622808, 915.5521868292056524, -151.1511120516048834 ) ) ;
#1705 = CARTESIAN_POINT ( 'NONE',  ( -1150.000000000000227, 39.99999999999997868, -675.0000000000011369 ) ) ;
#1706 = EDGE_CURVE ( 'NONE', #5939, #5316, #3627, .T. ) ;
#1707 = UNCERTAINTY_MEASURE_WITH_UNIT (LENGTH_MEASURE( 1.000000000000000082E-05 ), #4319, 'distance_accuracy_value', 'NONE');
#1708 = CARTESIAN_POINT ( 'NONE',  ( -1135.846196246004183, 918.3632834690773734, 148.4882998625811865 ) ) ;
#1709 = AXIS2_PLACEMENT_3D ( 'NONE', #493, #6570, #7567 ) ;
#1710 = ORIENTED_EDGE ( 'NONE', *, *, #9889, .T. ) ;
#1711 = CARTESIAN_POINT ( 'NONE',  ( -1134.192186733866947, 958.2482949139586026, -151.2534551979496769 ) ) ;
#1712 = CARTESIAN_POINT ( 'NONE',  ( -24.97676147712491002, 568.8615299440831450, 563.4181333306369197 ) ) ;
#1713 = AXIS2_PLACEMENT_3D ( 'NONE', #3411, #7451, #5741 ) ;
#1714 = AXIS2_PLACEMENT_3D ( 'NONE', #1522, #3839, #10153 ) ;
#1715 = CARTESIAN_POINT ( 'NONE',  ( -1158.868587812682790, 913.7695129760444388, -168.0204008772374493 ) ) ;
#1716 = CLOSED_SHELL ( 'NONE', ( #5357, #9065, #9556, #2344, #7234, #5579, #7383, #1978, #2877, #7274, #7115, #4232, #3623, #6502, #2222, #7613, #5137, #8390, #2909, #766, #4383, #157, #9692, #2267, #5331, #4603, #1367, #9947, #2743, #5422, #5711, #412, #6482, #3097, #9631, #5521, #9881, #2018 ) ) ;
#1717 = CIRCLE ( 'NONE', #4881, 6.000000000000005329 ) ;
#1718 = CARTESIAN_POINT ( 'NONE',  ( 24.99999999999996447, 600.0000000000000000, -488.5786437626906036 ) ) ;
#1719 = CARTESIAN_POINT ( 'NONE',  ( -2.902317422911738039E-13, 408.5786437626904899, -580.0000000000001137 ) ) ;
#1720 = CARTESIAN_POINT ( 'NONE',  ( -20.70844515487772242, 567.9917474098003822, -541.2340033139643083 ) ) ;
#1721 = VECTOR ( 'NONE', #4108, 1000.000000000000000 ) ;
#1722 = ORIENTED_EDGE ( 'NONE', *, *, #4871, .F. ) ;
#1723 = CARTESIAN_POINT ( 'NONE',  ( -480.0430627306076872, 911.3117373309971754, 302.7158385259953093 ) ) ;
#1724 = CARTESIAN_POINT ( 'NONE',  ( -1458.041541306736235, 334.9999999999999432, 183.6010951158157809 ) ) ;
#1725 = CARTESIAN_POINT ( 'NONE',  ( -23.51016952161463180, 119.8951509482895261, -688.5231326547818753 ) ) ;
#1726 = VERTEX_POINT ( 'NONE', #3779 ) ;
#1727 = CARTESIAN_POINT ( 'NONE',  ( 0.000000000000000000, 345.0000000000000000, 0.000000000000000000 ) ) ;
#1728 = DIRECTION ( 'NONE',  ( -0.5786626424054287510, -0.8155670090706016451, 0.000000000000000000 ) ) ;
#1729 = CARTESIAN_POINT ( 'NONE',  ( -1170.763424342556164, 923.5033737375612191, 165.6866826699914270 ) ) ;
#1730 = CARTESIAN_POINT ( 'NONE',  ( -40.00000000000034106, 40.00000000000000000, 640.0000000000000000 ) ) ;
#1731 = CARTESIAN_POINT ( 'NONE',  ( -19.05855553063248564, 108.4497550808024755, -696.1821920718828096 ) ) ;
#1732 = MECHANICAL_DESIGN_GEOMETRIC_PRESENTATION_REPRESENTATION (  '', ( #410 ), #8509 ) ;
#1733 = CARTESIAN_POINT ( 'NONE',  ( -24.74103620357608335, 585.8800379140250243, 532.0512157111207898 ) ) ;
#1734 = AXIS2_PLACEMENT_3D ( 'NONE', #5693, #3409, #8898 ) ;
#1735 = CARTESIAN_POINT ( 'NONE',  ( -494.3455888524598549, 897.3241915399356685, 139.4071177605023593 ) ) ;
#1736 = EDGE_LOOP ( 'NONE', ( #1162, #4873, #9364, #4375, #2703 ) ) ;
#1737 = FACE_OUTER_BOUND ( 'NONE', #9717, .T. ) ;
#1738 = DIRECTION ( 'NONE',  ( -2.071647322355158349E-38, 0.000000000000000000, -1.000000000000000000 ) ) ;
#1739 = CARTESIAN_POINT ( 'NONE',  ( -7.901184549499299159, 596.1038255013738762, -566.4937369913030807 ) ) ;
#1740 = SURFACE_SIDE_STYLE ('',( #2567 ) ) ;
#1741 = STYLED_ITEM ( 'NONE', ( #8920 ), #4373 ) ;
#1742 = CARTESIAN_POINT ( 'NONE',  ( -1458.041541306736235, 334.9999999999999432, 163.6010951158154398 ) ) ;
#1743 = CARTESIAN_POINT ( 'NONE',  ( -1171.667339066598515, 652.2749773485676315, 553.1192668363354414 ) ) ;
#1744 = ORIENTED_EDGE ( 'NONE', *, *, #1048, .F. ) ;
#1745 = CARTESIAN_POINT ( 'NONE',  ( -1126.250000000000455, 30.00000000000000711, 679.7499999999998863 ) ) ;
#1746 = EDGE_LOOP ( 'NONE', ( #3169, #423 ) ) ;
#1747 = EDGE_CURVE ( 'NONE', #6603, #5372, #9758, .T. ) ;
#1748 = DIRECTION ( 'NONE',  ( 0.000000000000000000, 1.000000000000000000, 0.000000000000000000 ) ) ;
#1749 = ORIENTED_EDGE ( 'NONE', *, *, #2133, .T. ) ;
#1750 = CARTESIAN_POINT ( 'NONE',  ( -1140.629181445681752, 915.5515031110137443, 151.1570339854818599 ) ) ;
#1751 = CARTESIAN_POINT ( 'NONE',  ( -1172.999999999999773, 660.0000000000000000, -550.4159941854394447 ) ) ;
#1752 = DIRECTION ( 'NONE',  ( 0.000000000000000000, 0.000000000000000000, 1.000000000000000000 ) ) ;
#1753 = VECTOR ( 'NONE', #3383, 1000.000000000000000 ) ;
#1754 = CARTESIAN_POINT ( 'NONE',  ( -1141.012836537580142, 915.2346318685356437, -153.0183235712973158 ) ) ;
#1755 = CARTESIAN_POINT ( 'NONE',  ( -490.4291445097264841, 894.2180871067429280, -145.5017525349455525 ) ) ;
#1756 = CARTESIAN_POINT ( 'NONE',  ( -1135.732264942684424, 918.3234511076622084, -149.8594389012232284 ) ) ;
#1757 = PRESENTATION_LAYER_ASSIGNMENT (  '', '', ( #435 ) ) ;
#1758 = AXIS2_PLACEMENT_3D ( 'NONE', #2465, #823, #5554 ) ;
#1759 = CARTESIAN_POINT ( 'NONE',  ( -2.927147495130478761E-14, 570.7106781186548687, -559.2893218813454723 ) ) ;
#1760 = ORIENTED_EDGE ( 'NONE', *, *, #4937, .T. ) ;
#1761 = ADVANCED_FACE ( 'NONE', ( #8793 ), #7385, .F. ) ;
#1762 = CARTESIAN_POINT ( 'NONE',  ( -1133.951741846825826, 957.7832357129317415, -154.3183551927122039 ) ) ;
#1763 = CARTESIAN_POINT ( 'NONE',  ( -1156.281065194787743, 913.0594280041461843, -166.9659089223225124 ) ) ;
#1764 = EDGE_CURVE ( 'NONE', #8282, #1378, #6255, .T. ) ;
#1765 = CARTESIAN_POINT ( 'NONE',  ( -489.5762043740896843, 893.7299122021389621, -150.9726853541768889 ) ) ;
#1766 = FACE_OUTER_BOUND ( 'NONE', #5122, .T. ) ;
#1767 = CARTESIAN_POINT ( 'NONE',  ( -1458.041541306736235, 334.9999999999999432, 183.6010951158157809 ) ) ;
#1768 = VERTEX_POINT ( 'NONE', #4614 ) ;
#1769 = CIRCLE ( 'NONE', #7543, 25.00000000000002132 ) ;
#1770 = CARTESIAN_POINT ( 'NONE',  ( -20.26204543215179399, 576.8175634022718441, -574.0005124788319790 ) ) ;
#1771 = CARTESIAN_POINT ( 'NONE',  ( -1165.685182348255012, 917.4504923624270987, -170.6325175792808295 ) ) ;
#1772 = DIRECTION ( 'NONE',  ( 0.9991514412379743915, -0.04118683579675175982, 0.0002050100731056651480 ) ) ;
#1773 = ORIENTED_EDGE ( 'NONE', *, *, #5096, .F. ) ;
#1774 = CARTESIAN_POINT ( 'NONE',  ( -10.66740401436243069, 596.4276226208016851, -564.3104722516967513 ) ) ;
#1775 = LINE ( 'NONE', #4911, #5996 ) ;
#1776 = CARTESIAN_POINT ( 'NONE',  ( -1131.933974924467066, 956.1681028347179563, -151.0826795301216805 ) ) ;
#1777 = CARTESIAN_POINT ( 'NONE',  ( -498.0598117947542960, 920.0001971504693756, -165.8864400897067810 ) ) ;
#1778 = CARTESIAN_POINT ( 'NONE',  ( -23.26447781433210693, 86.81536292070971683, -689.1674203532968477 ) ) ;
#1779 = CARTESIAN_POINT ( 'NONE',  ( -24.99089837928172386, 589.5124704014256167, 531.4595035202154349 ) ) ;
#1780 = EDGE_LOOP ( 'NONE', ( #3469, #2364 ) ) ;
#1781 = CARTESIAN_POINT ( 'NONE',  ( -1149.999999999999773, 40.00000000000000000, 649.9999999999996589 ) ) ;
#1782 = CARTESIAN_POINT ( 'NONE',  ( -1132.532377393149773, 645.0180990227277107, -551.9456402753179418 ) ) ;
#1783 = CARTESIAN_POINT ( 'NONE',  ( -1523.981446312945081, 345.0000000000000568, 173.9687006431360032 ) ) ;
#1784 = PRESENTATION_STYLE_ASSIGNMENT (( #3232 ) ) ;
#1785 = DIRECTION ( 'NONE',  ( 0.000000000000000000, 0.7071067811865474617, -0.7071067811865474617 ) ) ;
#1786 = DIRECTION ( 'NONE',  ( 0.8155670090706016451, -0.5786626424054288620, 0.000000000000000000 ) ) ;
#1787 = VERTEX_POINT ( 'NONE', #691 ) ;
#1788 = CARTESIAN_POINT ( 'NONE',  ( -1128.732394066458028, 209.9171374205903930, 636.8515084820489847 ) ) ;
#1789 = ORIENTED_EDGE ( 'NONE', *, *, #9746, .T. ) ;
#1790 = CARTESIAN_POINT ( 'NONE',  ( -1133.738733001047422, 203.5232646026286147, 631.0090428991406952 ) ) ;
#1791 = ADVANCED_FACE ( 'NONE', ( #2151 ), #4104, .T. ) ;
#1792 =( BOUNDED_CURVE ( )  B_SPLINE_CURVE ( 3, ( #8948, #8123, #7334, #5112 ),
 .UNSPECIFIED., .F., .F. ) 
 B_SPLINE_CURVE_WITH_KNOTS ( ( 4, 4 ),
 ( 3.100394163443273232, 4.712388980384688786 ),
 .UNSPECIFIED. ) 
 CURVE ( )  GEOMETRIC_REPRESENTATION_ITEM ( )  RATIONAL_B_SPLINE_CURVE ( ( 1.000000000000000000, 0.7949279518600530503, 0.7949279518600530503, 1.000000000000000000 ) ) 
 REPRESENTATION_ITEM ( '' )  );
#1793 = CARTESIAN_POINT ( 'NONE',  ( -22.35225612084588676, 116.5653295621184355, 668.7911296404354289 ) ) ;
#1794 = ORIENTED_EDGE ( 'NONE', *, *, #3940, .F. ) ;
#1795 = EDGE_CURVE ( 'NONE', #1768, #7337, #2202, .T. ) ;
#1796 = EDGE_CURVE ( 'NONE', #665, #5009, #305, .T. ) ;
#1797 = EDGE_CURVE ( 'NONE', #9480, #5022, #1909, .T. ) ;
#1798 = DIRECTION ( 'NONE',  ( 0.000000000000000000, 1.000000000000000000, 0.000000000000000000 ) ) ;
#1799 = CARTESIAN_POINT ( 'NONE',  ( -20.85990470068568925, 112.7358878154931148, 693.7852828406848857 ) ) ;
#1800 = VECTOR ( 'NONE', #9141, 1000.000000000000000 ) ;
#1801 = CARTESIAN_POINT ( 'NONE',  ( -16.98854784803120666, 108.3668456523616470, 698.3434227829118299 ) ) ;
#1802 = CARTESIAN_POINT ( 'NONE',  ( -489.5112108366936354, 893.6948269955033766, -149.1042370100764458 ) ) ;
#1803 = CARTESIAN_POINT ( 'NONE',  ( -1129.550939824860279, 925.7791722595745796, -134.0722878667273790 ) ) ;
#1804 = EDGE_CURVE ( 'NONE', #8771, #8356, #2033, .T. ) ;
#1805 = CARTESIAN_POINT ( 'NONE',  ( -1132.981983457224032, 957.7019761457007689, 145.1967683054717213 ) ) ;
#1806 = CIRCLE ( 'NONE', #9243, 18.00000000000008527 ) ;
#1807 = VECTOR ( 'NONE', #3445, 999.9999999999998863 ) ;
#1808 = CARTESIAN_POINT ( 'NONE',  ( -1125.776855349977268, 946.5941739019659735, 131.8348914675782453 ) ) ;
#1809 = ORIENTED_EDGE ( 'NONE', *, *, #218, .T. ) ;
#1810 = CARTESIAN_POINT ( 'NONE',  ( -1131.926983583445235, 956.1590515892966096, 151.1016954062723414 ) ) ;
#1811 = AXIS2_PLACEMENT_3D ( 'NONE', #5891, #9671, #6665 ) ;
#1812 = FILL_AREA_STYLE ('',( #2398 ) ) ;
#1813 = CARTESIAN_POINT ( 'NONE',  ( -1155.431962626802260, 912.8954477009843913, -166.5375512919825383 ) ) ;
#1814 = CARTESIAN_POINT ( 'NONE',  ( -13.38804205907609557, 602.2803217018116584, 553.4650343813796098 ) ) ;
#1815 = CARTESIAN_POINT ( 'NONE',  ( -385.5549505783702671, 844.2703537956056152, 448.7780475532340461 ) ) ;
#1816 = CARTESIAN_POINT ( 'NONE',  ( -24.79254413311812755, 593.9212027429264253, -531.4272391271694005 ) ) ;
#1817 = ADVANCED_FACE ( 'NONE', ( #4354 ), #2161, .F. ) ;
#1818 = ORIENTED_EDGE ( 'NONE', *, *, #9225, .F. ) ;
#1819 = ORIENTED_EDGE ( 'NONE', *, *, #3581, .F. ) ;
#1820 = CARTESIAN_POINT ( 'NONE',  ( -1190.000000000000227, 30.00000000000000711, -689.9999999999997726 ) ) ;
#1821 = CARTESIAN_POINT ( 'NONE',  ( -1174.865410300335043, 936.2388034648326993, -150.8971879814174599 ) ) ;
#1822 = AXIS2_PLACEMENT_3D ( 'NONE', #4324, #1849, #9861 ) ;
#1823 = PLANE ( 'NONE',  #490 ) ;
#1824 = VERTEX_POINT ( 'NONE', #7558 ) ;
#1825 = CARTESIAN_POINT ( 'NONE',  ( -1172.791591899998139, 663.1787075443133972, -547.2905757072429651 ) ) ;
#1826 = CARTESIAN_POINT ( 'NONE',  ( -499.9134892537326209, 913.9372164197606025, 167.9536237265765237 ) ) ;
#1827 = CARTESIAN_POINT ( 'NONE',  ( -24.74932432291226547, 119.7158769500474165, -683.5819852677408335 ) ) ;
#1828 = CARTESIAN_POINT ( 'NONE',  ( -17.43706227371460216, 605.0461660131954886, 542.1625186184854783 ) ) ;
#1829 = ORIENTED_EDGE ( 'NONE', *, *, #8313, .F. ) ;
#1830 = ORIENTED_EDGE ( 'NONE', *, *, #1747, .T. ) ;
#1831 = LINE ( 'NONE', #1016, #7442 ) ;
#1832 = CARTESIAN_POINT ( 'NONE',  ( -1130.313639567518294, 648.0827702126646273, -552.6764198704066757 ) ) ;
#1833 = CARTESIAN_POINT ( 'NONE',  ( -1125.000000000000000, 660.0000000000000000, -562.9128703017762518 ) ) ;
#1834 = CARTESIAN_POINT ( 'NONE',  ( -1150.000000000000000, 861.0102051443365099, 339.9999999999999432 ) ) ;
#1835 = SURFACE_STYLE_USAGE ( .BOTH. , #4199 ) ;
#1836 = VERTEX_POINT ( 'NONE', #2043 ) ;
#1837 = CARTESIAN_POINT ( 'NONE',  ( -1130.345689492096199, 189.9564079624733779, 634.5458131550915368 ) ) ;
#1838 = ORIENTED_EDGE ( 'NONE', *, *, #6096, .F. ) ;
#1839 = AXIS2_PLACEMENT_3D ( 'NONE', #7107, #7844, #2513 ) ;
#1840 = CARTESIAN_POINT ( 'NONE',  ( -1150.000000000000000, 660.0000000000000000, 562.9128703017762518 ) ) ;
#1841 = DIRECTION ( 'NONE',  ( 0.000000000000000000, 1.000000000000000000, 0.000000000000000000 ) ) ;
#1842 = CARTESIAN_POINT ( 'NONE',  ( -1149.131762659316792, 912.7489395016550588, -161.8369681580165604 ) ) ;
#1843 = CIRCLE ( 'NONE', #3160, 1724.999999999999545 ) ;
#1844 = ORIENTED_EDGE ( 'NONE', *, *, #5889, .T. ) ;
#1845 =( NAMED_UNIT ( * ) PLANE_ANGLE_UNIT ( ) SI_UNIT ( $, .RADIAN. ) );
#1846 = VERTEX_POINT ( 'NONE', #8389 ) ;
#1847 = AXIS2_PLACEMENT_3D ( 'NONE', #2816, #9953, #8293 ) ;
#1848 = DIRECTION ( 'NONE',  ( -0.000000000000000000, 1.000000000000000000, -0.000000000000000000 ) ) ;
#1849 = DIRECTION ( 'NONE',  ( 0.000000000000000000, 1.000000000000000000, 0.000000000000000000 ) ) ;
#1850 = CARTESIAN_POINT ( 'NONE',  ( -1134.645864536691079, 193.4310782142793528, 669.7299201195254454 ) ) ;
#1851 = CIRCLE ( 'NONE', #5483, 22.99999999999999645 ) ;
#1852 = EDGE_CURVE ( 'NONE', #8526, #6137, #7583, .T. ) ;
#1853 = FACE_OUTER_BOUND ( 'NONE', #8150, .T. ) ;
#1854 = CARTESIAN_POINT ( 'NONE',  ( -23.17751173376733931, 565.7664960274383930, -550.9276249293644696 ) ) ;
#1855 =( BOUNDED_CURVE ( )  B_SPLINE_CURVE ( 3, ( #9450, #5705, #4789, #879 ),
 .UNSPECIFIED., .F., .T. ) 
 B_SPLINE_CURVE_WITH_KNOTS ( ( 4, 4 ),
 ( 1.570796326794897224, 3.182791143736313000 ),
 .UNSPECIFIED. ) 
 CURVE ( )  GEOMETRIC_REPRESENTATION_ITEM ( )  RATIONAL_B_SPLINE_CURVE ( ( 1.000000000000000000, 0.7949279518600530503, 0.7949279518600530503, 1.000000000000000000 ) ) 
 REPRESENTATION_ITEM ( '' )  );
#1856 = CARTESIAN_POINT ( 'NONE',  ( -1130.539117687424095, 955.5293433892596795, 139.9076690794931324 ) ) ;
#1857 = EDGE_CURVE ( 'NONE', #8433, #6066, #8565, .T. ) ;
#1858 = CARTESIAN_POINT ( 'NONE',  ( -1127.077596982596560, 930.4092816256662672, 131.3515566517244793 ) ) ;
#1859 = AXIS2_PLACEMENT_3D ( 'NONE', #5026, #5128, #8296 ) ;
#1860 = ORIENTED_EDGE ( 'NONE', *, *, #6679, .T. ) ;
#1861 = CARTESIAN_POINT ( 'NONE',  ( -1128.660334631148316, 927.0229175552371998, -135.6117829890874305 ) ) ;
#1862 = CARTESIAN_POINT ( 'NONE',  ( -1130.515494687036835, 922.0894990374511053, -161.8926868288222636 ) ) ;
#1863 = CARTESIAN_POINT ( 'NONE',  ( -24.74502759049119049, 584.7234418382300873, 534.4035066061844645 ) ) ;
#1864 = CARTESIAN_POINT ( 'NONE',  ( 22.99999999999971934, 39.99999999999997868, -680.0000000000000000 ) ) ;
#1865 = DIRECTION ( 'NONE',  ( 0.000000000000000000, 1.000000000000000000, 0.000000000000000000 ) ) ;
#1866 = EDGE_CURVE ( 'NONE', #5892, #8349, #681, .T. ) ;
#1867 = CARTESIAN_POINT ( 'NONE',  ( -1458.041541306736235, 334.9999999999999432, -153.6010951158152409 ) ) ;
#1868 = CARTESIAN_POINT ( 'NONE',  ( -24.26394623454903510, 596.7863518181814015, -531.9695965901736372 ) ) ;
#1869 = EDGE_LOOP ( 'NONE', ( #5700, #9855, #2296, #786, #9254, #7066 ) ) ;
#1870 = VECTOR ( 'NONE', #6447, 1000.000000000000000 ) ;
#1871 = ORIENTED_EDGE ( 'NONE', *, *, #287, .T. ) ;
#1872 = CARTESIAN_POINT ( 'NONE',  ( -1150.000000000000227, 938.9285782095131481, -149.8625354325471051 ) ) ;
#1873 = DIRECTION ( 'NONE',  ( -1.116749440508159893E-15, 0.7071067811865496822, -0.7071067811865453523 ) ) ;
#1874 = DIRECTION ( 'NONE',  ( -0.000000000000000000, 1.000000000000000000, 3.663341854709201164E-15 ) ) ;
#1875 = ORIENTED_EDGE ( 'NONE', *, *, #9940, .F. ) ;
#1876 = ORIENTED_EDGE ( 'NONE', *, *, #8506, .T. ) ;
#1877 = DIRECTION ( 'NONE',  ( 2.071647322355158349E-38, 0.000000000000000000, 1.000000000000000000 ) ) ;
#1878 = AXIS2_PLACEMENT_3D ( 'NONE', #5833, #1865, #1098 ) ;
#1879 = CARTESIAN_POINT ( 'NONE',  ( -357.7080113700176867, 824.5123409701822084, -302.7158385259953661 ) ) ;
#1880 = CARTESIAN_POINT ( 'NONE',  ( -494.3411528114912130, 897.3196077501328318, 160.5812998991713130 ) ) ;
#1881 = CARTESIAN_POINT ( 'NONE',  ( -18.34266141853787246, 97.12439547985039212, -696.9882609616593072 ) ) ;
#1882 = CARTESIAN_POINT ( 'NONE',  ( -16.70009152852849965, 605.1502526943033899, 543.4491766085031941 ) ) ;
#1883 = ORIENTED_EDGE ( 'NONE', *, *, #2259, .T. ) ;
#1884 = EDGE_CURVE ( 'NONE', #5504, #7562, #2633, .T. ) ;
#1885 = VERTEX_POINT ( 'NONE', #1867 ) ;
#1886 = DIRECTION ( 'NONE',  ( 0.000000000000000000, 0.000000000000000000, -1.000000000000000000 ) ) ;
#1887 = CARTESIAN_POINT ( 'NONE',  ( -1173.750000000000227, 30.00000000000000711, 673.7499999999997726 ) ) ;
#1888 = CARTESIAN_POINT ( 'NONE',  ( -357.7080113700176867, 824.5123409701822084, -302.7158385259953661 ) ) ;
#1889 = CARTESIAN_POINT ( 'NONE',  ( -24.99263518536987405, 82.09780065852743292, -679.3932162732677398 ) ) ;
#1890 = DIRECTION ( 'NONE',  ( 0.000000000000000000, 0.000000000000000000, -1.000000000000000000 ) ) ;
#1891 = ORIENTED_EDGE ( 'NONE', *, *, #4771, .F. ) ;
#1892 = CARTESIAN_POINT ( 'NONE',  ( -1129.208616881319585, 209.0454343659036738, 636.1107135044916276 ) ) ;
#1893 = ORIENTED_EDGE ( 'NONE', *, *, #3511, .F. ) ;
#1894 = CARTESIAN_POINT ( 'NONE',  ( -1134.498781284135248, 198.7696493932895976, 630.3858862283730105 ) ) ;
#1895 = CARTESIAN_POINT ( 'NONE',  ( 3.038872858745772902E-14, 479.2893218813452449, -650.7106781186548687 ) ) ;
#1896 = CYLINDRICAL_SURFACE ( 'NONE', #69, 4.999999999999838352 ) ;
#1897 = B_SPLINE_CURVE_WITH_KNOTS ( 'NONE', 3,
 ( #7740, #779, #6860, #7850, #1500, #9360, #623, #9406, #4644, #3712, #1550, #2944, #7643, #726, #10128, #1403, #7692, #8670, #7794, #2230, #3867, #6078, #4695, #7017, #5311, #5466, #9303, #2282, #3760, #3047, #6233, #6905, #10071, #5366, #1449, #2331, #4493, #3093, #2991, #9252, #6131, #8522, #6183, #5415, #8623, #3914, #10227, #6330, #6521, #4790 ),
 .UNSPECIFIED., .F., .F.,
 ( 4, 2, 2, 2, 2, 2, 2, 2, 2, 2, 2, 2, 2, 2, 2, 2, 2, 2, 2, 2, 2, 2, 2, 2, 4 ),
 ( 0.1176999898702236896, 0.1205699958454544973, 0.1234400018206853050, 0.1248750048083006742, 0.1263100077959160294, 0.1291800137711467678, 0.1306150167587617483, 0.1320500197463767567, 0.1334850227339917372, 0.1349200257216067178, 0.1377900316968362071, 0.1392250346844506881, 0.1406600376720651968, 0.1435300436472942143, 0.1449650466349087230, 0.1464000496225232317, 0.1492700555977522769, 0.1507050585853668689, 0.1521400615729814332, 0.1550100675482104784, 0.1578800735234395236, 0.1593150765110540323, 0.1607500794986685688, 0.1621850824862831053, 0.1636200854738976140 ),
 .UNSPECIFIED. ) ;
#1898 = ORIENTED_EDGE ( 'NONE', *, *, #1357, .F. ) ;
#1899 = CARTESIAN_POINT ( 'NONE',  ( -1174.999999999999773, 609.9999999999998863, -538.7250753726078756 ) ) ;
#1900 = ORIENTED_EDGE ( 'NONE', *, *, #3353, .F. ) ;
#1901 = AXIS2_PLACEMENT_3D ( 'NONE', #6167, #4576, #6841 ) ;
#1902 = DIRECTION ( 'NONE',  ( -1.065464638161417581E-15, -0.7071067811865467956, -0.7071067811865482389 ) ) ;
#1903 =( NAMED_UNIT ( * ) SI_UNIT ( $, .STERADIAN. ) SOLID_ANGLE_UNIT ( ) );
#1904 = CARTESIAN_POINT ( 'NONE',  ( -15.52190031482656885, 100.5128250581265661, 699.5978940550189691 ) ) ;
#1905 = CARTESIAN_POINT ( 'NONE',  ( -1129.188174138257182, 183.1559817776831949, 663.8902822282525449 ) ) ;
#1906 = CARTESIAN_POINT ( 'NONE',  ( -2.880137398330167607E-13, 30.00000000000000711, 680.0000000000000000 ) ) ;
#1907 = CARTESIAN_POINT ( 'NONE',  ( -1133.904373089605315, 958.2458622116431570, -148.4798833837616883 ) ) ;
#1908 = EDGE_LOOP ( 'NONE', ( #9000, #3236 ) ) ;
#1909 = LINE ( 'NONE', #1145, #1807 ) ;
#1910 = CARTESIAN_POINT ( 'NONE',  ( -1133.888632289758334, 957.7007064150809583, -154.6540598684034364 ) ) ;
#1911 = CARTESIAN_POINT ( 'NONE',  ( -23.66452286623228929, 565.5758733876014048, 552.9222500282828605 ) ) ;
#1912 = CARTESIAN_POINT ( 'NONE',  ( -2.927147495130478761E-14, 570.7106781186548687, -559.2893218813454723 ) ) ;
#1913 = CIRCLE ( 'NONE', #1600, 20.00000000000005684 ) ;
#1914 = CARTESIAN_POINT ( 'NONE',  ( -11.40028499161816100, 599.5440657664843229, 559.5462989036079762 ) ) ;
#1915 = CARTESIAN_POINT ( 'NONE',  ( -14.59206915232349466, 99.40220447566355233, 659.7004053164544075 ) ) ;
#1916 = EDGE_CURVE ( 'NONE', #5367, #2546, #991, .T. ) ;
#1917 = CARTESIAN_POINT ( 'NONE',  ( -24.63160036949643228, 595.0154719516541491, -531.5753980576315598 ) ) ;
#1918 = EDGE_LOOP ( 'NONE', ( #9594, #6514 ) ) ;
#1919 = ORIENTED_EDGE ( 'NONE', *, *, #7046, .T. ) ;
#1920 = CARTESIAN_POINT ( 'NONE',  ( -495.8953875694139697, 899.1077454827042175, 137.3773570069887455 ) ) ;
#1921 = CARTESIAN_POINT ( 'NONE',  ( -12.39588558054704315, 586.0622581786028604, -574.6409019412934640 ) ) ;
#1922 = EDGE_CURVE ( 'NONE', #5408, #1015, #3631, .T. ) ;
#1923 = EDGE_CURVE ( 'NONE', #2806, #3607, #4857, .T. ) ;
#1924 = CARTESIAN_POINT ( 'NONE',  ( -1153.421499858525067, 912.4073699343733779, -167.6953289310702644 ) ) ;
#1925 = CARTESIAN_POINT ( 'NONE',  ( -500.0430627306077440, 911.3117373309971754, 302.7158385259952524 ) ) ;
#1926 = EDGE_LOOP ( 'NONE', ( #6184, #1310, #9376, #932 ) ) ;
#1927 = ORIENTED_EDGE ( 'NONE', *, *, #2744, .T. ) ;
#1928 = CARTESIAN_POINT ( 'NONE',  ( -1172.999999999999773, 660.0000000000000000, -550.4159941854394447 ) ) ;
#1929 = ADVANCED_FACE ( 'NONE', ( #5582 ), #4948, .F. ) ;
#1930 = CARTESIAN_POINT ( 'NONE',  ( -499.0015649942458253, 917.7131326322771656, 167.1097844757749158 ) ) ;
#1931 = DIRECTION ( 'NONE',  ( -1.287215101014674543E-16, -1.000000000000000000, 0.000000000000000000 ) ) ;
#1932 = CARTESIAN_POINT ( 'NONE',  ( -18.87659014280344749, 107.9037460219919353, -696.3932016640850406 ) ) ;
#1933 = CYLINDRICAL_SURFACE ( 'NONE', #5091, 4.999999999999809930 ) ;
#1934 = ORIENTED_EDGE ( 'NONE', *, *, #8174, .F. ) ;
#1935 = ORIENTED_EDGE ( 'NONE', *, *, #9882, .F. ) ;
#1936 = CARTESIAN_POINT ( 'NONE',  ( 0.000000000000000000, 40.00000000000000000, 720.0000000000000000 ) ) ;
#1937 = CARTESIAN_POINT ( 'NONE',  ( -1170.775786814539970, 650.1023182452186120, -552.9954130166253208 ) ) ;
#1938 = CARTESIAN_POINT ( 'NONE',  ( -1150.000000000000000, 861.0102051443365099, 339.9999999999999432 ) ) ;
#1939 = DIRECTION ( 'NONE',  ( -9.733805423170623998E-15, -0.7840326558349542951, 0.6207195780579085609 ) ) ;
#1940 = DIRECTION ( 'NONE',  ( 0.000000000000000000, 0.000000000000000000, -1.000000000000000000 ) ) ;
#1942 = SURFACE_STYLE_FILL_AREA ( #8346 ) ;
#1941 = AXIS2_PLACEMENT_3D ( 'NONE', #2930, #5968, #2271 ) ;
#1943 = ORIENTED_EDGE ( 'NONE', *, *, #9452, .F. ) ;
#1944 = CARTESIAN_POINT ( 'NONE',  ( -1132.189025137898170, 198.3293092680089273, 632.4566449814741418 ) ) ;
#1945 = ORIENTED_EDGE ( 'NONE', *, *, #6420, .F. ) ;
#1946 = CARTESIAN_POINT ( 'NONE',  ( -1133.062303599114557, 191.7799113062542915, 631.6114416936082989 ) ) ;
#1947 = CARTESIAN_POINT ( 'NONE',  ( -1146.867364498977622, 913.1966772584326009, -159.1371618416363845 ) ) ;
#1948 = DIRECTION ( 'NONE',  ( 0.000000000000000000, 1.000000000000000000, 0.000000000000000000 ) ) ;
#1949 = EDGE_LOOP ( 'NONE', ( #9006, #2608, #6602, #8202 ) ) ;
#1950 = CARTESIAN_POINT ( 'NONE',  ( -1141.893542413299883, 914.6862857892751890, 155.5267179547082890 ) ) ;
#1951 = EDGE_LOOP ( 'NONE', ( #5303, #5484, #3699, #2395 ) ) ;
#1952 = CARTESIAN_POINT ( 'NONE',  ( -1174.861398704618750, 936.2455522494981324, 150.3782231075887239 ) ) ;
#1953 = CARTESIAN_POINT ( 'NONE',  ( -1131.349998016144355, 203.9972438715796272, -633.3497050916058697 ) ) ;
#1954 = CARTESIAN_POINT ( 'NONE',  ( -1149.999999999999545, 515.2069385598509825, 649.9999999999974989 ) ) ;
#1955 = CARTESIAN_POINT ( 'NONE',  ( -1128.656656910703987, 213.8250131919149624, 663.0302815964004139 ) ) ;
#1956 = CARTESIAN_POINT ( 'NONE',  ( -1149.999999999999545, 912.4125363088027143, -165.3659685335971972 ) ) ;
#1957 = CARTESIAN_POINT ( 'NONE',  ( -1125.731745909594565, 934.4528601976722939, -130.1497116321117744 ) ) ;
#1958 = EDGE_LOOP ( 'NONE', ( #6628, #6583 ) ) ;
#1959 = EDGE_CURVE ( 'NONE', #9510, #4699, #8071, .T. ) ;
#1960 = AXIS2_PLACEMENT_3D ( 'NONE', #5482, #793, #840 ) ;
#1961 = EDGE_CURVE ( 'NONE', #1603, #7726, #3127, .T. ) ;
#1962 = ORIENTED_EDGE ( 'NONE', *, *, #9566, .T. ) ;
#1963 = CARTESIAN_POINT ( 'NONE',  ( -1125.888526035048471, 930.5598489298982940, -168.4628478769537310 ) ) ;
#1964 = CARTESIAN_POINT ( 'NONE',  ( -22.27328605102378489, 567.6219623697875249, 545.8986100345855448 ) ) ;
#1965 = PRODUCT_DEFINITION_FORMATION_WITH_SPECIFIED_SOURCE ( 'Symmetric', '', #8936, .NOT_KNOWN. ) ;
#1966 = CARTESIAN_POINT ( 'NONE',  ( -1173.476785853643605, 930.9258680335686904, -142.4288233023765997 ) ) ;
#1967 = VECTOR ( 'NONE', #30, 1000.000000000000000 ) ;
#1968 = AXIS2_PLACEMENT_3D ( 'NONE', #5074, #1175, #8297 ) ;
#1969 = CARTESIAN_POINT ( 'NONE',  ( -495.2873549924296981, 898.3562298818696945, -161.5634536966319956 ) ) ;
#1970 = CARTESIAN_POINT ( 'NONE',  ( -19.76019400145226967, 88.23778641030210679, 664.6758580923592490 ) ) ;
#1971 = CIRCLE ( 'NONE', #3782, 23.00000000000003553 ) ;
#1972 = CARTESIAN_POINT ( 'NONE',  ( 2.308085168284950998E-14, 600.0000000000000000, 488.5786437626908878 ) ) ;
#1973 = VECTOR ( 'NONE', #5642, 1000.000000000000000 ) ;
#1974 = ORIENTED_EDGE ( 'NONE', *, *, #3680, .T. ) ;
#1975 = ORIENTED_EDGE ( 'NONE', *, *, #9618, .F. ) ;
#1976 = CARTESIAN_POINT ( 'NONE',  ( -1126.250000000000227, 30.00000000000000711, 626.2499999999996589 ) ) ;
#1977 = DIRECTION ( 'NONE',  ( 0.000000000000000000, 0.000000000000000000, -1.000000000000000000 ) ) ;
#1978 = ADVANCED_FACE ( 'NONE', ( #7183 ), #7915, .F. ) ;
#1979 = FACE_OUTER_BOUND ( 'NONE', #6609, .T. ) ;
#1980 = ORIENTED_EDGE ( 'NONE', *, *, #1764, .F. ) ;
#1981 = EDGE_LOOP ( 'NONE', ( #2520, #9385, #4623, #834 ) ) ;
#1982 = CARTESIAN_POINT ( 'NONE',  ( -1166.043651497428073, 676.4838577176963099, -525.4049291772910237 ) ) ;
#1983 = CARTESIAN_POINT ( 'NONE',  ( -1129.591648855989206, 184.9386075584575906, -635.5521813214667191 ) ) ;
#1984 = ADVANCED_FACE ( 'NONE', ( #5630 ), #9412, .T. ) ;
#1985 = CARTESIAN_POINT ( 'NONE',  ( -499.4490437585981226, 906.4370685890296500, 167.0904225548309228 ) ) ;
#1986 = DIRECTION ( 'NONE',  ( 0.000000000000000000, -1.000000000000000000, 0.000000000000000000 ) ) ;
#1987 = ADVANCED_FACE ( 'NONE', ( #7328 ), #7227, .F. ) ;
#1988 = FACE_OUTER_BOUND ( 'NONE', #5679, .T. ) ;
#1989 = ORIENTED_EDGE ( 'NONE', *, *, #6643, .T. ) ;
#1990 = VERTEX_POINT ( 'NONE', #5685 ) ;
#1991 = VECTOR ( 'NONE', #837, 1000.000000000000114 ) ;
#1992 = ADVANCED_FACE ( 'NONE', ( #1766 ), #4448, .F. ) ;
#1993 = FACE_OUTER_BOUND ( 'NONE', #4202, .T. ) ;
#1994 = CARTESIAN_POINT ( 'NONE',  ( -2.902317422911738039E-13, 408.5786437626903762, -680.0000000000000000 ) ) ;
#1995 = DIRECTION ( 'NONE',  ( 0.000000000000000000, -1.000000000000000000, 0.000000000000000000 ) ) ;
#1996 = CARTESIAN_POINT ( 'NONE',  ( -480.8667994638531695, 891.3287080863029814, -149.7250708650966828 ) ) ;
#1997 = EDGE_CURVE ( 'NONE', #2035, #6448, #6342, .T. ) ;
#1998 = DIRECTION ( 'NONE',  ( 1.065464638161417581E-15, 0.7071067811865467956, 0.7071067811865482389 ) ) ;
#1999 = CARTESIAN_POINT ( 'NONE',  ( -1127.662656872557363, 654.4648723492264253, 552.9640127539973946 ) ) ;
#2000 = ORIENTED_EDGE ( 'NONE', *, *, #885, .T. ) ;
#2001 = CARTESIAN_POINT ( 'NONE',  ( -1129.446026846720542, 208.5922628724912897, 635.7630077220350131 ) ) ;
#2002 = EDGE_LOOP ( 'NONE', ( #3475, #1286, #9620, #1710, #604 ) ) ;
#2003 = CARTESIAN_POINT ( 'NONE',  ( -1133.985550402662739, 194.6527045104753029, 630.8011849288541271 ) ) ;
#2004 = DIRECTION ( 'NONE',  ( 0.000000000000000000, 0.000000000000000000, 1.000000000000000000 ) ) ;
#2005 = EDGE_CURVE ( 'NONE', #4608, #6791, #5221, .T. ) ;
#2006 = VECTOR ( 'NONE', #4998, 1000.000000000000000 ) ;
#2007 = DIRECTION ( 'NONE',  ( 0.000000000000000000, 0.000000000000000000, 1.000000000000000000 ) ) ;
#2008 = LINE ( 'NONE', #6799, #154 ) ;
#2009 = DIRECTION ( 'NONE',  ( 0.000000000000000000, -1.000000000000000000, 0.000000000000000000 ) ) ;
#2010 = ORIENTED_EDGE ( 'NONE', *, *, #1080, .T. ) ;
#2011 = CARTESIAN_POINT ( 'NONE',  ( -23.75000000000011724, 30.00000000000000711, 703.7500000000002274 ) ) ;
#2012 = CARTESIAN_POINT ( 'NONE',  ( -1131.789203833594229, 194.6443128020859490, -632.8717845768917414 ) ) ;
#2013 = CARTESIAN_POINT ( 'NONE',  ( -20.55307351784268732, 115.2996478471843744, 694.2417335282195836 ) ) ;
#2014 = CARTESIAN_POINT ( 'NONE',  ( -1125.332620844467101, 217.6274867139635489, 654.0792632117695575 ) ) ;
#2015 = CARTESIAN_POINT ( 'NONE',  ( -24.47071016185639181, 121.7044217627179421, -674.8717570644427042 ) ) ;
#2016 = CARTESIAN_POINT ( 'NONE',  ( -1130.538334560984367, 955.5039066904315632, -139.9128728880443191 ) ) ;
#2017 = ORIENTED_EDGE ( 'NONE', *, *, #6862, .F. ) ;
#2018 = ADVANCED_FACE ( 'NONE', ( #7546 ), #2906, .T. ) ;
#2019 = AXIS2_PLACEMENT_3D ( 'NONE', #1382, #4362, #7867 ) ;
#2020 = TOROIDAL_SURFACE ( 'NONE', #1025, 99.99999999999995737, 23.00000000000000711 ) ;
#2021 = EDGE_LOOP ( 'NONE', ( #3636, #4400 ) ) ;
#2022 = CARTESIAN_POINT ( 'NONE',  ( -1134.977835997473221, 918.5707886334524801, -153.2488364082742578 ) ) ;
#2023 = EDGE_CURVE ( 'NONE', #7051, #4300, #2087, .T. ) ;
#2024 = AXIS2_PLACEMENT_3D ( 'NONE', #3866, #2943, #3808 ) ;
#2025 = CARTESIAN_POINT ( 'NONE',  ( -1149.999999999999773, 2.373200728717414498E-11, 626.9999999999995453 ) ) ;
#2026 = LINE ( 'NONE', #6758, #2196 ) ;
#2027 = CARTESIAN_POINT ( 'NONE',  ( -1126.141539186721047, 947.6756991058668973, -134.6979432256609073 ) ) ;
#2028 = AXIS2_PLACEMENT_3D ( 'NONE', #1119, #9732, #8191 ) ;
#2029 = AXIS2_PLACEMENT_3D ( 'NONE', #6231, #2125, #3091 ) ;
#2030 = CARTESIAN_POINT ( 'NONE',  ( -495.8953875694136286, 899.1077454827034217, -162.3477138581080226 ) ) ;
#2031 = CARTESIAN_POINT ( 'NONE',  ( -18.95964730372367768, 114.0045981348374795, 663.6974907104621479 ) ) ;
#2032 = DIRECTION ( 'NONE',  ( 1.091107039334787751E-15, -2.115144935513907174E-15, 1.000000000000000000 ) ) ;
#2033 = B_SPLINE_CURVE_WITH_KNOTS ( 'NONE', 3,
 ( #9814, #2636, #4219, #8987, #5049, #1093, #4996, #5828, #7372, #5775, #4276, #355, #8932, #3503, #6650, #1861, #8161, #6594, #9762, #2953, #6759, #521, #4447, #6818, #7595, #9311, #5321, #6043, #8428, #1352, #2240, #4394, #8480, #7651, #5376, #4555, #467, #5934, #5161, #9099, #2027, #8728, #7317, #8451, #7481, #3721, #8044, #722, #6669, #8337, #1375, #1270, #7614, #5896, #5233, #2209, #2157, #9946 ),
 .UNSPECIFIED., .F., .F.,
 ( 4, 2, 2, 2, 2, 2, 2, 2, 2, 2, 2, 2, 2, 2, 2, 2, 2, 2, 2, 2, 2, 2, 2, 2, 2, 2, 2, 2, 4 ),
 ( 0.1119346475396421486, 0.1155929126853403460, 0.1174220452581893753, 0.1192511778310383908, 0.1229094429767364771, 0.1247385755495856313, 0.1265677081224347855, 0.1283968406952839536, 0.1302259732681331217, 0.1338842384138316521, 0.1357133709866809035, 0.1366279372731055430, 0.1375425035595301548, 0.1412007687052278804, 0.1421153349916522979, 0.1430299012780767154, 0.1448590338509258557, 0.1466881664237750238, 0.1485172989966241919, 0.1503464315694733600, 0.1521755641423225280, 0.1558338292880207532, 0.1576629618608697547, 0.1594920944337187285, 0.1631503595794165373, 0.1649794921522654001, 0.1668086247251142629, 0.1686377572979630979, 0.1704668898708119606 ),
 .UNSPECIFIED. ) ;
#2034 = ORIENTED_EDGE ( 'NONE', *, *, #5332, .F. ) ;
#2035 = VERTEX_POINT ( 'NONE', #363 ) ;
#2036 = DIRECTION ( 'NONE',  ( 0.000000000000000000, 0.000000000000000000, 1.000000000000000000 ) ) ;
#2037 = DIRECTION ( 'NONE',  ( 0.000000000000000000, 1.000000000000000000, 0.000000000000000000 ) ) ;
#2038 = CARTESIAN_POINT ( 'NONE',  ( -24.17351484676926532, 596.1514176271200540, -534.1037020920026634 ) ) ;
#2039 = DIRECTION ( 'NONE',  ( 1.084036547835517478E-17, -1.000000000000000000, -0.000000000000000000 ) ) ;
#2040 = VERTEX_POINT ( 'NONE', #1308 ) ;
#2041 = ORIENTED_EDGE ( 'NONE', *, *, #149, .T. ) ;
#2042 = CARTESIAN_POINT ( 'NONE',  ( -1127.049467906187147, 661.6869361026454044, -548.9308203340956425 ) ) ;
#2043 = CARTESIAN_POINT ( 'NONE',  ( -488.0121001770307316, 929.6555221688518031, 149.9982127635803124 ) ) ;
#2044 = PLANE ( 'NONE',  #1960 ) ;
#2045 = DIRECTION ( 'NONE',  ( 0.000000000000000000, -2.413528314402511920E-15, 1.000000000000000000 ) ) ;
#2046 = AXIS2_PLACEMENT_3D ( 'NONE', #434, #9177, #3579 ) ;
#2047 = PRODUCT_DEFINITION ( 'General', '', #1965, #7206 ) ;
#2048 = TOROIDAL_SURFACE ( 'NONE', #4839, 1749.999999999999545, 25.00000000000000711 ) ;
#2049 = EDGE_LOOP ( 'NONE', ( #4415, #1551, #1829, #7059, #2799 ) ) ;
#2050 = ORIENTED_EDGE ( 'NONE', *, *, #6399, .T. ) ;
#2051 = VECTOR ( 'NONE', #2413, 1000.000000000000000 ) ;
#2052 = CARTESIAN_POINT ( 'NONE',  ( -498.0430627306077440, 911.3117373309971754, 302.7158385259952524 ) ) ;
#2053 = DIRECTION ( 'NONE',  ( 0.000000000000000000, 0.000000000000000000, 1.000000000000000000 ) ) ;
#2054 = PLANE ( 'NONE',  #713 ) ;
#2055 = CARTESIAN_POINT ( 'NONE',  ( 8.140869055214621385E-14, 500.0000000000000000, 488.5786437626906604 ) ) ;
#2056 = CIRCLE ( 'NONE', #7827, 6.000000000000005329 ) ;
#2057 = AXIS2_PLACEMENT_3D ( 'NONE', #7884, #4823, #4042 ) ;
#2058 = CARTESIAN_POINT ( 'NONE',  ( -1149.999999999999773, 577.2788963656111036, 628.4032655835001151 ) ) ;
#2059 = DIRECTION ( 'NONE',  ( 0.000000000000000000, 1.000000000000000000, 0.000000000000000000 ) ) ;
#2060 = ORIENTED_EDGE ( 'NONE', *, *, #218, .F. ) ;
#2061 = CARTESIAN_POINT ( 'NONE',  ( -1130.570960691188930, 211.3054020990707329, -665.7408424760592425 ) ) ;
#2062 = ORIENTED_EDGE ( 'NONE', *, *, #1804, .F. ) ;
#2064 = CLOSED_SHELL ( 'NONE', ( #7035, #10073, #7922, #5370, #9912, #2555 ) ) ;
#2063 = CARTESIAN_POINT ( 'NONE',  ( -1149.999999999999545, 861.0102051443361688, -339.9999999999997158 ) ) ;
#2065 = CARTESIAN_POINT ( 'NONE',  ( -2.902317422911738039E-13, 408.5786437626904899, -580.0000000000001137 ) ) ;
#2066 = FACE_BOUND ( 'NONE', #1780, .T. ) ;
#2067 = LINE ( 'NONE', #4429, #9883 ) ;
#2068 = CARTESIAN_POINT ( 'NONE',  ( -15.62994296511183201, 582.3200737834018810, 575.2773708816358749 ) ) ;
#2069 = EDGE_LOOP ( 'NONE', ( #7259, #4105 ) ) ;
#2070 = DIRECTION ( 'NONE',  ( -1.457987752832361557E-15, 1.276756478318930021E-15, -1.000000000000000000 ) ) ;
#2071 = CARTESIAN_POINT ( 'NONE',  ( -21.85360970967024130, 89.07090787966920686, 692.1502953300609988 ) ) ;
#2072 = DIRECTION ( 'NONE',  ( 0.000000000000000000, 0.000000000000000000, 1.000000000000000000 ) ) ;
#2073 = CARTESIAN_POINT ( 'NONE',  ( -1133.693316658113417, 190.9399794426531969, 668.9532371879785160 ) ) ;
#2074 = CARTESIAN_POINT ( 'NONE',  ( -1110.000000000000000, 40.00000000000000000, 0.000000000000000000 ) ) ;
#2076 = EDGE_CURVE ( 'NONE', #7106, #9049, #4360, .T. ) ;
#2075 = CARTESIAN_POINT ( 'NONE',  ( -1131.405669404643959, 956.3914724901595719, -141.5736793005376342 ) ) ;
#2077 = ORIENTED_EDGE ( 'NONE', *, *, #4705, .F. ) ;
#2078 = DIRECTION ( 'NONE',  ( 0.000000000000000000, 0.000000000000000000, 1.000000000000000000 ) ) ;
#2079 = CARTESIAN_POINT ( 'NONE',  ( -22.40667210958511291, 562.6650331030552934, 551.6493201918171962 ) ) ;
#2080 = CIRCLE ( 'NONE', #2404, 6.000000000000116351 ) ;
#2081 = ORIENTED_EDGE ( 'NONE', *, *, #7598, .T. ) ;
#2082 = CARTESIAN_POINT ( 'NONE',  ( -1131.432782001453461, 673.5883625801953940, 530.7915216399374003 ) ) ;
#2083 = CIRCLE ( 'NONE', #5170, 23.00000000000004974 ) ;
#2084 = DIRECTION ( 'NONE',  ( -1.698300684540295726E-17, 1.000000000000000000, -0.000000000000000000 ) ) ;
#2085 = DIRECTION ( 'NONE',  ( 0.000000000000000000, 0.000000000000000000, 1.000000000000000000 ) ) ;
#2086 = CARTESIAN_POINT ( 'NONE',  ( -1174.819680083618778, 935.5152235696386924, 154.4556970521507253 ) ) ;
#2087 = LINE ( 'NONE', #6870, #4924 ) ;
#2088 = CARTESIAN_POINT ( 'NONE',  ( 0.000000000000000000, 40.00000000000000000, 0.000000000000000000 ) ) ;
#2089 = ORIENTED_EDGE ( 'NONE', *, *, #4012, .F. ) ;
#2090 = EDGE_LOOP ( 'NONE', ( #675, #2607, #6404, #8187 ) ) ;
#2091 = LINE ( 'NONE', #5886, #942 ) ;
#2092 = FILL_AREA_STYLE_COLOUR ( '', #4229 ) ;
#2093 = AXIS2_PLACEMENT_3D ( 'NONE', #3240, #3920, #1702 ) ;
#2094 = DIRECTION ( 'NONE',  ( -1.000000000000000000, 0.000000000000000000, 0.000000000000000000 ) ) ;
#2095 = DIRECTION ( 'NONE',  ( 1.084036547835517478E-17, -1.000000000000000000, -0.000000000000000000 ) ) ;
#2096 = FACE_OUTER_BOUND ( 'NONE', #4957, .T. ) ;
#2097 = CARTESIAN_POINT ( 'NONE',  ( -500.0430627306078009, 899.9751890758126365, -130.2129587713521914 ) ) ;
#2098 = ORIENTED_EDGE ( 'NONE', *, *, #5763, .F. ) ;
#2099 = CARTESIAN_POINT ( 'NONE',  ( -1165.547843739923564, 676.9523117499383034, -524.5185666544173273 ) ) ;
#2100 = CARTESIAN_POINT ( 'NONE',  ( -1133.987937674786735, 194.6618773495360983, -630.7991786816212425 ) ) ;
#2101 = CARTESIAN_POINT ( 'NONE',  ( -497.9272547571192149, 920.2696204000897069, 133.9766450822045556 ) ) ;
#2102 = CARTESIAN_POINT ( 'NONE',  ( -25.00000000000029843, 122.2371864296536330, 680.0000000000000000 ) ) ;
#2103 = AXIS2_PLACEMENT_3D ( 'NONE', #916, #4686, #7058 ) ;
#2104 = EDGE_LOOP ( 'NONE', ( #7815, #2572 ) ) ;
#2105 = ORIENTED_EDGE ( 'NONE', *, *, #1394, .F. ) ;
#2106 = DIRECTION ( 'NONE',  ( 0.000000000000000000, 0.000000000000000000, 1.000000000000000000 ) ) ;
#2107 = CARTESIAN_POINT ( 'NONE',  ( -1150.000000000000000, 934.4948974278703417, 354.9999999998112230 ) ) ;
#2108 = DIRECTION ( 'NONE',  ( 0.000000000000000000, 0.000000000000000000, -1.000000000000000000 ) ) ;
#2109 = CARTESIAN_POINT ( 'NONE',  ( 23.74999999999988276, 40.00000000000000000, 703.7500000000001137 ) ) ;
#2110 = CARTESIAN_POINT ( 'NONE',  ( -16.01170134430755709, 105.3360701463778071, -699.2010996264865526 ) ) ;
#2111 = DIRECTION ( 'NONE',  ( 0.04118683666227688361, 0.9991514622347079655, 0.000000000000000000 ) ) ;
#2112 = ORIENTED_EDGE ( 'NONE', *, *, #5612, .T. ) ;
#2113 = DIRECTION ( 'NONE',  ( 9.654113257610036637E-15, 0.6207195780579084499, 0.7840326558349544062 ) ) ;
#2114 = ORIENTED_EDGE ( 'NONE', *, *, #9522, .T. ) ;
#2115 = DIRECTION ( 'NONE',  ( -1.000000000000000000, 0.000000000000000000, 0.000000000000000000 ) ) ;
#2116 = CARTESIAN_POINT ( 'NONE',  ( -1126.980403585233944, 213.5482141817257968, 659.8088340194982493 ) ) ;
#2117 = CARTESIAN_POINT ( 'NONE',  ( -1143.493341476339538, 914.6472499256033188, 150.4654232975392745 ) ) ;
#2118 = CARTESIAN_POINT ( 'NONE',  ( -1563.041541306736235, 334.9999999999999432, -143.6010951158150704 ) ) ;
#2119 = DIRECTION ( 'NONE',  ( -0.000000000000000000, -1.000000000000000000, 8.619627893433011024E-16 ) ) ;
#2120 = EDGE_LOOP ( 'NONE', ( #8944, #5790, #7247, #1144, #8411 ) ) ;
#2121 = VECTOR ( 'NONE', #7781, 1000.000000000000000 ) ;
#2122 = CYLINDRICAL_SURFACE ( 'NONE', #6287, 6.000000000000227374 ) ;
#2123 = CARTESIAN_POINT ( 'NONE',  ( -24.89140634676038744, 84.34104037394050124, 682.4045923483236038 ) ) ;
#2124 = DIRECTION ( 'NONE',  ( 0.9991514412379743915, -0.04118683579675160022, 0.0002050100731055823420 ) ) ;
#2125 = DIRECTION ( 'NONE',  ( -0.5106616124301164295, -0.8590958568053636002, -0.03433695400194736874 ) ) ;
#2126 = CARTESIAN_POINT ( 'NONE',  ( -23.26529897701393779, 83.88786823306978135, -670.8270395497183927 ) ) ;
#2127 = CARTESIAN_POINT ( 'NONE',  ( -1128.324272036717502, 927.7796892719989046, -132.6366492643313677 ) ) ;
#2128 = ORIENTED_EDGE ( 'NONE', *, *, #5757, .T. ) ;
#2129 = EDGE_CURVE ( 'NONE', #9673, #9186, #5581, .T. ) ;
#2130 = CARTESIAN_POINT ( 'NONE',  ( -498.0664522326819110, 920.0015606757266369, -133.5631524887664057 ) ) ;
#2131 = AXIS2_PLACEMENT_3D ( 'NONE', #7178, #9513, #5577 ) ;
#2132 = EDGE_CURVE ( 'NONE', #2245, #5022, #8188, .T. ) ;
#2133 = EDGE_CURVE ( 'NONE', #5022, #4608, #4737, .T. ) ;
#2134 = EDGE_CURVE ( 'NONE', #7484, #7876, #2794, .T. ) ;
#2135 = ORIENTED_EDGE ( 'NONE', *, *, #3293, .F. ) ;
#2136 = FACE_BOUND ( 'NONE', #884, .T. ) ;
#2137 = CARTESIAN_POINT ( 'NONE',  ( -480.0430627306077440, 911.3117373309970617, 302.7158385259953661 ) ) ;
#2138 = EDGE_CURVE ( 'NONE', #7644, #3546, #486, .T. ) ;
#2139 = CARTESIAN_POINT ( 'NONE',  ( 0.000000000000000000, 30.00000000000000711, 609.9999999999997726 ) ) ;
#2140 = CARTESIAN_POINT ( 'NONE',  ( -500.0430627306077440, 911.3117373309971754, -167.7103096919969403 ) ) ;
#2141 = CARTESIAN_POINT ( 'NONE',  ( -20.72988131418299318, 86.93907890738174160, 665.9839238935431922 ) ) ;
#2142 =( BOUNDED_CURVE ( )  B_SPLINE_CURVE ( 3, ( #1996, #4306, #8964, #8245 ),
 .UNSPECIFIED., .F., .F. ) 
 B_SPLINE_CURVE_WITH_KNOTS ( ( 4, 4 ),
 ( 1.570796326794896114, 3.100394163443273232 ),
 .UNSPECIFIED. ) 
 CURVE ( )  GEOMETRIC_REPRESENTATION_ITEM ( )  RATIONAL_B_SPLINE_CURVE ( ( 1.000000000000000000, 0.8143477329011805654, 0.8143477329011805654, 1.000000000000000000 ) ) 
 REPRESENTATION_ITEM ( '' )  );
#2143 = EDGE_CURVE ( 'NONE', #4476, #8177, #2898, .T. ) ;
#2144 = CARTESIAN_POINT ( 'NONE',  ( -488.0916379888685697, 929.6214406390688509, 151.3238903881695308 ) ) ;
#2145 = EDGE_LOOP ( 'NONE', ( #1214, #7114, #6892, #206 ) ) ;
#2146 = ORIENTED_EDGE ( 'NONE', *, *, #1566, .F. ) ;
#2147 = CARTESIAN_POINT ( 'NONE',  ( -1127.074007611052821, 947.5773963977219410, 165.1132772852674009 ) ) ;
#2148 = DIRECTION ( 'NONE',  ( 0.000000000000000000, 1.000000000000000000, 0.000000000000000000 ) ) ;
#2149 = AXIS2_PLACEMENT_3D ( 'NONE', #2885, #8354, #5865 ) ;
#2150 = CARTESIAN_POINT ( 'NONE',  ( -20.63877270479224535, 602.2782879481078453, -539.2009811711438942 ) ) ;
#2151 = FACE_OUTER_BOUND ( 'NONE', #7657, .T. ) ;
#2152 = CARTESIAN_POINT ( 'NONE',  ( -23.75000000000028066, 30.00000000000000711, -656.2500000000000000 ) ) ;
#2153 = CARTESIAN_POINT ( 'NONE',  ( 24.99999999999971578, 408.5786437626903762, -680.0000000000000000 ) ) ;
#2154 = DIRECTION ( 'NONE',  ( 0.000000000000000000, 1.000000000000000000, 0.000000000000000000 ) ) ;
#2155 = AXIS2_PLACEMENT_3D ( 'NONE', #2350, #6984, #6305 ) ;
#2156 = CARTESIAN_POINT ( 'NONE',  ( -1145.707370791039921, 682.6223347372314265, -513.5590018468520839 ) ) ;
#2157 = CARTESIAN_POINT ( 'NONE',  ( -1131.810328740906016, 956.1940535983271729, -149.2479255924868653 ) ) ;
#2158 = AXIS2_PLACEMENT_3D ( 'NONE', #9642, #8039, #6375 ) ;
#2159 = ADVANCED_FACE ( 'NONE', ( #6580 ), #1896, .F. ) ;
#2160 = CARTESIAN_POINT ( 'NONE',  ( -24.99040421216484731, 120.2410033968033929, -679.3073981572157436 ) ) ;
#2161 = TOROIDAL_SURFACE ( 'NONE', #1323, 100.0000000000031832, 23.00000000000000711 ) ;
#2162 = ORIENTED_EDGE ( 'NONE', *, *, #7998, .F. ) ;
#2163 = DIRECTION ( 'NONE',  ( 1.084036547835517787E-17, -0.7840326558350858566, -0.6207195780577426936 ) ) ;
#2164 = EDGE_CURVE ( 'NONE', #2851, #6261, #6850, .T. ) ;
#2165 = FACE_OUTER_BOUND ( 'NONE', #3367, .T. ) ;
#2166 = DIRECTION ( 'NONE',  ( 0.000000000000000000, -1.000000000000000000, 0.000000000000000000 ) ) ;
#2167 = CARTESIAN_POINT ( 'NONE',  ( -22.75692400870169863, 85.14686867551448302, -690.3674914424213966 ) ) ;
#2168 = EDGE_LOOP ( 'NONE', ( #4884, #5156, #451, #9932, #3706, #7437 ) ) ;
#2169 = LINE ( 'NONE', #7572, #10160 ) ;
#2170 = ORIENTED_EDGE ( 'NONE', *, *, #6797, .F. ) ;
#2171 = CARTESIAN_POINT ( 'NONE',  ( -1173.939940455780516, 930.9883730852581039, 157.7184535138512445 ) ) ;
#2172 = CARTESIAN_POINT ( 'NONE',  ( -1125.882458956538358, 214.9410777648924977, 656.5901432092862251 ) ) ;
#2173 = DIRECTION ( 'NONE',  ( 0.000000000000000000, 0.7071067811865463515, 0.7071067811865486830 ) ) ;
#2174 = CARTESIAN_POINT ( 'NONE',  ( -1458.041541306736235, 345.0000000000000000, -183.6010951158152409 ) ) ;
#2175 = AXIS2_PLACEMENT_3D ( 'NONE', #3493, #1752, #6637 ) ;
#2176 = CIRCLE ( 'NONE', #5611, 23.00000000000002132 ) ;
#2177 = FACE_OUTER_BOUND ( 'NONE', #7603, .T. ) ;
#2178 = ORIENTED_EDGE ( 'NONE', *, *, #7367, .T. ) ;
#2179 = CARTESIAN_POINT ( 'NONE',  ( -1133.331905752007060, 920.2262024621272758, 149.8661075778517215 ) ) ;
#2180 = CARTESIAN_POINT ( 'NONE',  ( -1131.848289285982673, 194.9446489420027717, -632.8092717175233020 ) ) ;
#2181 = DIRECTION ( 'NONE',  ( -4.872322894325868391E-15, -0.1999999999998937350, 0.9797958971132930683 ) ) ;
#2182 = CARTESIAN_POINT ( 'NONE',  ( -1145.017927195353423, 914.8860249973615737, -143.4372952663445062 ) ) ;
#2183 = CARTESIAN_POINT ( 'NONE',  ( -14.59140061723195636, 99.40775999656331408, -659.6999255894515954 ) ) ;
#2184 = CARTESIAN_POINT ( 'NONE',  ( -1548.041541306736235, 345.0000000000000000, -183.6010951158152409 ) ) ;
#2185 = VERTEX_POINT ( 'NONE', #613 ) ;
#2186 = VECTOR ( 'NONE', #5214, 1000.000000000000000 ) ;
#2187 = CARTESIAN_POINT ( 'NONE',  ( -489.0854461574072047, 929.1530287637364154, -145.2832010999289025 ) ) ;
#2188 = VERTEX_POINT ( 'NONE', #6172 ) ;
#2189 = CARTESIAN_POINT ( 'NONE',  ( -1163.853357339005242, 678.3753619285370178, 521.8057312313468401 ) ) ;
#2190 = CARTESIAN_POINT ( 'NONE',  ( -23.71827001476155061, 563.0164934223861337, -555.8082063573190226 ) ) ;
#2191 = CARTESIAN_POINT ( 'NONE',  ( -1158.556209417156651, 916.7247540640976240, -133.1004001390313363 ) ) ;
#2192 = CARTESIAN_POINT ( 'NONE',  ( -1161.356868728602649, 914.6340790485654679, 170.6214336359360004 ) ) ;
#2193 = CARTESIAN_POINT ( 'NONE',  ( -1146.837072490657874, 915.0920014245775747, -137.1399957763823352 ) ) ;
#2194 = CARTESIAN_POINT ( 'NONE',  ( -40.00000000000028422, 40.00000000000000000, 0.000000000000000000 ) ) ;
#2195 = ORIENTED_EDGE ( 'NONE', *, *, #6090, .F. ) ;
#2196 = VECTOR ( 'NONE', #5215, 999.9999999999998863 ) ;
#2197 = ORIENTED_EDGE ( 'NONE', *, *, #5774, .F. ) ;
#2198 = CARTESIAN_POINT ( 'NONE',  ( -1129.488334990583553, 952.2996667586589865, 160.9371823880713634 ) ) ;
#2199 = CARTESIAN_POINT ( 'NONE',  ( -1173.750000000000227, 40.00000000000000000, -673.7499999999997726 ) ) ;
#2200 = CIRCLE ( 'NONE', #7126, 23.00000000000002132 ) ;
#2201 = DIRECTION ( 'NONE',  ( -3.206204708786307771E-15, -0.7071067811865496822, 0.7071067811865453523 ) ) ;
#2202 = LINE ( 'NONE', #8693, #6253 ) ;
#2203 = AXIS2_PLACEMENT_3D ( 'NONE', #1464, #4613, #1313 ) ;
#2204 = CARTESIAN_POINT ( 'NONE',  ( -1126.154965419930477, 947.7151725395863195, 134.7329138500561783 ) ) ;
#2205 = DIRECTION ( 'NONE',  ( 0.7941567930305997169, -0.5634716255418394937, -0.2276284588811126608 ) ) ;
#2206 = ADVANCED_FACE ( 'NONE', ( #10118 ), #8407, .F. ) ;
#2207 = DIRECTION ( 'NONE',  ( 0.000000000000000000, 0.000000000000000000, 1.000000000000000000 ) ) ;
#2208 = CARTESIAN_POINT ( 'NONE',  ( -1156.938564261481133, 681.9339777223934789, -514.9076295511174521 ) ) ;
#2209 = CARTESIAN_POINT ( 'NONE',  ( -1131.729433494853538, 956.1596658556061357, -148.6385975011986886 ) ) ;
#2210 = CARTESIAN_POINT ( 'NONE',  ( -1126.250000000000455, 30.00000000000000711, -673.7499999999996589 ) ) ;
#2211 = ORIENTED_EDGE ( 'NONE', *, *, #8953, .T. ) ;
#2212 = CARTESIAN_POINT ( 'NONE',  ( -1132.463566288809034, 920.6745664455561382, -154.0458550649964593 ) ) ;
#2213 = DIRECTION ( 'NONE',  ( -2.209795180075059144E-15, 1.000000000000000000, 3.114345657676548060E-15 ) ) ;
#2214 = CARTESIAN_POINT ( 'NONE',  ( -2.927147495130478761E-14, 570.7106781186548687, -559.2893218813454723 ) ) ;
#2215 = CARTESIAN_POINT ( 'NONE',  ( -23.00660976079048936, 84.81585650511581775, -689.8023450170903743 ) ) ;
#2216 =( LENGTH_UNIT ( ) NAMED_UNIT ( * ) SI_UNIT ( .MILLI., .METRE. ) );
#2217 = ORIENTED_EDGE ( 'NONE', *, *, #2558, .F. ) ;
#2218 = CARTESIAN_POINT ( 'NONE',  ( -1125.546053239856974, 180.7952898719118195, 644.6796713726475900 ) ) ;
#2219 = CARTESIAN_POINT ( 'NONE',  ( 2.308085168284957309E-14, 600.0000000000000000, 488.5786437626904899 ) ) ;
#2220 = CARTESIAN_POINT ( 'NONE',  ( -1132.206483478916198, 204.1106991998101421, 667.5626646504147175 ) ) ;
#2221 = FACE_BOUND ( 'NONE', #4132, .T. ) ;
#2222 = ADVANCED_FACE ( 'NONE', ( #5971 ), #560, .F. ) ;
#2223 = CARTESIAN_POINT ( 'NONE',  ( -1150.000000000000227, 577.2788963656059877, -628.4032655835093237 ) ) ;
#2224 = ORIENTED_EDGE ( 'NONE', *, *, #5007, .T. ) ;
#2225 = CARTESIAN_POINT ( 'NONE',  ( -1150.000000000000227, 561.7609069141600457, -608.8024491876291222 ) ) ;
#2226 = SURFACE_SIDE_STYLE ('',( #3089 ) ) ;
#2227 = CARTESIAN_POINT ( 'NONE',  ( -10.41592756329779235, 556.0304719553842006, 559.2893218813455860 ) ) ;
#2228 = CARTESIAN_POINT ( 'NONE',  ( 2.308085168284957309E-14, 600.0000000000000000, 488.5786437626904899 ) ) ;
#2229 = CARTESIAN_POINT ( 'NONE',  ( -17.47638624918845807, 91.64811191162326054, -662.0985029477817534 ) ) ;
#2230 = CARTESIAN_POINT ( 'NONE',  ( -1166.054409028329928, 921.1898199944079124, 131.2024228523749230 ) ) ;
#2231 = CLOSED_SHELL ( 'NONE', ( #5473, #243, #4578, #9124, #1302, #3815, #867, #4607, #8110, #4549, #2206, #6510, #6209, #8913, #1237, #3491 ) ) ;
#2232 = VERTEX_POINT ( 'NONE', #5251 ) ;
#2233 = CARTESIAN_POINT ( 'NONE',  ( -496.6151253622630293, 922.5229008644039368, -135.1100905796637903 ) ) ;
#2234 = ORIENTED_EDGE ( 'NONE', *, *, #1052, .F. ) ;
#2235 = CIRCLE ( 'NONE', #7990, 23.00000000000002132 ) ;
#2236 = ORIENTED_EDGE ( 'NONE', *, *, #6967, .T. ) ;
#2237 = CARTESIAN_POINT ( 'NONE',  ( -1135.277819199582382, 677.6742787670600592, 523.1455484768259794 ) ) ;
#2238 = DIRECTION ( 'NONE',  ( 4.753142324176451439E-16, 4.015884846886308424E-16, 1.000000000000000000 ) ) ;
#2239 = FACE_OUTER_BOUND ( 'NONE', #1222, .T. ) ;
#2240 = CARTESIAN_POINT ( 'NONE',  ( -1125.017125382714312, 939.4006678018322418, -131.9174686496447464 ) ) ;
#2241 = CARTESIAN_POINT ( 'NONE',  ( -11.54549629402227673, 603.4252767925107719, 553.6398913619167388 ) ) ;
#2242 = AXIS2_PLACEMENT_3D ( 'NONE', #8817, #48, #8864 ) ;
#2243 = CARTESIAN_POINT ( 'NONE',  ( -1141.242787031288799, 915.8194629645338409, -145.2607224159060024 ) ) ;
#2244 = CARTESIAN_POINT ( 'NONE',  ( -497.2254372993112952, 921.5630519696702549, 165.2750145273143971 ) ) ;
#2245 = VERTEX_POINT ( 'NONE', #3748 ) ;
#2246 = VERTEX_POINT ( 'NONE', #10014 ) ;
#2247 = CARTESIAN_POINT ( 'NONE',  ( -1130.446803291203878, 922.4668671622489455, 158.8439381307232168 ) ) ;
#2248 =( GEOMETRIC_REPRESENTATION_CONTEXT ( 3 ) GLOBAL_UNCERTAINTY_ASSIGNED_CONTEXT ( ( #1707 ) ) GLOBAL_UNIT_ASSIGNED_CONTEXT ( ( #4319, #5088, #9911 ) ) REPRESENTATION_CONTEXT ( 'NONE', 'WORKASPACE' ) );
#2249 = CARTESIAN_POINT ( 'NONE',  ( -1548.041541306736235, 334.9999999999999432, -193.6010951158149282 ) ) ;
#2250 = CARTESIAN_POINT ( 'NONE',  ( -1125.015517631663897, 941.2921702865013458, 132.1872113339336750 ) ) ;
#2251 = FACE_OUTER_BOUND ( 'NONE', #2778, .T. ) ;
#2252 = CARTESIAN_POINT ( 'NONE',  ( -1149.999999999999545, 912.6723582046639649, 162.6455621457670020 ) ) ;
#2253 = EDGE_CURVE ( 'NONE', #7051, #8049, #5162, .T. ) ;
#2254 = DIRECTION ( 'NONE',  ( 0.000000000000000000, 0.000000000000000000, -1.000000000000000000 ) ) ;
#2255 = CARTESIAN_POINT ( 'NONE',  ( -1125.447921997106960, 217.2158498088974170, -645.0950454966130110 ) ) ;
#2256 = CARTESIAN_POINT ( 'NONE',  ( -1170.136651130594146, 925.2103647220533276, 135.8444972782052389 ) ) ;
#2257 = EDGE_CURVE ( 'NONE', #5474, #2246, #3688, .T. ) ;
#2258 = ORIENTED_EDGE ( 'NONE', *, *, #3067, .T. ) ;
#2259 = EDGE_CURVE ( 'NONE', #120, #8529, #299, .T. ) ;
#2260 = AXIS2_PLACEMENT_3D ( 'NONE', #945, #158, #1660 ) ;
#2261 = CARTESIAN_POINT ( 'NONE',  ( -1126.499371009054130, 946.0532020834210698, -165.9494559582804811 ) ) ;
#2262 = CARTESIAN_POINT ( 'NONE',  ( -23.75000000000033396, 30.00000000000000711, 656.2499999999998863 ) ) ;
#2263 = CARTESIAN_POINT ( 'NONE',  ( -24.20424768796535986, 565.8135868545073208, -555.3371878845307492 ) ) ;
#2264 = CARTESIAN_POINT ( 'NONE',  ( -1174.667589035608216, 935.2387899607930422, -145.2061756190055064 ) ) ;
#2265 = CARTESIAN_POINT ( 'NONE',  ( -15.66546021491815210, 99.14071413567931756, -699.4832893747819753 ) ) ;
#2266 = DIRECTION ( 'NONE',  ( 0.000000000000000000, 0.000000000000000000, -1.000000000000000000 ) ) ;
#2267 = ADVANCED_FACE ( 'NONE', ( #4536 ), #6470, .F. ) ;
#2268 = CARTESIAN_POINT ( 'NONE',  ( -1126.088998131360540, 178.9734514876631124, -657.4082397735116956 ) ) ;
#2269 = VECTOR ( 'NONE', #10211, 1000.000000000000000 ) ;
#2270 = CIRCLE ( 'NONE', #5870, 18.00000000000002132 ) ;
#2271 = DIRECTION ( 'NONE',  ( 0.000000000000000000, 0.000000000000000000, -1.000000000000000000 ) ) ;
#2272 = CARTESIAN_POINT ( 'NONE',  ( -1126.593883099427558, 181.8447890171393340, 658.8002827977259130 ) ) ;
#2273 = CARTESIAN_POINT ( 'NONE',  ( -1149.999999999999545, 912.6723582046639649, 162.6455621457670020 ) ) ;
#2274 = FACE_OUTER_BOUND ( 'NONE', #5801, .T. ) ;
#2275 = CARTESIAN_POINT ( 'NONE',  ( -2.902317422911738039E-13, 408.5786437626904899, -680.0000000000000000 ) ) ;
#2276 = ORIENTED_EDGE ( 'NONE', *, *, #5405, .T. ) ;
#2277 = CARTESIAN_POINT ( 'NONE',  ( -1149.999999999999773, 591.5554466609519295, 646.4360166676968902 ) ) ;
#2278 = CARTESIAN_POINT ( 'NONE',  ( -1125.113417082190153, 215.6510449049729630, -647.5462200000573603 ) ) ;
#2279 = DIRECTION ( 'NONE',  ( 0.000000000000000000, 0.000000000000000000, -1.000000000000000000 ) ) ;
#2280 = DIRECTION ( 'NONE',  ( 0.000000000000000000, 1.000000000000000000, 0.000000000000000000 ) ) ;
#2281 = CARTESIAN_POINT ( 'NONE',  ( -14.45833977140501680, 101.1290067955529111, -659.6049693458295451 ) ) ;
#2282 = CARTESIAN_POINT ( 'NONE',  ( -1171.069773519874616, 926.6803343426876154, 134.4691998116240939 ) ) ;
#2283 = EDGE_LOOP ( 'NONE', ( #8766, #5208 ) ) ;
#2284 = CARTESIAN_POINT ( 'NONE',  ( -22.27939591511579209, 562.6910609938314565, 551.2697047565220601 ) ) ;
#2285 = ORIENTED_EDGE ( 'NONE', *, *, #4650, .F. ) ;
#2286 = AXIS2_PLACEMENT_3D ( 'NONE', #863, #1536, #4044 ) ;
#2287 = EDGE_LOOP ( 'NONE', ( #1830, #6458, #2562, #2479, #6684 ) ) ;
#2288 = CARTESIAN_POINT ( 'NONE',  ( -1128.106476458631960, 667.0765818932867433, 541.9085034155862104 ) ) ;
#2289 = CARTESIAN_POINT ( 'NONE',  ( -2.880137398330167607E-13, 30.00000000000000711, 680.0000000000000000 ) ) ;
#2290 = CARTESIAN_POINT ( 'NONE',  ( -16.08025404899586874, 603.6139224166855684, 547.4322382905996847 ) ) ;
#2291 = CARTESIAN_POINT ( 'NONE',  ( -1150.000000000000227, 938.9285782095131481, 149.8625354325496630 ) ) ;
#2292 = ADVANCED_FACE ( 'NONE', ( #6120 ), #6991, .T. ) ;
#2293 = CARTESIAN_POINT ( 'NONE',  ( 0.000000000000000000, 30.00000000000000711, 0.000000000000000000 ) ) ;
#2294 = CARTESIAN_POINT ( 'NONE',  ( -24.99875302643949837, 84.10761538737128262, 679.6942358727767441 ) ) ;
#2295 = CARTESIAN_POINT ( 'NONE',  ( -1149.999999999999773, 515.2069385598460940, 626.9999999999974989 ) ) ;
#2296 = ORIENTED_EDGE ( 'NONE', *, *, #5024, .T. ) ;
#2297 = ORIENTED_EDGE ( 'NONE', *, *, #874, .T. ) ;
#2298 = CARTESIAN_POINT ( 'NONE',  ( -500.0430627306077440, 911.3117373309971754, 132.0147611730997994 ) ) ;
#2299 =( NAMED_UNIT ( * ) SI_UNIT ( $, .STERADIAN. ) SOLID_ANGLE_UNIT ( ) );
#2300 = DIRECTION ( 'NONE',  ( 0.000000000000000000, -1.000000000000000000, 0.000000000000000000 ) ) ;
#2301 = FACE_OUTER_BOUND ( 'NONE', #4531, .T. ) ;
#2302 = CARTESIAN_POINT ( 'NONE',  ( -1126.658024246602963, 215.6263770726673101, -641.0418064234502253 ) ) ;
#2303 = CYLINDRICAL_SURFACE ( 'NONE', #7146, 23.00000000000002132 ) ;
#2304 = ORIENTED_EDGE ( 'NONE', *, *, #2403, .T. ) ;
#2305 = VECTOR ( 'NONE', #1948, 1000.000000000000000 ) ;
#2306 = CARTESIAN_POINT ( 'NONE',  ( -1126.571499369295452, 928.6971620807516956, -165.3389374520509136 ) ) ;
#2307 = EDGE_CURVE ( 'NONE', #3228, #9895, #6947, .T. ) ;
#2308 = CARTESIAN_POINT ( 'NONE',  ( -1150.000000000000227, 200.0000000000000284, -650.0000000000011369 ) ) ;
#2309 = SURFACE_STYLE_FILL_AREA ( #3076 ) ;
#2310 = CARTESIAN_POINT ( 'NONE',  ( -1127.674912121215129, 928.8969523593011672, 134.3282399229217106 ) ) ;
#2311 = CARTESIAN_POINT ( 'NONE',  ( -22.83078606758052942, 118.8728718930167787, -690.2023360046864582 ) ) ;
#2312 = AXIS2_PLACEMENT_3D ( 'NONE', #827, #5606, #4694 ) ;
#2314 = ADVANCED_FACE ( 'NONE', ( #2221, #2066, #1336, #8353, #4428 ), #3649, .T. ) ;
#2313 = EDGE_LOOP ( 'NONE', ( #8658, #507, #5817, #1450, #168, #6922 ) ) ;
#2315 = CARTESIAN_POINT ( 'NONE',  ( -1149.999999999999773, 561.7609069141639111, 608.8024491876258253 ) ) ;
#2316 = B_SPLINE_CURVE_WITH_KNOTS ( 'NONE', 3,
 ( #7699, #3719, #10030, #6241, #7806, #2190 ),
 .UNSPECIFIED., .F., .F.,
 ( 4, 2, 4 ),
 ( 1.387778780781445521E-17, 0.002383500150126221986, 0.004767000300252430094 ),
 .UNSPECIFIED. ) ;
#2317 = AXIS2_PLACEMENT_3D ( 'NONE', #9564, #4031, #8167 ) ;
#2318 = CARTESIAN_POINT ( 'NONE',  ( -1155.429233156178498, 912.8949817615939537, 166.5360989662749489 ) ) ;
#2319 = CARTESIAN_POINT ( 'NONE',  ( -1131.603697786124258, 205.7317560987067964, 666.9312294237131482 ) ) ;
#2320 = CARTESIAN_POINT ( 'NONE',  ( -1125.088834926397794, 939.2413834406950173, 169.8258088958576764 ) ) ;
#2321 = DIRECTION ( 'NONE',  ( 5.551115123125779744E-16, -1.000000000000000000, 0.000000000000000000 ) ) ;
#2322 = EDGE_CURVE ( 'NONE', #665, #1768, #8688, .T. ) ;
#2323 = VECTOR ( 'NONE', #5061, 1000.000000000000000 ) ;
#2324 = CARTESIAN_POINT ( 'NONE',  ( -2.880137398330167607E-13, 30.00000000000000711, 680.0000000000000000 ) ) ;
#2325 = EDGE_LOOP ( 'NONE', ( #413, #674, #7758, #2864 ) ) ;
#2326 = CARTESIAN_POINT ( 'NONE',  ( -1526.308102424745812, 345.0000000000000568, -174.0095457017267790 ) ) ;
#2327 = CARTESIAN_POINT ( 'NONE',  ( -1548.041541306736235, 334.9999999999999432, -163.6010951158148998 ) ) ;
#2328 = DIRECTION ( 'NONE',  ( 0.8155670090706016451, -0.5786626424054288620, 0.000000000000000000 ) ) ;
#2329 = CYLINDRICAL_SURFACE ( 'NONE', #5493, 25.00000000000000711 ) ;
#2330 = FACE_BOUND ( 'NONE', #960, .T. ) ;
#2331 = CARTESIAN_POINT ( 'NONE',  ( -1173.593695303811046, 931.5142533433827339, 139.1670376110084533 ) ) ;
#2332 = ORIENTED_EDGE ( 'NONE', *, *, #8794, .T. ) ;
#2333 = CARTESIAN_POINT ( 'NONE',  ( -1149.999999999999545, 861.0102051443361688, -339.9999999999997158 ) ) ;
#2334 = EDGE_LOOP ( 'NONE', ( #6348, #4898 ) ) ;
#2335 = ADVANCED_FACE ( 'NONE', ( #2462 ), #6369, .T. ) ;
#2336 = ORIENTED_EDGE ( 'NONE', *, *, #3040, .T. ) ;
#2337 = LINE ( 'NONE', #3144, #5698 ) ;
#2338 = DIRECTION ( 'NONE',  ( 0.000000000000000000, 1.000000000000000000, 0.000000000000000000 ) ) ;
#2339 = AXIS2_PLACEMENT_3D ( 'NONE', #9035, #295, #7316 ) ;
#2340 = CARTESIAN_POINT ( 'NONE',  ( -1157.732957915646011, 916.4237557030430708, -133.3132447839832935 ) ) ;
#2341 = CARTESIAN_POINT ( 'NONE',  ( -9.159530303055026579, 590.8352422872513898, 571.9006278201596842 ) ) ;
#2342 = CARTESIAN_POINT ( 'NONE',  ( -1141.833992204283277, 915.7309345066838659, -143.7692722385287425 ) ) ;
#2343 = ORIENTED_EDGE ( 'NONE', *, *, #5142, .F. ) ;
#2344 = ADVANCED_FACE ( 'NONE', ( #3854 ), #4679, .T. ) ;
#2345 = EDGE_LOOP ( 'NONE', ( #7733, #2098, #5844, #8009, #329 ) ) ;
#2346 = CARTESIAN_POINT ( 'NONE',  ( -1132.803786438095358, 920.4486171881743530, 152.8781473842844321 ) ) ;
#2347 = DIRECTION ( 'NONE',  ( 0.000000000000000000, -1.000000000000000000, 0.000000000000000000 ) ) ;
#2348 = CARTESIAN_POINT ( 'NONE',  ( -1548.041541306736235, 345.0000000000000000, -188.6010951158150704 ) ) ;
#2349 = CARTESIAN_POINT ( 'NONE',  ( -23.37010928122152009, 576.6660534556110633, -537.8194249136241751 ) ) ;
#2350 = CARTESIAN_POINT ( 'NONE',  ( -1458.041541306736235, 334.9999999999999432, 188.6010951158156388 ) ) ;
#2351 = CARTESIAN_POINT ( 'NONE',  ( -1165.472849561827616, 948.1259107813558558, -149.8625354325472472 ) ) ;
#2352 = CARTESIAN_POINT ( 'NONE',  ( -1128.602792549392689, 213.0120270797678188, -637.0250523998705603 ) ) ;
#2353 = AXIS2_PLACEMENT_3D ( 'NONE', #4164, #890, #4892 ) ;
#2354 = CARTESIAN_POINT ( 'NONE',  ( -1150.000000000000227, 515.2069385598407507, -650.0000000000015916 ) ) ;
#2355 = ORIENTED_EDGE ( 'NONE', *, *, #6032, .F. ) ;
#2356 = CIRCLE ( 'NONE', #1847, 25.00000000000002132 ) ;
#2357 = CARTESIAN_POINT ( 'NONE',  ( -1125.157521402935345, 940.3538906957400059, -167.7309804366039430 ) ) ;
#2358 = AXIS2_PLACEMENT_3D ( 'NONE', #5241, #4473, #3075 ) ;
#2359 = CIRCLE ( 'NONE', #202, 4.999999999999809930 ) ;
#2360 = DIRECTION ( 'NONE',  ( -0.000000000000000000, -0.000000000000000000, -1.000000000000000000 ) ) ;
#2361 = FILL_AREA_STYLE_COLOUR ( '', #7530 ) ;
#2362 = CARTESIAN_POINT ( 'NONE',  ( 0.000000000000000000, 30.00000000000000711, -689.9999999999997726 ) ) ;
#2363 = CARTESIAN_POINT ( 'NONE',  ( -23.27645753350014957, 562.7596126540742034, 554.3098877922107022 ) ) ;
#2364 = ORIENTED_EDGE ( 'NONE', *, *, #8084, .F. ) ;
#2365 = LINE ( 'NONE', #126, #4172 ) ;
#2366 = CARTESIAN_POINT ( 'NONE',  ( -1153.779843182135892, 912.6653997432728147, 165.5915427271972078 ) ) ;
#2367 = CIRCLE ( 'NONE', #9460, 167.9999999999999147 ) ;
#2368 = CARTESIAN_POINT ( 'NONE',  ( -1563.041541306736235, 334.9999999999999432, -203.6010951158150704 ) ) ;
#2369 = CARTESIAN_POINT ( 'NONE',  ( 9.980836515789735480E-15, 500.0000000000000000, -488.5786437626906604 ) ) ;
#2370 = DIRECTION ( 'NONE',  ( 0.000000000000000000, 0.000000000000000000, 1.000000000000000000 ) ) ;
#2371 = CARTESIAN_POINT ( 'NONE',  ( -2.880137398330167607E-13, 40.00000000000000000, 705.0000000000001137 ) ) ;
#2372 = ORIENTED_EDGE ( 'NONE', *, *, #1115, .T. ) ;
#2373 = CARTESIAN_POINT ( 'NONE',  ( -1563.041541306736235, 334.9999999999999432, 203.6010951158155535 ) ) ;
#2374 = CARTESIAN_POINT ( 'NONE',  ( -1144.382376639573067, 915.3283516268180620, 139.7335621804115249 ) ) ;
#2375 = CARTESIAN_POINT ( 'NONE',  ( -2.902317422911738039E-13, 408.5786437626904899, -703.0000000000001137 ) ) ;
#2376 = DIRECTION ( 'NONE',  ( -0.000000000000000000, 1.000000000000000000, 0.000000000000000000 ) ) ;
#2377 = DIRECTION ( 'NONE',  ( -1.000000000000000000, 0.000000000000000000, 0.000000000000000000 ) ) ;
#2378 = EDGE_LOOP ( 'NONE', ( #7474, #6499 ) ) ;
#2379 = CARTESIAN_POINT ( 'NONE',  ( -21.60078073442246449, 88.45147856600938496, -667.4040457000014612 ) ) ;
#2380 = ORIENTED_EDGE ( 'NONE', *, *, #2496, .F. ) ;
#2381 = EDGE_CURVE ( 'NONE', #5523, #638, #4013, .T. ) ;
#2382 = AXIS2_PLACEMENT_3D ( 'NONE', #6711, #8273, #8484 ) ;
#2383 = ORIENTED_EDGE ( 'NONE', *, *, #6237, .F. ) ;
#2384 = EDGE_CURVE ( 'NONE', #3485, #1554, #2655, .T. ) ;
#2385 = B_SPLINE_CURVE_WITH_KNOTS ( 'NONE', 3,
 ( #9530, #7100, #5507, #5696, #820, #178, #7055, #1777, #7148, #4780, #965, #3998, #4045, #8661, #7985, #7839, #4090, #6368, #7887, #770, #6271, #3905, #1590, #35, #5551, #3129, #7198, #9579, #9439, #7243, #131, #3173, #6319, #9488 ),
 .UNSPECIFIED., .F., .F.,
 ( 4, 2, 2, 2, 2, 2, 2, 2, 2, 2, 2, 2, 2, 2, 2, 2, 4 ),
 ( 0.09144868812681600234, 0.09539290795391301703, 0.09933712778101003171, 0.1003231827377843305, 0.1013092376945586293, 0.1032813476081072268, 0.1052534575216558105, 0.1072255674352044080, 0.1111697872623015892, 0.1131418971758500758, 0.1151140070893985623, 0.1170861170029470488, 0.1180721719597212921, 0.1190582269164955354, 0.1210303368300440219, 0.1220163917868182929, 0.1230024467435925639 ),
 .UNSPECIFIED. ) ;
#2386 = EDGE_CURVE ( 'NONE', #9501, #7388, #3513, .T. ) ;
#2387 = DIRECTION ( 'NONE',  ( -1.698300684540295726E-17, 1.000000000000000000, -0.000000000000000000 ) ) ;
#2388 = LINE ( 'NONE', #3288, #3452 ) ;
#2389 = CARTESIAN_POINT ( 'NONE',  ( -2.942733134631078957E-13, 408.5786437626904899, 680.0000000000000000 ) ) ;
#2390 = CLOSED_SHELL ( 'NONE', ( #4709, #3060, #4258, #8704, #2949, #4707, #6972 ) ) ;
#2391 = LINE ( 'NONE', #1654, #5126 ) ;
#2392 = AXIS2_PLACEMENT_3D ( 'NONE', #6954, #8416, #8573 ) ;
#2393 = VECTOR ( 'NONE', #9437, 1000.000000000000114 ) ;
#2394 = CARTESIAN_POINT ( 'NONE',  ( -20.07235420361991984, 90.86931505683755006, 665.0754764358513285 ) ) ;
#2395 = ORIENTED_EDGE ( 'NONE', *, *, #7046, .F. ) ;
#2396 = ORIENTED_EDGE ( 'NONE', *, *, #5584, .F. ) ;
#2397 = CYLINDRICAL_SURFACE ( 'NONE', #780, 4.999999999999838352 ) ;
#2398 = FILL_AREA_STYLE_COLOUR ( '', #6111 ) ;
#2399 = FACE_OUTER_BOUND ( 'NONE', #4519, .T. ) ;
#2400 = CARTESIAN_POINT ( 'NONE',  ( -23.75000000000028066, 40.00000000000000000, -656.2500000000000000 ) ) ;
#2401 = CARTESIAN_POINT ( 'NONE',  ( -1126.332943555343263, 216.0533879085050728, -641.9394413259673229 ) ) ;
#2402 = FACE_OUTER_BOUND ( 'NONE', #1131, .T. ) ;
#2403 = EDGE_CURVE ( 'NONE', #6422, #8220, #6936, .T. ) ;
#2404 = AXIS2_PLACEMENT_3D ( 'NONE', #8400, #7725, #2266 ) ;
#2405 = VERTEX_POINT ( 'NONE', #6883 ) ;
#2406 = CARTESIAN_POINT ( 'NONE',  ( -24.19533884294987658, 563.4633458578382488, -557.6254817870456009 ) ) ;
#2407 = CARTESIAN_POINT ( 'NONE',  ( -480.0430627306076872, 911.3117373309971754, 302.7158385259952524 ) ) ;
#2408 = CARTESIAN_POINT ( 'NONE',  ( -1170.377683021747316, 925.6914002145531413, -133.7138428013249438 ) ) ;
#2409 = CARTESIAN_POINT ( 'NONE',  ( -23.06666195588034540, 119.2286209321532198, -689.6592425893135214 ) ) ;
#2410 = VERTEX_POINT ( 'NONE', #3687 ) ;
#2411 = CARTESIAN_POINT ( 'NONE',  ( -16.13625182927236068, 584.2129256519788214, -572.7915694146694250 ) ) ;
#2412 = DIRECTION ( 'NONE',  ( 0.000000000000000000, 0.000000000000000000, -1.000000000000000000 ) ) ;
#2413 = DIRECTION ( 'NONE',  ( 0.000000000000000000, 1.000000000000000000, 0.000000000000000000 ) ) ;
#2414 = CARTESIAN_POINT ( 'NONE',  ( -1135.176343907942737, 918.4833291086462168, 152.5830235957426737 ) ) ;
#2415 = CARTESIAN_POINT ( 'NONE',  ( -2.873344195592006673E-13, 5.551115123125782702E-14, 680.0000000000000000 ) ) ;
#2416 = CARTESIAN_POINT ( 'NONE',  ( -1150.000000000000227, 515.2069385598401823, -675.0000000000015916 ) ) ;
#2417 = ORIENTED_EDGE ( 'NONE', *, *, #6412, .T. ) ;
#2418 = CARTESIAN_POINT ( 'NONE',  ( -40.00000000000028422, 30.00000000000000711, -720.0000000000000000 ) ) ;
#2419 = CARTESIAN_POINT ( 'NONE',  ( -1142.754120397307815, 915.5741682641086072, 142.0103087469879597 ) ) ;
#2420 = CARTESIAN_POINT ( 'NONE',  ( -8.053654804654305721, 594.0061135053138059, -568.9332890459259033 ) ) ;
#2421 = DIRECTION ( 'NONE',  ( -0.5786626424054287510, -0.8155670090706016451, 0.000000000000000000 ) ) ;
#2422 = DIRECTION ( 'NONE',  ( 0.000000000000000000, -1.000000000000000000, 0.000000000000000000 ) ) ;
#2423 = CARTESIAN_POINT ( 'NONE',  ( -1172.763334012380483, 656.6898058526345494, 552.3497992829071563 ) ) ;
#2424 = CIRCLE ( 'NONE', #6512, 25.00000000000002842 ) ;
#2425 = VERTEX_POINT ( 'NONE', #2102 ) ;
#2426 = CARTESIAN_POINT ( 'NONE',  ( -23.94688143294445126, 118.9270556817172775, -672.7983694147499136 ) ) ;
#2427 = ORIENTED_EDGE ( 'NONE', *, *, #7646, .F. ) ;
#2428 = ORIENTED_EDGE ( 'NONE', *, *, #2744, .F. ) ;
#2429 = DIRECTION ( 'NONE',  ( -0.7941567930306002721, 0.5634716255418391606, -0.2276284588811120502 ) ) ;
#2430 = PRESENTATION_STYLE_ASSIGNMENT (( #57 ) ) ;
#2431 = DIRECTION ( 'NONE',  ( -0.000000000000000000, 1.000000000000000000, 3.663341854709201164E-15 ) ) ;
#2432 = ADVANCED_FACE ( 'NONE', ( #5285 ), #10000, .T. ) ;
#2433 = CARTESIAN_POINT ( 'NONE',  ( -498.5351873299690624, 903.6718932661848385, -133.7956645878508652 ) ) ;
#2434 = CYLINDRICAL_SURFACE ( 'NONE', #8318, 6.000000000000005329 ) ;
#2435 = EDGE_CURVE ( 'NONE', #6448, #2035, #80, .T. ) ;
#2436 = EDGE_CURVE ( 'NONE', #265, #216, #8392, .T. ) ;
#2437 = EDGE_CURVE ( 'NONE', #909, #5885, #8339, .T. ) ;
#2438 = CARTESIAN_POINT ( 'NONE',  ( -1135.359533252083111, 919.0512238153083899, 144.4254500533795635 ) ) ;
#2439 = ORIENTED_EDGE ( 'NONE', *, *, #607, .F. ) ;
#2440 = EDGE_LOOP ( 'NONE', ( #3810, #65, #9934, #4301, #5710, #8958 ) ) ;
#2441 = EDGE_CURVE ( 'NONE', #9886, #8665, #4842, .T. ) ;
#2442 = CARTESIAN_POINT ( 'NONE',  ( -1548.041541306736235, 334.9999999999999432, -188.6010951158150704 ) ) ;
#2443 = DIRECTION ( 'NONE',  ( 2.498001805406602216E-16, -4.718447854656915297E-16, 1.000000000000000000 ) ) ;
#2444 = PRESENTATION_LAYER_ASSIGNMENT (  '', '', ( #128 ) ) ;
#2445 = DIRECTION ( 'NONE',  ( 0.000000000000000000, 0.000000000000000000, 1.000000000000000000 ) ) ;
#2447 = EDGE_CURVE ( 'NONE', #6236, #7625, #1376, .T. ) ;
#2446 = CARTESIAN_POINT ( 'NONE',  ( -1174.861398704619205, 936.2455522494973366, -150.3782231076251037 ) ) ;
#2448 = CARTESIAN_POINT ( 'NONE',  ( -1130.752615890083462, 189.0050524934926841, -665.9580901278943657 ) ) ;
#2449 = CARTESIAN_POINT ( 'NONE',  ( -1163.305906477017288, 919.0732449471659038, 132.6959631324198199 ) ) ;
#2450 = ORIENTED_EDGE ( 'NONE', *, *, #4059, .F. ) ;
#2451 = ORIENTED_EDGE ( 'NONE', *, *, #8806, .F. ) ;
#2452 = CARTESIAN_POINT ( 'NONE',  ( -23.71827001476155061, 563.0164934223861337, -555.8082063573190226 ) ) ;
#2453 = LINE ( 'NONE', #7235, #3016 ) ;
#2454 = CARTESIAN_POINT ( 'NONE',  ( -1168.109132218058676, 923.0572645612887754, -132.0563491945224825 ) ) ;
#2455 = CARTESIAN_POINT ( 'NONE',  ( -4.553031471546817989E-14, 600.0000000000002274, -488.5786437626905467 ) ) ;
#2456 = EDGE_CURVE ( 'NONE', #9304, #944, #2538, .T. ) ;
#2457 = ORIENTED_EDGE ( 'NONE', *, *, #4572, .F. ) ;
#2458 = CARTESIAN_POINT ( 'NONE',  ( -1135.504924436224428, 197.8201101773513244, -670.3689227082711568 ) ) ;
#2459 = CARTESIAN_POINT ( 'NONE',  ( -479.2193259973621480, 931.2947665756913693, 150.0000000000000284 ) ) ;
#2460 = CIRCLE ( 'NONE', #9545, 123.0000000000000000 ) ;
#2461 = CARTESIAN_POINT ( 'NONE',  ( -1150.000000000000227, 938.9285782095131481, 149.8625354325496630 ) ) ;
#2462 = FACE_OUTER_BOUND ( 'NONE', #2992, .T. ) ;
#2463 = CARTESIAN_POINT ( 'NONE',  ( -23.85208716921359340, 598.1307418225425181, 532.4662976992789254 ) ) ;
#2464 = EDGE_CURVE ( 'NONE', #2600, #283, #9277, .T. ) ;
#2465 = CARTESIAN_POINT ( 'NONE',  ( 23.74999999999988276, 30.00000000000000711, 703.7500000000001137 ) ) ;
#2466 = ORIENTED_EDGE ( 'NONE', *, *, #1555, .F. ) ;
#2467 = DIRECTION ( 'NONE',  ( 1.000000000000000000, 0.000000000000000000, 0.000000000000000000 ) ) ;
#2468 = AXIS2_PLACEMENT_3D ( 'NONE', #7207, #139, #4198 ) ;
#2469 = CARTESIAN_POINT ( 'NONE',  ( -1141.658797777362452, 915.7602555006557168, 144.1292688118651313 ) ) ;
#2470 = DIRECTION ( 'NONE',  ( 1.000000000000000000, 0.000000000000000000, 0.000000000000000000 ) ) ;
#2471 = UNCERTAINTY_MEASURE_WITH_UNIT (LENGTH_MEASURE( 1.000000000000000082E-05 ), #8647, 'distance_accuracy_value', 'NONE');
#2472 = CARTESIAN_POINT ( 'NONE',  ( -2.849521228351484073E-13, 30.00000000000000711, 655.0000000000000000 ) ) ;
#2473 = CARTESIAN_POINT ( 'NONE',  ( -1160.380185534354041, 639.4615923730103759, 550.1498210977201779 ) ) ;
#2474 = VECTOR ( 'NONE', #5899, 999.9999999999998863 ) ;
#2475 = EDGE_LOOP ( 'NONE', ( #9454, #1188, #2727, #3143 ) ) ;
#2476 = CARTESIAN_POINT ( 'NONE',  ( -24.32140629342586990, 119.4398650988110688, -674.2072576101146524 ) ) ;
#2477 = ORIENTED_EDGE ( 'NONE', *, *, #7486, .F. ) ;
#2478 = CIRCLE ( 'NONE', #10063, 20.00000000000001776 ) ;
#2479 = ORIENTED_EDGE ( 'NONE', *, *, #743, .T. ) ;
#2480 = CARTESIAN_POINT ( 'NONE',  ( -24.99252511255038556, 84.10533828360665609, 679.3886993386613540 ) ) ;
#2481 = CARTESIAN_POINT ( 'NONE',  ( -492.4422559829058059, 927.0114049884040242, 140.3015454921439016 ) ) ;
#2482 = DIRECTION ( 'NONE',  ( 0.000000000000000000, 0.000000000000000000, 1.000000000000000000 ) ) ;
#2483 = DIRECTION ( 'NONE',  ( 0.000000000000000000, 0.000000000000000000, 1.000000000000000000 ) ) ;
#2484 = CARTESIAN_POINT ( 'NONE',  ( -1135.741492845476159, 918.6133443864652008, 146.4086690037930225 ) ) ;
#2485 = ORIENTED_EDGE ( 'NONE', *, *, #10076, .F. ) ;
#2486 = CIRCLE ( 'NONE', #2815, 18.00000000000005684 ) ;
#2487 = CARTESIAN_POINT ( 'NONE',  ( -1131.929550753768126, 956.1349333398626413, 151.4137767601243354 ) ) ;
#2488 = CARTESIAN_POINT ( 'NONE',  ( -24.56817260766438693, 570.6745135857912601, 565.9273224646599374 ) ) ;
#2489 = CARTESIAN_POINT ( 'NONE',  ( -1160.167524553628027, 914.2871520338075015, -168.3688120862665869 ) ) ;
#2490 = CARTESIAN_POINT ( 'NONE',  ( -15.38491777782492598, 585.2315848274424752, 572.6406442258244169 ) ) ;
#2491 = VECTOR ( 'NONE', #8531, 1000.000000000000000 ) ;
#2492 = CARTESIAN_POINT ( 'NONE',  ( -23.96013286695644595, 597.8036610340021753, -532.3336294648133844 ) ) ;
#2493 = EDGE_LOOP ( 'NONE', ( #4320, #5755, #8476, #2948 ) ) ;
#2494 = EDGE_LOOP ( 'NONE', ( #8178, #4264, #4649, #4714, #3429, #2996 ) ) ;
#2495 = CARTESIAN_POINT ( 'NONE',  ( -23.70547399216397366, 571.2220578276557035, -570.0603130321675280 ) ) ;
#2496 = EDGE_CURVE ( 'NONE', #5802, #5966, #7487, .T. ) ;
#2497 = CARTESIAN_POINT ( 'NONE',  ( 23.74999999999988276, 40.00000000000000000, 709.7500000000000000 ) ) ;
#2498 = B_SPLINE_CURVE_WITH_KNOTS ( 'NONE', 3,
 ( #2263, #1280, #4418, #2548, #7047, #5640, #1674, #9434, #9571, #3166, #6362, #1582, #7140, #122, #7879, #3944, #6311, #5545, #3262, #9623, #4037, #8023, #8701, #10210, #8604, #7832, #6264, #9523, #78, #812 ),
 .UNSPECIFIED., .F., .F.,
 ( 4, 2, 2, 2, 2, 2, 2, 2, 2, 2, 2, 2, 2, 2, 4 ),
 ( 0.001091386176861986173, 0.004820993626556150692, 0.006685797351403288680, 0.008550601076250425800, 0.01041540480109756292, 0.01228020852594470178, 0.01600981597563917377, 0.01787461970048630222, 0.01973942342533342373, 0.02346903087502759735, 0.02440143273745118066, 0.02533383459987476743, 0.02719863832472193058, 0.02906344204956910066, 0.03092824577441627074 ),
 .UNSPECIFIED. ) ;
#2499 = CARTESIAN_POINT ( 'NONE',  ( -1133.422020051229083, 920.3565434947812491, 147.4104677110053387 ) ) ;
#2500 = CARTESIAN_POINT ( 'NONE',  ( -1134.527150438174203, 929.7312456376705541, 149.8625354325497483 ) ) ;
#2501 = CIRCLE ( 'NONE', #3823, 6.000000000000227374 ) ;
#2502 = ORIENTED_EDGE ( 'NONE', *, *, #6679, .F. ) ;
#2503 = LINE ( 'NONE', #8179, #387 ) ;
#2504 = DIRECTION ( 'NONE',  ( -0.000000000000000000, 1.000000000000000000, -0.000000000000000000 ) ) ;
#2505 = CARTESIAN_POINT ( 'NONE',  ( -1168.172215208410307, 920.0450333444323405, 167.7359731704528087 ) ) ;
#2506 = CARTESIAN_POINT ( 'NONE',  ( -1482.101636300528526, 345.0000000000000568, -173.2334895884941659 ) ) ;
#2507 = CARTESIAN_POINT ( 'NONE',  ( -1126.200242182954980, 929.5749070564071417, 168.0370102779139359 ) ) ;
#2508 = CIRCLE ( 'NONE', #8279, 6.000000000000227374 ) ;
#2509 = CARTESIAN_POINT ( 'NONE',  ( -22.10228142916385607, 573.8784584835801752, 536.9555796736094635 ) ) ;
#2510 = VECTOR ( 'NONE', #3497, 1000.000000000000114 ) ;
#2511 = DIRECTION ( 'NONE',  ( 0.000000000000000000, 1.000000000000000000, 0.000000000000000000 ) ) ;
#2512 = ORIENTED_EDGE ( 'NONE', *, *, #1115, .F. ) ;
#2513 = DIRECTION ( 'NONE',  ( -1.000000000000000000, 0.000000000000000000, 0.000000000000000000 ) ) ;
#2514 = CARTESIAN_POINT ( 'NONE',  ( -1149.668213174769562, 915.0731664123545670, 134.9146960660638399 ) ) ;
#2515 = CARTESIAN_POINT ( 'NONE',  ( -8.069355093257255973, 597.6620394855099221, -564.4475294778235366 ) ) ;
#2516 = CARTESIAN_POINT ( 'NONE',  ( -1143.953712830357972, 914.9039833532323200, 146.0946383501607215 ) ) ;
#2517 = CARTESIAN_POINT ( 'NONE',  ( -1126.250000000000227, 30.00000000000000711, -620.2499999999995453 ) ) ;
#2518 = CARTESIAN_POINT ( 'NONE',  ( -1139.625617952266111, 639.4148185692005200, 550.1340634829241480 ) ) ;
#2519 = VECTOR ( 'NONE', #2531, 1000.000000000000000 ) ;
#2520 = ORIENTED_EDGE ( 'NONE', *, *, #737, .F. ) ;
#2521 = DIRECTION ( 'NONE',  ( 0.000000000000000000, 0.000000000000000000, -1.000000000000000000 ) ) ;
#2522 = EDGE_LOOP ( 'NONE', ( #1610, #3408, #10028, #1066, #5853, #6020 ) ) ;
#2523 = ADVANCED_FACE ( 'NONE', ( #4569 ), #595, .F. ) ;
#2524 = DIRECTION ( 'NONE',  ( 0.000000000000000000, 0.000000000000000000, -1.000000000000000000 ) ) ;
#2525 = CIRCLE ( 'NONE', #8294, 22.99999999999998934 ) ;
#2526 = EDGE_LOOP ( 'NONE', ( #9813, #6581 ) ) ;
#2527 = CARTESIAN_POINT ( 'NONE',  ( -1149.999999999999545, 515.2069385598298368, 549.9999999999982947 ) ) ;
#2528 = CARTESIAN_POINT ( 'NONE',  ( -21.52296193808515312, 114.0466690363474527, 692.7261584169256139 ) ) ;
#2529 = CARTESIAN_POINT ( 'NONE',  ( -1140.576189127961925, 915.6406531067979131, -150.3848731943131725 ) ) ;
#2530 = DIRECTION ( 'NONE',  ( 0.000000000000000000, 0.000000000000000000, -1.000000000000000000 ) ) ;
#2531 = DIRECTION ( 'NONE',  ( -0.000000000000000000, -0.000000000000000000, -1.000000000000000000 ) ) ;
#2532 = UNCERTAINTY_MEASURE_WITH_UNIT (LENGTH_MEASURE( 1.000000000000000082E-05 ), #3805, 'distance_accuracy_value', 'NONE');
#2533 = AXIS2_PLACEMENT_3D ( 'NONE', #2827, #8563, #5404 ) ;
#2534 = ORIENTED_EDGE ( 'NONE', *, *, #5951, .F. ) ;
#2535 = AXIS2_PLACEMENT_3D ( 'NONE', #3315, #4734, #9633 ) ;
#2536 = CARTESIAN_POINT ( 'NONE',  ( -1134.195364423666206, 958.2211994468568719, -151.5991146368475881 ) ) ;
#2537 = CARTESIAN_POINT ( 'NONE',  ( -19.12665776348438129, 580.2437790387749601, 572.5379553155361236 ) ) ;
#2538 = CIRCLE ( 'NONE', #2863, 4.999999999999809930 ) ;
#2539 = VECTOR ( 'NONE', #4765, 999.9999999999998863 ) ;
#2540 = FACE_OUTER_BOUND ( 'NONE', #1951, .T. ) ;
#2541 = CLOSED_SHELL ( 'NONE', ( #1677, #8440, #1181, #1984, #3188, #4530, #2936, #9191, #9562, #1562, #9873, #9602, #471, #695, #7939, #5464, #3299, #7476, #2585, #1817, #3300, #9257, #3565, #269, #9133, #5069, #5589, #631, #3523, #7160, #8535, #4246, #2432, #7932, #6845, #10200, #2292, #3502 ) ) ;
#2542 = CARTESIAN_POINT ( 'NONE',  ( -489.6253479575512415, 893.7565394242709544, -151.2865015590052451 ) ) ;
#2543 = CARTESIAN_POINT ( 'NONE',  ( -1125.000000000000000, 710.0000000000002274, -459.5549574651162175 ) ) ;
#2544 = CARTESIAN_POINT ( 'NONE',  ( -1149.999999999999773, 592.7968858170568183, 648.0040819793756555 ) ) ;
#2545 = AXIS2_PLACEMENT_3D ( 'NONE', #696, #7040, #6987 ) ;
#2546 = VERTEX_POINT ( 'NONE', #5182 ) ;
#2547 = CARTESIAN_POINT ( 'NONE',  ( -21.85537837516194060, 574.5228235451864975, -572.6773790954434844 ) ) ;
#2548 = CARTESIAN_POINT ( 'NONE',  ( -24.87738332700988764, 566.9213593968672740, -559.4912406669635629 ) ) ;
#2549 = ADVANCED_FACE ( 'NONE', ( #1272 ), #4356, .F. ) ;
#2550 = FACE_OUTER_BOUND ( 'NONE', #1410, .T. ) ;
#2551 = ORIENTED_EDGE ( 'NONE', *, *, #5463, .F. ) ;
#2552 = CARTESIAN_POINT ( 'NONE',  ( -1173.000000000000000, 660.8936179816214462, -549.7085157757472871 ) ) ;
#2553 = FACE_OUTER_BOUND ( 'NONE', #5520, .T. ) ;
#2554 = CARTESIAN_POINT ( 'NONE',  ( -1131.864503700613113, 955.9358886425243327, -152.9239463289547700 ) ) ;
#2555 = ADVANCED_FACE ( 'NONE', ( #5953, #7715 ), #646, .F. ) ;
#2556 = DIRECTION ( 'NONE',  ( -0.000000000000000000, -1.000000000000000000, 8.619627893433011024E-16 ) ) ;
#2557 = CARTESIAN_POINT ( 'NONE',  ( -23.51762931927524747, 117.6234684455078536, -688.5425585161812023 ) ) ;
#2558 = EDGE_CURVE ( 'NONE', #7796, #6921, #4851, .T. ) ;
#2559 = ADVANCED_FACE ( 'NONE', ( #851 ), #1667, .F. ) ;
#2560 = CARTESIAN_POINT ( 'NONE',  ( -21.14854958119260431, 602.8594482797999490, 536.2032106497481436 ) ) ;
#2561 = AXIS2_PLACEMENT_3D ( 'NONE', #4573, #4471, #7618 ) ;
#2562 = ORIENTED_EDGE ( 'NONE', *, *, #4762, .T. ) ;
#2563 = EDGE_CURVE ( 'NONE', #6541, #446, #8644, .T. ) ;
#2564 = DIRECTION ( 'NONE',  ( 0.000000000000000000, 1.000000000000000000, 0.000000000000000000 ) ) ;
#2565 = CARTESIAN_POINT ( 'NONE',  ( -1172.947362820224271, 658.4081339272262312, -551.5195101296762914 ) ) ;
#2566 = CARTESIAN_POINT ( 'NONE',  ( -1150.000000000000000, 910.0000000000381988, 349.9999999998139515 ) ) ;
#2567 = SURFACE_STYLE_FILL_AREA ( #7205 ) ;
#2568 = DIRECTION ( 'NONE',  ( 0.000000000000000000, 0.000000000000000000, -1.000000000000000000 ) ) ;
#2569 = DIRECTION ( 'NONE',  ( -0.000000000000000000, -1.000000000000000000, 8.619627893433011024E-16 ) ) ;
#2570 = EDGE_LOOP ( 'NONE', ( #9092, #2034, #6525, #2780, #6648 ) ) ;
#2571 = CARTESIAN_POINT ( 'NONE',  ( -1125.259564937621690, 215.4169155436580354, 646.3567511236092287 ) ) ;
#2572 = ORIENTED_EDGE ( 'NONE', *, *, #8427, .T. ) ;
#2573 = CARTESIAN_POINT ( 'NONE',  ( -1126.318443648728135, 216.0723337439437728, 641.9625280909705225 ) ) ;
#2574 = LINE ( 'NONE', #3378, #7458 ) ;
#2575 = CARTESIAN_POINT ( 'NONE',  ( -18.16274417853546552, 108.3774389935597213, 662.8184608378579696 ) ) ;
#2576 = ORIENTED_EDGE ( 'NONE', *, *, #9324, .T. ) ;
#2577 = CARTESIAN_POINT ( 'NONE',  ( -500.0430627306077440, 923.4138252860706189, 129.5143246960453496 ) ) ;
#2578 = CARTESIAN_POINT ( 'NONE',  ( -23.72201807271438412, 117.9669820019666417, 687.9082991199934440 ) ) ;
#2579 = CIRCLE ( 'NONE', #1263, 22.99999999999998934 ) ;
#2580 = FACE_OUTER_BOUND ( 'NONE', #5875, .T. ) ;
#2581 = CARTESIAN_POINT ( 'NONE',  ( 9.980836515789673949E-15, 500.0000000000000000, -488.5786437626906604 ) ) ;
#2582 = CARTESIAN_POINT ( 'NONE',  ( -1131.501539030807180, 923.1172139147623739, -136.6122775760570676 ) ) ;
#2583 =( BOUNDED_CURVE ( )  B_SPLINE_CURVE ( 3, ( #4788, #4921, #7946, #922 ),
 .UNSPECIFIED., .F., .T. ) 
 B_SPLINE_CURVE_WITH_KNOTS ( ( 4, 4 ),
 ( 1.570796326794896114, 3.100394163443273232 ),
 .UNSPECIFIED. ) 
 CURVE ( )  GEOMETRIC_REPRESENTATION_ITEM ( )  RATIONAL_B_SPLINE_CURVE ( ( 1.000000000000000000, 0.8143477329011805654, 0.8143477329011805654, 1.000000000000000000 ) ) 
 REPRESENTATION_ITEM ( '' )  );
#2584 = CARTESIAN_POINT ( 'NONE',  ( -23.00000000000005684, 600.0000000000000000, -488.5786437626904899 ) ) ;
#2585 = ADVANCED_FACE ( 'NONE', ( #2402 ), #2303, .F. ) ;
#2586 = ORIENTED_EDGE ( 'NONE', *, *, #4828, .T. ) ;
#2587 = CARTESIAN_POINT ( 'NONE',  ( -1131.906057552197581, 956.1901372439712077, 150.4817864714502491 ) ) ;
#2588 = FACE_OUTER_BOUND ( 'NONE', #2440, .T. ) ;
#2589 = LINE ( 'NONE', #6444, #1678 ) ;
#2590 = EDGE_CURVE ( 'NONE', #2546, #547, #3069, .T. ) ;
#2591 = CARTESIAN_POINT ( 'NONE',  ( -479.2193259973622048, 931.2947665756913693, -149.7250708650966828 ) ) ;
#2592 = DIRECTION ( 'NONE',  ( -1.000000000000000000, 0.000000000000000000, 0.000000000000000000 ) ) ;
#2593 = CARTESIAN_POINT ( 'NONE',  ( -20.80325776130661453, 568.5437090005837035, -540.7449333013072419 ) ) ;
#2594 = ORIENTED_EDGE ( 'NONE', *, *, #4062, .F. ) ;
#2595 = ORIENTED_EDGE ( 'NONE', *, *, #6220, .F. ) ;
#2596 = VECTOR ( 'NONE', #2802, 999.9999999999998863 ) ;
#2597 = CYLINDRICAL_SURFACE ( 'NONE', #5409, 20.00000000000001776 ) ;
#2598 = CARTESIAN_POINT ( 'NONE',  ( -1156.186918307614860, 912.8271324825267357, -169.0817499072310852 ) ) ;
#2599 = DIRECTION ( 'NONE',  ( -2.209795180075059144E-15, 1.000000000000000000, 3.114345657676548060E-15 ) ) ;
#2600 = VERTEX_POINT ( 'NONE', #5440 ) ;
#2601 = DIRECTION ( 'NONE',  ( 1.091107039334787751E-15, -2.115144935513907174E-15, 1.000000000000000000 ) ) ;
#2602 = CARTESIAN_POINT ( 'NONE',  ( -1548.041541306736235, 334.9999999999999432, -188.6010951158150704 ) ) ;
#2603 = CARTESIAN_POINT ( 'NONE',  ( -480.0430627306078009, 911.3117373309964933, -302.7158385259953093 ) ) ;
#2604 = CARTESIAN_POINT ( 'NONE',  ( -24.30420018338685395, 118.9514487314587683, -685.8844417968033440 ) ) ;
#2605 = CARTESIAN_POINT ( 'NONE',  ( -21.16545180288489192, 570.2580924498578270, 539.3702733991342484 ) ) ;
#2606 = EDGE_CURVE ( 'NONE', #1556, #527, #8697, .T. ) ;
#2607 = ORIENTED_EDGE ( 'NONE', *, *, #108, .T. ) ;
#2608 = ORIENTED_EDGE ( 'NONE', *, *, #925, .F. ) ;
#2609 = CARTESIAN_POINT ( 'NONE',  ( 0.000000000000000000, 30.00000000000000711, -640.0000000000000000 ) ) ;
#2610 = CARTESIAN_POINT ( 'NONE',  ( -1171.656239828519801, 652.2438756229198589, -553.1192934839972395 ) ) ;
#2611 = CARTESIAN_POINT ( 'NONE',  ( -1190.000000000000227, 30.00000000000000711, 609.9999999999997726 ) ) ;
#2612 = EDGE_CURVE ( 'NONE', #8557, #3873, #59, .T. ) ;
#2613 = DIRECTION ( 'NONE',  ( 0.000000000000000000, 0.000000000000000000, -1.000000000000000000 ) ) ;
#2614 = CARTESIAN_POINT ( 'NONE',  ( -1167.473996218186585, 645.0255696172567923, 551.9476987633524914 ) ) ;
#2615 = ORIENTED_EDGE ( 'NONE', *, *, #4337, .T. ) ;
#2616 = CARTESIAN_POINT ( 'NONE',  ( -1130.553628115868150, 190.4826073552509058, 634.2859418571697461 ) ) ;
#2617 = ORIENTED_EDGE ( 'NONE', *, *, #9690, .T. ) ;
#2618 = CARTESIAN_POINT ( 'NONE',  ( -1458.041541306736235, 334.9999999999999432, 193.6010951158154683 ) ) ;
#2619 = CARTESIAN_POINT ( 'NONE',  ( -2.862362150852697360E-13, 39.99999999999997868, -680.0000000000000000 ) ) ;
#2620 = CARTESIAN_POINT ( 'NONE',  ( -1143.985053750478301, 914.2611476241229411, -153.3823079770729976 ) ) ;
#2621 = ORIENTED_EDGE ( 'NONE', *, *, #5761, .F. ) ;
#2622 = CARTESIAN_POINT ( 'NONE',  ( 0.000000000000000000, 30.00000000000000711, 689.9999999999997726 ) ) ;
#2623 = ORIENTED_EDGE ( 'NONE', *, *, #7345, .F. ) ;
#2624 = DIRECTION ( 'NONE',  ( 0.000000000000000000, 0.000000000000000000, -1.000000000000000000 ) ) ;
#2625 = CARTESIAN_POINT ( 'NONE',  ( -18.39664902174266459, 96.93420200254017516, 696.9285517764132010 ) ) ;
#2626 = AXIS2_PLACEMENT_3D ( 'NONE', #6052, #8438, #9222 ) ;
#2627 = CARTESIAN_POINT ( 'NONE',  ( -17.23309481611390126, 108.9654981253229664, 698.1148550580202254 ) ) ;
#2628 = CARTESIAN_POINT ( 'NONE',  ( -1134.427971910942233, 192.7885887036318024, 669.5584039466947388 ) ) ;
#2629 = B_SPLINE_CURVE_WITH_KNOTS ( 'NONE', 3,
 ( #6435, #8002, #4210, #4933, #7362, #4846, #4890, #9601, #2578, #294, #983, #4113, #7261, #2528, #5671, #1799, #198, #8875, #8100, #8825, #3433, #4162, #3338, #7315, #6585, #6484, #9751, #8204, #1135, #246, #3384, #7419, #6533, #9700, #2625, #5766, #2677, #8923, #4985, #8153, #5204, #4542, #1190, #2071, #3755, #9146, #8358, #3600, #7582, #568, #1399, #1293, #2123, #402, #3708, #8257 ),
 .UNSPECIFIED., .F., .F.,
 ( 4, 2, 2, 2, 2, 2, 2, 2, 2, 2, 2, 2, 2, 2, 2, 2, 2, 2, 2, 2, 2, 2, 2, 2, 2, 2, 2, 4 ),
 ( 0.0006841884819948796260, 0.004277553007579746637, 0.006074235270372341580, 0.007870917533164939126, 0.009667599795957534936, 0.01146428205875013075, 0.01505764658433507430, 0.01685432884712754695, 0.01865101110992001612, 0.02224437563550475325, 0.02404105789829720854, 0.02583774016108965690, 0.02763442242388210526, 0.02853276355527830863, 0.02943110468667451546, 0.03302446921225935667, 0.03392281034365553921, 0.03482115147505171482, 0.03661783373784416318, 0.03841451600063660460, 0.04021119826342905296, 0.04380456278901394274, 0.04560124505180651600, 0.04739792731459908232, 0.05099129184018394434, 0.05458465636576879249, 0.05638133862856106737, 0.05817802089135334226 ),
 .UNSPECIFIED. ) ;
#2630 = CARTESIAN_POINT ( 'NONE',  ( -1548.041541306736235, 334.9999999999999432, -163.6010951158149282 ) ) ;
#2632 = EDGE_CURVE ( 'NONE', #7456, #8524, #8017, .T. ) ;
#2631 = CARTESIAN_POINT ( 'NONE',  ( -24.40043930268077332, 582.1562878388853051, -535.2411329626148699 ) ) ;
#2633 = CIRCLE ( 'NONE', #8414, 20.00000000000005684 ) ;
#2634 = CARTESIAN_POINT ( 'NONE',  ( -1126.595948646767965, 931.6352970290822668, 130.8903069293985482 ) ) ;
#2635 = ORIENTED_EDGE ( 'NONE', *, *, #625, .T. ) ;
#2636 = CARTESIAN_POINT ( 'NONE',  ( -1133.446190979642779, 920.2309135066279850, -148.6308088090319188 ) ) ;
#2637 = CARTESIAN_POINT ( 'NONE',  ( -1133.190865733031160, 956.8643456765800011, -157.2065417174606239 ) ) ;
#2638 = CARTESIAN_POINT ( 'NONE',  ( -22.40941288924170038, 566.9586295126616733, 547.0861829459124692 ) ) ;
#2639 = CARTESIAN_POINT ( 'NONE',  ( -1172.822522208843566, 927.5557614950018888, -162.1853224146252614 ) ) ;
#2640 = CARTESIAN_POINT ( 'NONE',  ( -489.4948262968724180, 893.6860695284021858, -149.7268581015163988 ) ) ;
#2641 = DIRECTION ( 'NONE',  ( 0.000000000000000000, 1.000000000000000000, 0.000000000000000000 ) ) ;
#2642 = EDGE_CURVE ( 'NONE', #1568, #7211, #9616, .T. ) ;
#2643 = CARTESIAN_POINT ( 'NONE',  ( -21.19991272729992460, 563.3902954780618302, -547.7995304548335298 ) ) ;
#2644 = ORIENTED_EDGE ( 'NONE', *, *, #952, .T. ) ;
#2645 = VERTEX_POINT ( 'NONE', #8841 ) ;
#2646 = CARTESIAN_POINT ( 'NONE',  ( -1110.000000000000000, 40.00000000000000000, 689.9999999999997726 ) ) ;
#2647 = CARTESIAN_POINT ( 'NONE',  ( 3.038872858745769746E-14, 479.2893218813450744, 650.7106781186550961 ) ) ;
#2648 = VECTOR ( 'NONE', #1738, 1000.000000000000000 ) ;
#2649 = DIRECTION ( 'NONE',  ( 0.000000000000000000, -3.663341854709234296E-15, 1.000000000000000000 ) ) ;
#2650 = ORIENTED_EDGE ( 'NONE', *, *, #7998, .T. ) ;
#2651 = EDGE_LOOP ( 'NONE', ( #1625, #1161, #5722, #3282, #1107, #9151, #1259, #6379 ) ) ;
#2652 = CARTESIAN_POINT ( 'NONE',  ( -10.69829641866335379, 594.8162979497813012, -566.3032276715389344 ) ) ;
#2653 = FACE_OUTER_BOUND ( 'NONE', #2345, .T. ) ;
#2654 = CARTESIAN_POINT ( 'NONE',  ( -500.0430627306077440, 911.3117373309971754, 169.9789329422565345 ) ) ;
#2655 = LINE ( 'NONE', #4190, #6645 ) ;
#2656 = CARTESIAN_POINT ( 'NONE',  ( -395.9708781416682086, 829.5901476323344923, -448.7780475532337050 ) ) ;
#2657 = ORIENTED_EDGE ( 'NONE', *, *, #4581, .T. ) ;
#2658 = VERTEX_POINT ( 'NONE', #1767 ) ;
#2659 = LINE ( 'NONE', #4247, #880 ) ;
#2660 = CARTESIAN_POINT ( 'NONE',  ( -1172.890311859326403, 657.7308325360517074, -551.8887309110557453 ) ) ;
#2661 = DIRECTION ( 'NONE',  ( 0.000000000000000000, 0.000000000000000000, -1.000000000000000000 ) ) ;
#2662 = DIRECTION ( 'NONE',  ( -0.000000000000000000, 1.000000000000000000, -0.000000000000000000 ) ) ;
#2663 = CARTESIAN_POINT ( 'NONE',  ( 23.74999999999972289, 30.00000000000000711, -703.7500000000000000 ) ) ;
#2664 = FILL_AREA_STYLE_COLOUR ( '', #245 ) ;
#2665 = EDGE_LOOP ( 'NONE', ( #4547, #3957, #6781, #2672 ) ) ;
#2666 = AXIS2_PLACEMENT_3D ( 'NONE', #2289, #3145, #3819 ) ;
#2667 = CARTESIAN_POINT ( 'NONE',  ( -1131.336199632735543, 204.0204404597486985, 633.3662800661574011 ) ) ;
#2668 = ORIENTED_EDGE ( 'NONE', *, *, #9470, .T. ) ;
#2669 = CARTESIAN_POINT ( 'NONE',  ( -1133.929036102116470, 202.8745642154612199, 630.8489380165298144 ) ) ;
#2670 = CARTESIAN_POINT ( 'NONE',  ( -23.01250777309038753, 117.5821127429461228, 670.1779330224684372 ) ) ;
#2671 = CIRCLE ( 'NONE', #1687, 25.00000000000002132 ) ;
#2672 = ORIENTED_EDGE ( 'NONE', *, *, #5544, .T. ) ;
#2673 = CARTESIAN_POINT ( 'NONE',  ( -1125.000000000000000, 609.9999999999998863, -538.7250753726078756 ) ) ;
#2674 = ORIENTED_EDGE ( 'NONE', *, *, #9263, .T. ) ;
#2675 = AXIS2_PLACEMENT_3D ( 'NONE', #3026, #9339, #1278 ) ;
#2676 = DIRECTION ( 'NONE',  ( 1.483630154005731530E-15, -0.7071067811865494601, 0.7071067811865456854 ) ) ;
#2677 = CARTESIAN_POINT ( 'NONE',  ( -18.79489326284386053, 95.54849819510297948, 696.4874203874873047 ) ) ;
#2678 = CARTESIAN_POINT ( 'NONE',  ( -15.56228814569458052, 102.5438491708557507, 699.5657120959414215 ) ) ;
#2679 = CARTESIAN_POINT ( 'NONE',  ( -1134.281693341494247, 204.8824275669469444, 669.4545323530089718 ) ) ;
#2680 = VECTOR ( 'NONE', #4862, 1000.000000000000000 ) ;
#2681 = CARTESIAN_POINT ( 'NONE',  ( -1149.999999999999773, 577.2788963656111036, 628.4032655835001151 ) ) ;
#2682 = CARTESIAN_POINT ( 'NONE',  ( -1128.778522081641995, 953.3015072635988645, -136.8397268058498071 ) ) ;
#2683 = EDGE_CURVE ( 'NONE', #977, #6186, #1228, .T. ) ;
#2684 = CARTESIAN_POINT ( 'NONE',  ( -1132.744662552330510, 957.5305494512072073, 144.5702987966563740 ) ) ;
#2685 = CIRCLE ( 'NONE', #7134, 25.00000000000002842 ) ;
#2686 = EDGE_CURVE ( 'NONE', #638, #265, #2697, .T. ) ;
#2687 = ORIENTED_EDGE ( 'NONE', *, *, #6083, .F. ) ;
#2688 = DIRECTION ( 'NONE',  ( 0.9991514412379745025, -0.04118683579675160716, 0.0002050100731055823692 ) ) ;
#2689 = CARTESIAN_POINT ( 'NONE',  ( -1135.691456942732202, 918.3217689278407079, -150.2060943233351793 ) ) ;
#2690 = CARTESIAN_POINT ( 'NONE',  ( -22.52539083184764834, 600.0491172364173735, 536.3057163740811575 ) ) ;
#2691 = ADVANCED_FACE ( 'NONE', ( #5326, #7600 ), #5883, .F. ) ;
#2692 = DIRECTION ( 'NONE',  ( 0.000000000000000000, 0.000000000000000000, 1.000000000000000000 ) ) ;
#2693 = CARTESIAN_POINT ( 'NONE',  ( -1150.000000000000000, 861.0102051443365099, 339.9999999999999432 ) ) ;
#2694 = CARTESIAN_POINT ( 'NONE',  ( -17.12865840157545350, 110.8208951012630905, 661.7750141033407090 ) ) ;
#2695 = CARTESIAN_POINT ( 'NONE',  ( -16.70106902102944346, 605.1588032432692899, -543.4441956886099661 ) ) ;
#2696 = ORIENTED_EDGE ( 'NONE', *, *, #1566, .T. ) ;
#2697 = CIRCLE ( 'NONE', #897, 23.00000000000002132 ) ;
#2698 = VERTEX_POINT ( 'NONE', #5994 ) ;
#2699 = DIRECTION ( 'NONE',  ( 0.000000000000000000, 0.000000000000000000, -1.000000000000000000 ) ) ;
#2700 = CARTESIAN_POINT ( 'NONE',  ( -500.0430627306077440, 911.3117373309971754, 130.0128736129987033 ) ) ;
#2701 = CARTESIAN_POINT ( 'NONE',  ( -1174.600259923979820, 933.6924360164356358, -158.1776106041548928 ) ) ;
#2702 = DIRECTION ( 'NONE',  ( 0.000000000000000000, 0.000000000000000000, 1.000000000000000000 ) ) ;
#2703 = ORIENTED_EDGE ( 'NONE', *, *, #9323, .T. ) ;
#2704 = ORIENTED_EDGE ( 'NONE', *, *, #6393, .T. ) ;
#2705 = CARTESIAN_POINT ( 'NONE',  ( 22.99999999999996092, 600.0000000000000000, -488.5786437626906036 ) ) ;
#2706 = AXIS2_PLACEMENT_3D ( 'NONE', #7811, #6918, #3824 ) ;
#2707 = CARTESIAN_POINT ( 'NONE',  ( -1150.000000000000000, 861.0102051443365099, 339.9999999999999432 ) ) ;
#2708 = EDGE_CURVE ( 'NONE', #7942, #3524, #4451, .T. ) ;
#2709 = CARTESIAN_POINT ( 'NONE',  ( -500.0430627306078009, 899.9751890758126365, 169.5121120937445198 ) ) ;
#2710 = CARTESIAN_POINT ( 'NONE',  ( -17.99204859459336703, 98.91256237640010340, -697.3582911847959167 ) ) ;
#2711 = CARTESIAN_POINT ( 'NONE',  ( -13.27897769678656026, 604.5151630472231545, 549.9201903755895273 ) ) ;
#2712 = ORIENTED_EDGE ( 'NONE', *, *, #7924, .F. ) ;
#2713 = ORIENTED_EDGE ( 'NONE', *, *, #1670, .T. ) ;
#2714 = LINE ( 'NONE', #1936, #8938 ) ;
#2715 = CARTESIAN_POINT ( 'NONE',  ( -1172.760191613333745, 656.6677676983746323, -552.3583950985932916 ) ) ;
#2716 = CARTESIAN_POINT ( 'NONE',  ( -2.927147495130478761E-14, 588.3883476483184722, -576.9669914110091895 ) ) ;
#2717 = CARTESIAN_POINT ( 'NONE',  ( -1126.250000000000227, 40.00000000000000000, 632.2499999999997726 ) ) ;
#2718 = LINE ( 'NONE', #6572, #9552 ) ;
#2719 = CARTESIAN_POINT ( 'NONE',  ( -1127.146652399330833, 657.3822304462654529, 552.0574055378946241 ) ) ;
#2720 = ORIENTED_EDGE ( 'NONE', *, *, #9690, .F. ) ;
#2721 = CARTESIAN_POINT ( 'NONE',  ( -1127.271499668732304, 183.7458836199436405, 639.5762718967330329 ) ) ;
#2722 = ORIENTED_EDGE ( 'NONE', *, *, #5532, .F. ) ;
#2723 = LINE ( 'NONE', #2618, #4021 ) ;
#2724 = CARTESIAN_POINT ( 'NONE',  ( -24.99040421216485086, 120.2410033968033360, 679.3073981572157436 ) ) ;
#2725 = FACE_OUTER_BOUND ( 'NONE', #4498, .T. ) ;
#2726 = EDGE_LOOP ( 'NONE', ( #7032, #9279 ) ) ;
#2727 = ORIENTED_EDGE ( 'NONE', *, *, #9004, .T. ) ;
#2728 = STYLED_ITEM ( 'NONE', ( #5076 ), #4222 ) ;
#2729 = CARTESIAN_POINT ( 'NONE',  ( -1149.999999999999545, 515.2069385598298368, 549.9999999999982947 ) ) ;
#2730 = DIRECTION ( 'NONE',  ( 0.000000000000000000, -1.000000000000000000, 0.000000000000000000 ) ) ;
#2731 = CARTESIAN_POINT ( 'NONE',  ( -15.67558272007155473, 103.5632879214018089, 699.4751386408121334 ) ) ;
#2732 = CARTESIAN_POINT ( 'NONE',  ( -1133.442013826497487, 206.6543312885153227, 668.7341691088608968 ) ) ;
#2733 = DIRECTION ( 'NONE',  ( -0.5786626424054287510, -0.8155670090706016451, 0.000000000000000000 ) ) ;
#2734 = LINE ( 'NONE', #5874, #5019 ) ;
#2735 = ORIENTED_EDGE ( 'NONE', *, *, #8678, .T. ) ;
#2736 = AXIS2_PLACEMENT_3D ( 'NONE', #4265, #5145, #1243 ) ;
#2737 = ORIENTED_EDGE ( 'NONE', *, *, #5987, .T. ) ;
#2738 = ADVANCED_FACE ( 'NONE', ( #3673 ), #9164, .F. ) ;
#2739 = CARTESIAN_POINT ( 'NONE',  ( -1125.035139677339430, 935.1799971555697084, -169.7206459819643669 ) ) ;
#2740 = CARTESIAN_POINT ( 'NONE',  ( -24.17438991711830099, 596.1481808428005706, 534.1026825131119722 ) ) ;
#2741 = DIRECTION ( 'NONE',  ( -1.930822651522012376E-14, 0.9797958971132495476, -0.2000000000001059541 ) ) ;
#2742 = EDGE_CURVE ( 'NONE', #6066, #4930, #1206, .T. ) ;
#2743 = ADVANCED_FACE ( 'NONE', ( #526, #9214 ), #7656, .F. ) ;
#2744 = EDGE_CURVE ( 'NONE', #8422, #5486, #7652, .T. ) ;
#2745 = AXIS2_PLACEMENT_3D ( 'NONE', #5110, #8328, #5839 ) ;
#2746 = CARTESIAN_POINT ( 'NONE',  ( -1174.783127649138805, 935.1393476698652876, 155.4267881091234926 ) ) ;
#2747 = CARTESIAN_POINT ( 'NONE',  ( -1124.999999999999773, 609.9999999999998863, 538.7250753726076482 ) ) ;
#2748 = CARTESIAN_POINT ( 'NONE',  ( -1458.041541306736235, 334.9999999999999432, -158.6010951158150704 ) ) ;
#2749 = ADVANCED_FACE ( 'NONE', ( #2850 ), #1258, .F. ) ;
#2750 = ORIENTED_EDGE ( 'NONE', *, *, #7896, .T. ) ;
#2751 = VERTEX_POINT ( 'NONE', #5938 ) ;
#2752 = DIRECTION ( 'NONE',  ( -1.000000000000000000, 1.656660919557851022E-16, 0.000000000000000000 ) ) ;
#2753 = CARTESIAN_POINT ( 'NONE',  ( -1155.716510458802986, 912.7322352489454715, -168.8711587011135009 ) ) ;
#2754 = EDGE_CURVE ( 'NONE', #5419, #2937, #421, .T. ) ;
#2755 = CARTESIAN_POINT ( 'NONE',  ( 23.74999999999988276, 40.00000000000000000, 697.7500000000002274 ) ) ;
#2756 = ORIENTED_EDGE ( 'NONE', *, *, #3787, .T. ) ;
#2757 = ORIENTED_EDGE ( 'NONE', *, *, #8498, .T. ) ;
#2758 = CARTESIAN_POINT ( 'NONE',  ( -1167.404128153661304, 675.0498854460421398, -528.0955423938102058 ) ) ;
#2759 = CARTESIAN_POINT ( 'NONE',  ( -1127.913940203938637, 182.2608582711932002, -638.2283854399321399 ) ) ;
#2760 = CARTESIAN_POINT ( 'NONE',  ( -490.4291445097266546, 894.2180871067429280, 154.2233183301511588 ) ) ;
#2761 = CARTESIAN_POINT ( 'NONE',  ( -21.96752600905200836, 88.88020346843435959, -691.9436164122480477 ) ) ;
#2762 = CARTESIAN_POINT ( 'NONE',  ( -12.05582537550572297, 603.7873664448662794, 552.5165400981571793 ) ) ;
#2763 = ORIENTED_EDGE ( 'NONE', *, *, #153, .F. ) ;
#2764 = DIRECTION ( 'NONE',  ( 1.084036547835517478E-17, -1.000000000000000000, -6.123233995736766036E-17 ) ) ;
#2765 = CARTESIAN_POINT ( 'NONE',  ( -1164.193303828033095, 641.8858683918036832, -550.9885336782325567 ) ) ;
#2766 = CARTESIAN_POINT ( 'NONE',  ( -1150.000000000000227, 515.2069385598407507, -673.0000000000015916 ) ) ;
#2767 = DIRECTION ( 'NONE',  ( 0.000000000000000000, -1.000000000000000000, 0.000000000000000000 ) ) ;
#2768 = DIRECTION ( 'NONE',  ( 0.000000000000000000, 1.000000000000000000, 0.000000000000000000 ) ) ;
#2769 = CARTESIAN_POINT ( 'NONE',  ( -2.927147495130480023E-14, 588.3883476483184722, -576.9669914110091895 ) ) ;
#2770 = ORIENTED_EDGE ( 'NONE', *, *, #5643, .F. ) ;
#2771 = CARTESIAN_POINT ( 'NONE',  ( -1149.999999999999545, 906.3227343425580784, -397.2343838759560413 ) ) ;
#2772 = ORIENTED_EDGE ( 'NONE', *, *, #10083, .T. ) ;
#2773 = CARTESIAN_POINT ( 'NONE',  ( -1125.007364814630137, 217.9021993414725671, 650.6067837267336245 ) ) ;
#2774 = DIRECTION ( 'NONE',  ( -1.698300684540295726E-17, 1.000000000000000000, -0.000000000000000000 ) ) ;
#2775 = CARTESIAN_POINT ( 'NONE',  ( -20.68559791345287735, 113.8038022353597825, 665.9311754365645584 ) ) ;
#2776 = ADVANCED_FACE ( 'NONE', ( #584, #2797 ), #9102, .F. ) ;
#2777 = LINE ( 'NONE', #2828, #310 ) ;
#2778 = EDGE_LOOP ( 'NONE', ( #3179, #1331, #99, #1974, #8671, #2859 ) ) ;
#2779 = CARTESIAN_POINT ( 'NONE',  ( -1148.783493032227852, 912.5035297954145790, 164.4211498689237771 ) ) ;
#2780 = ORIENTED_EDGE ( 'NONE', *, *, #9597, .T. ) ;
#2781 = PLANE ( 'NONE',  #4492 ) ;
#2782 = CARTESIAN_POINT ( 'NONE',  ( -1132.010974555191524, 201.0661987797662391, -632.6385905722933103 ) ) ;
#2783 = CARTESIAN_POINT ( 'NONE',  ( -24.13227480038459660, 120.8277751679933800, 686.5609256465495491 ) ) ;
#2784 = CARTESIAN_POINT ( 'NONE',  ( -1125.391088229109982, 217.5691930619020127, 654.4179006242163723 ) ) ;
#2785 = CARTESIAN_POINT ( 'NONE',  ( -24.99027862938592648, 122.2485396731904643, -679.3028816272169479 ) ) ;
#2786 = CARTESIAN_POINT ( 'NONE',  ( -1125.023894791070006, 939.2335708037727500, -129.8899528135255537 ) ) ;
#2787 = ORIENTED_EDGE ( 'NONE', *, *, #8712, .T. ) ;
#2788 = ORIENTED_EDGE ( 'NONE', *, *, #4580, .F. ) ;
#2789 = AXIS2_PLACEMENT_3D ( 'NONE', #7527, #6070, #3484 ) ;
#2790 = CARTESIAN_POINT ( 'NONE',  ( -1135.184300938483375, 918.4764601725238435, -152.5877273317966285 ) ) ;
#2791 = CARTESIAN_POINT ( 'NONE',  ( -23.32964806310859629, 565.6334924712941756, 551.5971180790800190 ) ) ;
#2792 = DIRECTION ( 'NONE',  ( 0.000000000000000000, 1.000000000000000000, 0.000000000000000000 ) ) ;
#2793 = CIRCLE ( 'NONE', #8581, 6.000000000000005329 ) ;
#2794 = CIRCLE ( 'NONE', #6, 6.000000000000116351 ) ;
#2795 = CARTESIAN_POINT ( 'NONE',  ( -1157.600572990228557, 913.1788948170370759, 169.6456546011122271 ) ) ;
#2796 = CARTESIAN_POINT ( 'NONE',  ( -14.45829055182469070, 101.1319729311271374, 659.6049341622215252 ) ) ;
#2797 = FACE_OUTER_BOUND ( 'NONE', #6727, .T. ) ;
#2798 = CIRCLE ( 'NONE', #5439, 25.00000000000002132 ) ;
#2799 = ORIENTED_EDGE ( 'NONE', *, *, #6237, .T. ) ;
#2800 = ORIENTED_EDGE ( 'NONE', *, *, #2143, .T. ) ;
#2801 = CARTESIAN_POINT ( 'NONE',  ( -498.9413502092966155, 904.7406348533356777, 133.5521412523169715 ) ) ;
#2802 = DIRECTION ( 'NONE',  ( -0.7941567930305997169, 0.5634716255418393827, -0.2276284588811126608 ) ) ;
#2803 = TOROIDAL_SURFACE ( 'NONE', #4111, 1749.999999999999545, 25.00000000000000711 ) ;
#2804 = CARTESIAN_POINT ( 'NONE',  ( -23.33457339537715214, 598.5387971352963632, -535.1679801071323936 ) ) ;
#2805 = DIRECTION ( 'NONE',  ( 0.000000000000000000, -0.000000000000000000, 1.000000000000000000 ) ) ;
#2806 = VERTEX_POINT ( 'NONE', #2907 ) ;
#2807 = ORIENTED_EDGE ( 'NONE', *, *, #8498, .F. ) ;
#2808 = CARTESIAN_POINT ( 'NONE',  ( -1130.755783704998521, 672.6114416252684123, -532.5627692358282275 ) ) ;
#2809 = CARTESIAN_POINT ( 'NONE',  ( -1134.498969993797118, 198.7827787167659324, -630.3857373358807763 ) ) ;
#2810 = CARTESIAN_POINT ( 'NONE',  ( -1150.000000000000000, -804.6428199482242007, 0.000000000000000000 ) ) ;
#2811 = DIRECTION ( 'NONE',  ( 0.000000000000000000, 1.000000000000000000, 0.000000000000000000 ) ) ;
#2812 = ORIENTED_EDGE ( 'NONE', *, *, #3067, .F. ) ;
#2813 = EDGE_CURVE ( 'NONE', #6116, #1556, #4398, .T. ) ;
#2814 = ORIENTED_EDGE ( 'NONE', *, *, #5271, .F. ) ;
#2815 = AXIS2_PLACEMENT_3D ( 'NONE', #8775, #6384, #1653 ) ;
#2816 = CARTESIAN_POINT ( 'NONE',  ( -1149.999999999999773, 40.00000000000000000, 649.9999999999996589 ) ) ;
#2817 = CARTESIAN_POINT ( 'NONE',  ( -1110.000000000000000, 30.00000000000000711, 0.000000000000000000 ) ) ;
#2818 = DIRECTION ( 'NONE',  ( 0.000000000000000000, -0.000000000000000000, -1.000000000000000000 ) ) ;
#2819 = DIRECTION ( 'NONE',  ( 0.000000000000000000, 0.000000000000000000, -1.000000000000000000 ) ) ;
#2820 = CARTESIAN_POINT ( 'NONE',  ( -460.0430627306076872, 911.3117373309971754, 302.7158385259952524 ) ) ;
#2821 = VERTEX_POINT ( 'NONE', #6046 ) ;
#2822 = CARTESIAN_POINT ( 'NONE',  ( -1132.528973595340858, 208.3425864354270516, -667.9064992125709068 ) ) ;
#2823 = EDGE_LOOP ( 'NONE', ( #2770, #1114 ) ) ;
#2824 = CARTESIAN_POINT ( 'NONE',  ( -23.75000000000033396, 30.00000000000000711, 650.2499999999998863 ) ) ;
#2825 = CARTESIAN_POINT ( 'NONE',  ( -23.75000000000011724, 30.00000000000000711, 703.7500000000002274 ) ) ;
#2826 = AXIS2_PLACEMENT_3D ( 'NONE', #9256, #9370, #1509 ) ;
#2827 = CARTESIAN_POINT ( 'NONE',  ( -1548.041541306736235, 334.9999999999999432, 158.6010951158155819 ) ) ;
#2828 = CARTESIAN_POINT ( 'NONE',  ( -373.9816977302618284, 860.5816939770174940, -448.7780475532337050 ) ) ;
#2829 = CARTESIAN_POINT ( 'NONE',  ( 7.859200291410730545E-14, 500.0000000000000000, 488.5786437626906604 ) ) ;
#2830 = ORIENTED_EDGE ( 'NONE', *, *, #4181, .F. ) ;
#2831 = CARTESIAN_POINT ( 'NONE',  ( 23.00000000000003197, 600.0000000000000000, 488.5786437626908878 ) ) ;
#2832 = CARTESIAN_POINT ( 'NONE',  ( -1124.992652286163548, 179.7575232552252089, -650.0812477726542511 ) ) ;
#2833 = FACE_OUTER_BOUND ( 'NONE', #2651, .T. ) ;
#2834 = CARTESIAN_POINT ( 'NONE',  ( -1125.031798998796148, 217.8950369017112507, 651.3081614776293691 ) ) ;
#2835 = DIRECTION ( 'NONE',  ( 0.000000000000000000, 1.000000000000000000, 0.000000000000000000 ) ) ;
#2836 = CARTESIAN_POINT ( 'NONE',  ( -1126.288025656793479, 932.5075087903525173, -130.5999445902371576 ) ) ;
#2837 = ORIENTED_EDGE ( 'NONE', *, *, #6912, .T. ) ;
#2838 = CARTESIAN_POINT ( 'NONE',  ( -40.00000000000034106, 30.00000000000000711, 720.0000000000000000 ) ) ;
#2839 = VECTOR ( 'NONE', #7376, 1000.000000000000000 ) ;
#2840 = CIRCLE ( 'NONE', #3005, 23.00000000000002132 ) ;
#2841 = ORIENTED_EDGE ( 'NONE', *, *, #6562, .T. ) ;
#2842 = AXIS2_PLACEMENT_3D ( 'NONE', #9791, #5856, #9019 ) ;
#2843 = CARTESIAN_POINT ( 'NONE',  ( -1127.747484566605635, 926.0149264835520171, -165.8813517177420351 ) ) ;
#2844 = AXIS2_PLACEMENT_3D ( 'NONE', #7642, #7016, #571 ) ;
#2845 = CARTESIAN_POINT ( 'NONE',  ( -24.87740112503509238, 592.1573345311851426, 533.4327486078121865 ) ) ;
#2846 = FACE_OUTER_BOUND ( 'NONE', #2002, .T. ) ;
#2847 = AXIS2_PLACEMENT_3D ( 'NONE', #7204, #137, #6425 ) ;
#2848 = CARTESIAN_POINT ( 'NONE',  ( -496.7697857455966073, 900.3357009989364315, -163.4558343795825408 ) ) ;
#2849 = CARTESIAN_POINT ( 'NONE',  ( -15.07664295887848738, 97.03439456871304003, 660.0566873958435963 ) ) ;
#2850 = FACE_OUTER_BOUND ( 'NONE', #4486, .T. ) ;
#2851 = VERTEX_POINT ( 'NONE', #3616 ) ;
#2852 = EDGE_LOOP ( 'NONE', ( #4540, #3, #3259, #9367, #4255, #5851 ) ) ;
#2853 = LINE ( 'NONE', #9001, #3563 ) ;
#2854 = CARTESIAN_POINT ( 'NONE',  ( -1126.250000000000227, 40.00000000000000000, -632.2499999999997726 ) ) ;
#2855 = DIRECTION ( 'NONE',  ( -1.084036547835517787E-17, 0.7840326558350858566, 0.6207195780577426936 ) ) ;
#2856 = DIRECTION ( 'NONE',  ( 0.000000000000000000, 1.000000000000000000, 0.000000000000000000 ) ) ;
#2857 = CARTESIAN_POINT ( 'NONE',  ( -1150.000000000000227, 515.2069385598401823, -650.0000000000015916 ) ) ;
#2858 = ORIENTED_EDGE ( 'NONE', *, *, #9137, .T. ) ;
#2859 = ORIENTED_EDGE ( 'NONE', *, *, #7282, .F. ) ;
#2860 = CARTESIAN_POINT ( 'NONE',  ( -1131.848364469170065, 674.1397454117674215, -529.7799579553056901 ) ) ;
#2861 = CARTESIAN_POINT ( 'NONE',  ( -1126.480723315373325, 180.0911991011813598, -641.5019796701845962 ) ) ;
#2862 = CARTESIAN_POINT ( 'NONE',  ( -1149.999999999999773, 577.2788963656111036, 628.4032655835001151 ) ) ;
#2863 = AXIS2_PLACEMENT_3D ( 'NONE', #7667, #1986, #7511 ) ;
#2864 = ORIENTED_EDGE ( 'NONE', *, *, #8794, .F. ) ;
#2865 = AXIS2_PLACEMENT_3D ( 'NONE', #3246, #8441, #1372 ) ;
#2866 = ORIENTED_EDGE ( 'NONE', *, *, #6276, .T. ) ;
#2867 = EDGE_CURVE ( 'NONE', #1836, #8788, #4594, .T. ) ;
#2868 = LINE ( 'NONE', #2052, #5798 ) ;
#2869 = FACE_OUTER_BOUND ( 'NONE', #373, .T. ) ;
#2870 = FACE_OUTER_BOUND ( 'NONE', #8640, .T. ) ;
#2871 = DIRECTION ( 'NONE',  ( 1.065464638161417581E-15, 0.7071067811865467956, 0.7071067811865482389 ) ) ;
#2872 = TOROIDAL_SURFACE ( 'NONE', #9121, 50.00000000000005684, 23.00000000000000711 ) ;
#2873 = AXIS2_PLACEMENT_3D ( 'NONE', #8420, #8525, #1451 ) ;
#2874 = CARTESIAN_POINT ( 'NONE',  ( -16.26360889836927726, 96.46914762373654639, -698.9889608421988214 ) ) ;
#2875 = CARTESIAN_POINT ( 'NONE',  ( -1128.344635680216697, 652.2413263234606120, 553.1193401751858119 ) ) ;
#2877 = ADVANCED_FACE ( 'NONE', ( #8079 ), #6415, .T. ) ;
#2876 = ORIENTED_EDGE ( 'NONE', *, *, #4385, .F. ) ;
#2878 = CARTESIAN_POINT ( 'NONE',  ( -1125.040653317044644, 179.8882297526035927, 648.5419221693732652 ) ) ;
#2879 = EDGE_CURVE ( 'NONE', #9445, #3909, #9153, .T. ) ;
#2880 = EDGE_LOOP ( 'NONE', ( #2451, #1187, #1883, #3630, #2763 ) ) ;
#2881 = EDGE_CURVE ( 'NONE', #31, #3488, #2056, .T. ) ;
#2882 = CYLINDRICAL_SURFACE ( 'NONE', #4749, 25.00000000000000711 ) ;
#2883 = CARTESIAN_POINT ( 'NONE',  ( -1128.643429954166322, 211.1829875828322542, 663.0045798713463228 ) ) ;
#2884 = CARTESIAN_POINT ( 'NONE',  ( -1135.522891556368450, 918.3501308396954528, 151.2335173942374809 ) ) ;
#2885 = CARTESIAN_POINT ( 'NONE',  ( 0.000000000000000000, 40.00000000000000000, 0.000000000000000000 ) ) ;
#2886 = EDGE_CURVE ( 'NONE', #1101, #557, #8148, .T. ) ;
#2887 = CYLINDRICAL_SURFACE ( 'NONE', #924, 4.999999999999838352 ) ;
#2888 = EDGE_LOOP ( 'NONE', ( #1934, #444 ) ) ;
#2889 = DIRECTION ( 'NONE',  ( 1.000000000000000000, 0.000000000000000000, 0.000000000000000000 ) ) ;
#2890 = CARTESIAN_POINT ( 'NONE',  ( -1129.207394650597053, 209.0476700251450950, -636.1126165832095012 ) ) ;
#2891 = CARTESIAN_POINT ( 'NONE',  ( -25.00000000000029488, 82.10768284645340032, 680.0000000000000000 ) ) ;
#2892 = CARTESIAN_POINT ( 'NONE',  ( -1143.668792173834618, 914.8731960962373932, -147.3118246640610778 ) ) ;
#2893 = CARTESIAN_POINT ( 'NONE',  ( -14.63976163530620767, 99.06433852439795373, -659.7346867547217926 ) ) ;
#2894 = CARTESIAN_POINT ( 'NONE',  ( -1129.357231474605669, 954.1034456015951264, -137.8097603580438602 ) ) ;
#2895 = EDGE_LOOP ( 'NONE', ( #5983, #6993 ) ) ;
#2896 = APPLICATION_PROTOCOL_DEFINITION ( 'draft international standard', 'automotive_design', 1998, #6629 ) ;
#2897 = CARTESIAN_POINT ( 'NONE',  ( -1479.774980188727795, 344.9999999999999432, 173.1926445299034469 ) ) ;
#2898 = B_SPLINE_CURVE_WITH_KNOTS ( 'NONE', 3,
 ( #341, #3379, #9695, #9743, #2620, #5758, #9802, #9027, #8918, #1947, #5083, #5913, #1842, #4980 ),
 .UNSPECIFIED., .F., .F.,
 ( 4, 2, 2, 2, 2, 2, 4 ),
 ( 0.08649614480376496828, 0.08826795381759390546, 0.09003976283142282877, 0.09358338085908055048, 0.09535518987290934889, 0.09712699888673814730, 0.1006706169143957302 ),
 .UNSPECIFIED. ) ;
#2899 = STYLED_ITEM ( 'NONE', ( #9919 ), #4085 ) ;
#2900 = ORIENTED_EDGE ( 'NONE', *, *, #5764, .F. ) ;
#2901 = CARTESIAN_POINT ( 'NONE',  ( -1151.055047000168315, 682.9775283159623314, 512.8614742090005620 ) ) ;
#2902 = CARTESIAN_POINT ( 'NONE',  ( -18.63676551620943300, 603.4120444143542272, 542.5989850856432213 ) ) ;
#2903 = CARTESIAN_POINT ( 'NONE',  ( -499.8968848070007880, 908.8197243022677867, -132.0247173932850728 ) ) ;
#2904 = EDGE_CURVE ( 'NONE', #7456, #2405, #8128, .T. ) ;
#2905 = CARTESIAN_POINT ( 'NONE',  ( -1163.164169410980776, 915.6402350863828588, 170.7913357696565981 ) ) ;
#2906 = CYLINDRICAL_SURFACE ( 'NONE', #9248, 25.00000000000000711 ) ;
#2907 = CARTESIAN_POINT ( 'NONE',  ( 23.74999999999967315, 30.00000000000000711, 662.2500000000001137 ) ) ;
#2908 = EDGE_LOOP ( 'NONE', ( #1594, #1275 ) ) ;
#2909 = ADVANCED_FACE ( 'NONE', ( #2653 ), #7339, .F. ) ;
#2910 = ORIENTED_EDGE ( 'NONE', *, *, #3423, .T. ) ;
#2911 = CARTESIAN_POINT ( 'NONE',  ( -1129.422387563595976, 923.6958948791809689, 160.7186645805079763 ) ) ;
#2912 = CARTESIAN_POINT ( 'NONE',  ( -1173.750000000000000, 30.00000000000000711, -626.2500000000001137 ) ) ;
#2913 = AXIS2_PLACEMENT_3D ( 'NONE', #8152, #7418, #3492 ) ;
#2914 = CARTESIAN_POINT ( 'NONE',  ( -23.00000000000030198, 408.5786437626904331, 680.0000000000000000 ) ) ;
#2915 = CARTESIAN_POINT ( 'NONE',  ( -1149.999999999999545, 515.2069385598298368, 549.9999999999982947 ) ) ;
#2916 = CARTESIAN_POINT ( 'NONE',  ( -1150.000000000000000, -804.6428199482242007, 0.000000000000000000 ) ) ;
#2917 = DIRECTION ( 'NONE',  ( 5.551115123125780730E-16, -1.000000000000000000, 0.000000000000000000 ) ) ;
#2918 = CARTESIAN_POINT ( 'NONE',  ( -1147.336521777473536, 682.8469326433712467, -513.1180231807763903 ) ) ;
#2919 = CARTESIAN_POINT ( 'NONE',  ( -1134.457723323682558, 197.7358753536641416, -630.4184284723025939 ) ) ;
#2920 = CARTESIAN_POINT ( 'NONE',  ( -2.942733134631078957E-13, 408.5786437626904899, 680.0000000000000000 ) ) ;
#2921 = ORIENTED_EDGE ( 'NONE', *, *, #3012, .F. ) ;
#2922 = DIRECTION ( 'NONE',  ( 0.000000000000000000, -2.220446049250311109E-15, 1.000000000000000000 ) ) ;
#2923 = CARTESIAN_POINT ( 'NONE',  ( -1173.750000000000000, 30.00000000000000711, 626.2500000000001137 ) ) ;
#2924 = DIRECTION ( 'NONE',  ( 4.614472616192961946E-16, -0.7071067811865480168, -0.7071067811865471286 ) ) ;
#2925 = DIRECTION ( 'NONE',  ( 0.7941567930305997169, -0.5634716255418394937, -0.2276284588811126608 ) ) ;
#2926 = CARTESIAN_POINT ( 'NONE',  ( -24.99263518536987405, 82.09780065852743292, -679.3932162732677398 ) ) ;
#2927 = ORIENTED_EDGE ( 'NONE', *, *, #923, .T. ) ;
#2928 = CARTESIAN_POINT ( 'NONE',  ( -1125.009595787835224, 179.7589966031966355, 650.6926018427853933 ) ) ;
#2929 = ORIENTED_EDGE ( 'NONE', *, *, #6113, .F. ) ;
#2930 = CARTESIAN_POINT ( 'NONE',  ( -1173.750000000000000, 40.00000000000000000, 626.2500000000001137 ) ) ;
#2931 = EDGE_CURVE ( 'NONE', #6476, #5014, #3463, .T. ) ;
#2932 = CARTESIAN_POINT ( 'NONE',  ( -1129.916135232495435, 209.1507800391208605, 664.9092096245315133 ) ) ;
#2933 = DIRECTION ( 'NONE',  ( -4.614472616192961946E-16, 0.7071067811865480168, -0.7071067811865471286 ) ) ;
#2934 = DIRECTION ( 'NONE',  ( 0.000000000000000000, 0.000000000000000000, -1.000000000000000000 ) ) ;
#2935 = DIRECTION ( 'NONE',  ( 0.000000000000000000, 1.000000000000000000, 0.000000000000000000 ) ) ;
#2936 = ADVANCED_FACE ( 'NONE', ( #324 ), #2872, .F. ) ;
#2937 = VERTEX_POINT ( 'NONE', #8027 ) ;
#2938 = AXIS2_PLACEMENT_3D ( 'NONE', #7976, #905, #261 ) ;
#2939 = CARTESIAN_POINT ( 'NONE',  ( -1149.999999999999545, 934.4948974277933758, -355.0000000001889475 ) ) ;
#2940 = CARTESIAN_POINT ( 'NONE',  ( -1127.694572787471316, 184.5005470071926084, -638.6992315787425696 ) ) ;
#2941 = CARTESIAN_POINT ( 'NONE',  ( -23.94769863883869832, 83.57856524233469031, 687.2043081995437888 ) ) ;
#2942 = CARTESIAN_POINT ( 'NONE',  ( -1147.700448380026273, 914.8034168059987223, -139.5847458061828092 ) ) ;
#2943 = DIRECTION ( 'NONE',  ( 4.753142324176451439E-16, 4.015884846886308424E-16, 1.000000000000000000 ) ) ;
#2944 = CARTESIAN_POINT ( 'NONE',  ( -1160.792551076217023, 917.8491325652538535, 130.7127786554218005 ) ) ;
#2945 = ORIENTED_EDGE ( 'NONE', *, *, #10040, .T. ) ;
#2946 = CARTESIAN_POINT ( 'NONE',  ( -1443.041541306736235, 345.0000000000000000, 143.6010951158156104 ) ) ;
#2947 = AXIS2_PLACEMENT_3D ( 'NONE', #2199, #2347, #6101 ) ;
#2948 = ORIENTED_EDGE ( 'NONE', *, *, #4828, .F. ) ;
#2949 = ADVANCED_FACE ( 'NONE', ( #3266 ), #714, .F. ) ;
#2950 = CARTESIAN_POINT ( 'NONE',  ( -1159.792954038847029, 680.8302337038149972, 517.0617253125443540 ) ) ;
#2951 = CARTESIAN_POINT ( 'NONE',  ( -1548.041541306736235, 345.0000000000000000, -193.6010951158149282 ) ) ;
#2952 = CARTESIAN_POINT ( 'NONE',  ( -1173.750000000000227, 30.00000000000000711, 667.7499999999997726 ) ) ;
#2953 = CARTESIAN_POINT ( 'NONE',  ( -1126.607144378926932, 931.4285376095373294, -133.0739396307941433 ) ) ;
#2954 = CARTESIAN_POINT ( 'NONE',  ( -494.0247277987650705, 897.0041539580200833, -159.8830140657057655 ) ) ;
#2955 = CARTESIAN_POINT ( 'NONE',  ( -1145.695625621291356, 915.1765455621804222, -138.2442586580544628 ) ) ;
#2956 = DIRECTION ( 'NONE',  ( 0.000000000000000000, 1.000000000000000000, 0.000000000000000000 ) ) ;
#2957 = EDGE_LOOP ( 'NONE', ( #6489, #328 ) ) ;
#2958 = ORIENTED_EDGE ( 'NONE', *, *, #8682, .T. ) ;
#2959 = CARTESIAN_POINT ( 'NONE',  ( -1128.141034399662658, 949.9255279011561015, 163.4299407831431949 ) ) ;
#2960 = AXIS2_PLACEMENT_3D ( 'NONE', #2223, #717, #2982 ) ;
#2961 = CARTESIAN_POINT ( 'NONE',  ( -24.49023110634120215, 594.8633500013934281, -533.7477455970604296 ) ) ;
#2962 = DIRECTION ( 'NONE',  ( 0.000000000000000000, 0.000000000000000000, 1.000000000000000000 ) ) ;
#2963 = DIRECTION ( 'NONE',  ( -1.000000000000000000, 0.000000000000000000, 0.000000000000000000 ) ) ;
#2964 = DIRECTION ( 'NONE',  ( 0.000000000000000000, 0.000000000000000000, 1.000000000000000000 ) ) ;
#2965 = ADVANCED_FACE ( 'NONE', ( #5647 ), #8651, .F. ) ;
#2966 = CIRCLE ( 'NONE', #8735, 23.00000000000003553 ) ;
#2967 = CARTESIAN_POINT ( 'NONE',  ( -1131.466894557539035, 673.6349669356030745, -530.7063749204352234 ) ) ;
#2968 = CARTESIAN_POINT ( 'NONE',  ( -1133.407795317427599, 192.7070163437854831, -631.2971511455671134 ) ) ;
#2969 = VECTOR ( 'NONE', #4744, 1000.000000000000000 ) ;
#2970 = DIRECTION ( 'NONE',  ( -0.000000000000000000, -0.000000000000000000, -1.000000000000000000 ) ) ;
#2971 = ORIENTED_EDGE ( 'NONE', *, *, #8855, .F. ) ;
#2972 = CARTESIAN_POINT ( 'NONE',  ( -1128.647416613452833, 924.7709252968221563, -162.0371965114721320 ) ) ;
#2973 = CARTESIAN_POINT ( 'NONE',  ( -1526.308102424745812, 344.9999999999999432, 174.0095457017271769 ) ) ;
#2974 = DIRECTION ( 'NONE',  ( 0.000000000000000000, 0.000000000000000000, 1.000000000000000000 ) ) ;
#2975 = LINE ( 'NONE', #8345, #314 ) ;
#2976 = PRESENTATION_STYLE_ASSIGNMENT (( #10055 ) ) ;
#2977 = ORIENTED_EDGE ( 'NONE', *, *, #8365, .T. ) ;
#2978 = CARTESIAN_POINT ( 'NONE',  ( -1125.321238841143440, 180.4125960263852448, 645.8278238947472119 ) ) ;
#2979 = CARTESIAN_POINT ( 'NONE',  ( -1174.216148130369447, 932.2294935256491044, 155.1453680299111966 ) ) ;
#2980 = CARTESIAN_POINT ( 'NONE',  ( -1125.262614625554988, 215.6647134528490994, 653.6638358286883204 ) ) ;
#2981 = CARTESIAN_POINT ( 'NONE',  ( -1146.856560343278488, 913.1994298307986355, 159.1223074039786809 ) ) ;
#2982 = DIRECTION ( 'NONE',  ( 0.000000000000000000, -0.6207195780577411393, 0.7840326558350868558 ) ) ;
#2983 = VECTOR ( 'NONE', #1571, 1000.000000000000000 ) ;
#2984 = CARTESIAN_POINT ( 'NONE',  ( -16.39694365441618729, 581.4533198702769141, 575.2394632484442809 ) ) ;
#2985 = ORIENTED_EDGE ( 'NONE', *, *, #8930, .F. ) ;
#2986 = DIRECTION ( 'NONE',  ( 1.659227894316332837E-15, 0.7840326558350207975, -0.6207195780578245170 ) ) ;
#2987 = CARTESIAN_POINT ( 'NONE',  ( -1130.345664744142823, 189.9564956130237192, -634.5459026198849415 ) ) ;
#2988 = DIRECTION ( 'NONE',  ( 1.084036547835517478E-17, -1.000000000000000000, -0.000000000000000000 ) ) ;
#2989 = CYLINDRICAL_SURFACE ( 'NONE', #2029, 19.99999999999998934 ) ;
#2990 = FACE_BOUND ( 'NONE', #2888, .T. ) ;
#2991 = CARTESIAN_POINT ( 'NONE',  ( -1174.176524948713677, 933.2234093508054684, 141.4185582550143465 ) ) ;
#2992 = EDGE_LOOP ( 'NONE', ( #5654, #3949, #1876, #3568 ) ) ;
#2993 = VECTOR ( 'NONE', #2084, 1000.000000000000000 ) ;
#2994 = CARTESIAN_POINT ( 'NONE',  ( -492.0749035841939190, 927.2938653456893690, -140.5135898417671285 ) ) ;
#2995 = ORIENTED_EDGE ( 'NONE', *, *, #2381, .T. ) ;
#2996 = ORIENTED_EDGE ( 'NONE', *, *, #3131, .F. ) ;
#2997 = CARTESIAN_POINT ( 'NONE',  ( -1127.049096266688821, 661.6810145815904889, 548.9366336219212599 ) ) ;
#2998 = PLANE ( 'NONE',  #3812 ) ;
#2999 = EDGE_CURVE ( 'NONE', #6753, #6854, #4087, .T. ) ;
#3000 = CARTESIAN_POINT ( 'NONE',  ( -23.71827001476165364, 563.0164934223863611, 555.8082063573192499 ) ) ;
#3001 = AXIS2_PLACEMENT_3D ( 'NONE', #5933, #1202, #2741 ) ;
#3002 = CIRCLE ( 'NONE', #2666, 25.00000000000002132 ) ;
#3003 = CARTESIAN_POINT ( 'NONE',  ( -23.75000000000028066, 30.00000000000000711, -650.2500000000000000 ) ) ;
#3004 = ADVANCED_FACE ( 'NONE', ( #2553 ), #1010, .T. ) ;
#3006 = EDGE_CURVE ( 'NONE', #8601, #4814, #1775, .T. ) ;
#3005 = AXIS2_PLACEMENT_3D ( 'NONE', #7347, #2764, #1886 ) ;
#3007 = CARTESIAN_POINT ( 'NONE',  ( -1141.377003646571893, 915.8015424294593458, -144.8787449610177305 ) ) ;
#3008 = CARTESIAN_POINT ( 'NONE',  ( -492.4356954994310627, 927.0165743613296172, 159.6845879423837289 ) ) ;
#3009 = ORIENTED_EDGE ( 'NONE', *, *, #6977, .T. ) ;
#3010 = AXIS2_PLACEMENT_3D ( 'NONE', #5822, #5207, #4380 ) ;
#3011 = ORIENTED_EDGE ( 'NONE', *, *, #4207, .F. ) ;
#3012 = EDGE_CURVE ( 'NONE', #8931, #3548, #525, .T. ) ;
#3013 = CARTESIAN_POINT ( 'NONE',  ( -1128.813752050508810, 951.1570062132344674, 162.2342505438927560 ) ) ;
#3014 = AXIS2_PLACEMENT_3D ( 'NONE', #9016, #9730, #8961 ) ;
#3015 = CARTESIAN_POINT ( 'NONE',  ( -23.57106161699062241, 597.9814537049239789, -534.8534284981108158 ) ) ;
#3016 = VECTOR ( 'NONE', #9482, 1000.000000000000000 ) ;
#3017 = CARTESIAN_POINT ( 'NONE',  ( -1126.670041132464576, 949.1612651084059280, 135.7169803315819649 ) ) ;
#3018 = DIRECTION ( 'NONE',  ( 0.000000000000000000, 1.000000000000000000, 0.000000000000000000 ) ) ;
#3019 = EDGE_CURVE ( 'NONE', #557, #1101, #4171, .T. ) ;
#3020 = CARTESIAN_POINT ( 'NONE',  ( -500.0430627306077440, 911.3117373309971754, -129.7461379228402336 ) ) ;
#3021 = FACE_OUTER_BOUND ( 'NONE', #6842, .T. ) ;
#3022 = CARTESIAN_POINT ( 'NONE',  ( -1130.183351283443017, 208.6517654036493354, -665.2466268934286973 ) ) ;
#3023 = DIRECTION ( 'NONE',  ( 0.000000000000000000, 0.000000000000000000, -1.000000000000000000 ) ) ;
#3024 = EDGE_LOOP ( 'NONE', ( #6642, #6047, #1022, #8950 ) ) ;
#3025 = CARTESIAN_POINT ( 'NONE',  ( -1125.014554939349637, 936.3826160454306091, -167.7962178855945581 ) ) ;
#3026 = CARTESIAN_POINT ( 'NONE',  ( -5.551115123125782702E-14, 570.7106781186550961, 559.2893218813455860 ) ) ;
#3027 = DIRECTION ( 'NONE',  ( -1.659227894316332837E-15, -0.7840326558350209085, -0.6207195780578245170 ) ) ;
#3028 = PRESENTATION_STYLE_ASSIGNMENT (( #10110 ) ) ;
#3029 = DIRECTION ( 'NONE',  ( 1.659227894316332837E-15, 0.7840326558350207975, -0.6207195780578245170 ) ) ;
#3030 = FILL_AREA_STYLE_COLOUR ( '', #8992 ) ;
#3031 = ORIENTED_EDGE ( 'NONE', *, *, #5133, .F. ) ;
#3032 = LINE ( 'NONE', #558, #6380 ) ;
#3033 = CARTESIAN_POINT ( 'NONE',  ( -1133.087842119988409, 199.6698443432297836, 668.4114158872598637 ) ) ;
#3034 = CARTESIAN_POINT ( 'NONE',  ( -1145.877434336993019, 913.4800608229668342, 157.6512787884809370 ) ) ;
#3035 = CIRCLE ( 'NONE', #5663, 5.999999999999894307 ) ;
#3036 = CARTESIAN_POINT ( 'NONE',  ( 3.038872858745769746E-14, 408.5786437626904899, 580.0000000000001137 ) ) ;
#3037 = CARTESIAN_POINT ( 'NONE',  ( -1173.750000000000227, 30.00000000000000711, 673.7499999999997726 ) ) ;
#3038 = EDGE_LOOP ( 'NONE', ( #10072, #6950, #1260, #4350, #8733 ) ) ;
#3039 = AXIS2_PLACEMENT_3D ( 'NONE', #4468, #2811, #8497 ) ;
#3040 = EDGE_CURVE ( 'NONE', #7201, #4906, #6825, .T. ) ;
#3041 = CIRCLE ( 'NONE', #9154, 24.99999999999996092 ) ;
#3042 = FACE_OUTER_BOUND ( 'NONE', #4959, .T. ) ;
#3043 = CARTESIAN_POINT ( 'NONE',  ( -1125.585801275205540, 214.9192213780299880, -644.5867473403385475 ) ) ;
#3044 = CARTESIAN_POINT ( 'NONE',  ( -23.55580943037172759, 84.09256642323856568, 688.3975096791048145 ) ) ;
#3045 = CARTESIAN_POINT ( 'NONE',  ( -12.39588558054704315, 586.0622581786028604, -574.6409019412934640 ) ) ;
#3046 = CARTESIAN_POINT ( 'NONE',  ( -19.58993768070470409, 115.0035733198213990, -664.4605074735213748 ) ) ;
#3047 = CARTESIAN_POINT ( 'NONE',  ( -1171.714888633541705, 927.6870093867653395, 135.2950879690732791 ) ) ;
#3048 = AXIS2_PLACEMENT_3D ( 'NONE', #2622, #5816, #4888 ) ;
#3049 = ORIENTED_EDGE ( 'NONE', *, *, #10099, .T. ) ;
#3050 = CARTESIAN_POINT ( 'NONE',  ( -497.2254372993112952, 921.5630519696699139, -134.4500563377822857 ) ) ;
#3051 = ORIENTED_EDGE ( 'NONE', *, *, #745, .T. ) ;
#3052 = ORIENTED_EDGE ( 'NONE', *, *, #1455, .T. ) ;
#3053 = CARTESIAN_POINT ( 'NONE',  ( -1153.789022468605481, 682.6922435223178809, 513.4217435515680563 ) ) ;
#3054 = CARTESIAN_POINT ( 'NONE',  ( -488.3831117412780145, 929.4905397392003579, 147.3770799581260462 ) ) ;
#3055 = CARTESIAN_POINT ( 'NONE',  ( -1174.999999999999773, 660.0000000000000000, 562.9128703017762518 ) ) ;
#3056 = PLANE ( 'NONE',  #194 ) ;
#3057 = DIRECTION ( 'NONE',  ( 0.000000000000000000, -1.387778780781445676E-17, 1.000000000000000000 ) ) ;
#3058 = CARTESIAN_POINT ( 'NONE',  ( -1140.587002302281235, 915.8100948452192824, -148.3825678938877672 ) ) ;
#3059 = CARTESIAN_POINT ( 'NONE',  ( -499.3982674277759202, 916.5178496454508377, 132.4934804891151714 ) ) ;
#3060 = ADVANCED_FACE ( 'NONE', ( #7014 ), #2989, .T. ) ;
#3061 = VERTEX_POINT ( 'NONE', #7847 ) ;
#3062 = ORIENTED_EDGE ( 'NONE', *, *, #9142, .T. ) ;
#3063 = CARTESIAN_POINT ( 'NONE',  ( -1131.863348944303880, 921.1365632800624326, 155.7252394489504752 ) ) ;
#3064 = EDGE_CURVE ( 'NONE', #1516, #4011, #4665, .T. ) ;
#3065 = CARTESIAN_POINT ( 'NONE',  ( -24.98373082623862018, 588.0663982170965483, -533.6876637887764900 ) ) ;
#3066 = CARTESIAN_POINT ( 'NONE',  ( 1.279752415382864704E-14, 500.0000000000000000, -488.5786437626906604 ) ) ;
#3067 = EDGE_CURVE ( 'NONE', #8282, #9501, #5167, .T. ) ;
#3068 = CARTESIAN_POINT ( 'NONE',  ( -1125.037894555324328, 215.8973069049042408, -651.8549837805408060 ) ) ;
#3069 = LINE ( 'NONE', #5539, #9971 ) ;
#3070 = EDGE_CURVE ( 'NONE', #6137, #861, #7640, .T. ) ;
#3071 = ORIENTED_EDGE ( 'NONE', *, *, #869, .F. ) ;
#3072 = CIRCLE ( 'NONE', #4211, 170.0000000000001421 ) ;
#3073 = CARTESIAN_POINT ( 'NONE',  ( -1125.260983755293864, 933.6651097021692749, -167.3615449520596314 ) ) ;
#3074 = DIRECTION ( 'NONE',  ( 0.000000000000000000, 0.000000000000000000, -1.000000000000000000 ) ) ;
#3075 = DIRECTION ( 'NONE',  ( 0.8596027534348187338, -0.5109629206579261451, 0.000000000000000000 ) ) ;
#3076 = FILL_AREA_STYLE ('',( #2361 ) ) ;
#3077 = CYLINDRICAL_SURFACE ( 'NONE', #9715, 19.99999999999998934 ) ;
#3078 = CARTESIAN_POINT ( 'NONE',  ( -2.849521228351484073E-13, 40.00000000000000000, 655.0000000000000000 ) ) ;
#3079 = VERTEX_POINT ( 'NONE', #4490 ) ;
#3080 = CARTESIAN_POINT ( 'NONE',  ( -1134.437582014244754, 192.7962483727482947, -669.5680352364420287 ) ) ;
#3081 = AXIS2_PLACEMENT_3D ( 'NONE', #9353, #8713, #3178 ) ;
#3082 = CARTESIAN_POINT ( 'NONE',  ( -1149.999999999999545, 912.6723582046639649, 162.6455621457670020 ) ) ;
#3083 = CARTESIAN_POINT ( 'NONE',  ( -1132.381430216380977, 193.3122700769836229, 667.7383023659864421 ) ) ;
#3084 = CARTESIAN_POINT ( 'NONE',  ( -1130.540643949955211, 922.0617389364417704, 161.8614605188120095 ) ) ;
#3085 = CARTESIAN_POINT ( 'NONE',  ( -20.71017910319541144, 568.0029104253000014, 541.2237727945147299 ) ) ;
#3086 = CARTESIAN_POINT ( 'NONE',  ( -24.57232289276226567, 564.0642989925245274, 559.4049915686891836 ) ) ;
#3087 = ORIENTED_EDGE ( 'NONE', *, *, #5124, .F. ) ;
#3088 = DIRECTION ( 'NONE',  ( 0.000000000000000000, -1.000000000000000000, 0.000000000000000000 ) ) ;
#3089 = SURFACE_STYLE_FILL_AREA ( #7012 ) ;
#3090 = CARTESIAN_POINT ( 'NONE',  ( -1127.500503237683233, 655.2124997790979251, -552.8006280194070996 ) ) ;
#3091 = DIRECTION ( 'NONE',  ( 0.8596027534348187338, -0.5109629206579261451, 0.000000000000000000 ) ) ;
#3092 = CARTESIAN_POINT ( 'NONE',  ( -15.07608044590397256, 97.03592214307221298, -660.0562560433570525 ) ) ;
#3093 = CARTESIAN_POINT ( 'NONE',  ( -1174.011644685639567, 932.6815293651910679, 140.6472472667583702 ) ) ;
#3094 = ORIENTED_EDGE ( 'NONE', *, *, #6205, .F. ) ;
#3095 = CARTESIAN_POINT ( 'NONE',  ( -23.41012878083817128, 118.1610556573191531, -671.2103392751824913 ) ) ;
#3096 = ORIENTED_EDGE ( 'NONE', *, *, #4794, .T. ) ;
#3097 = ADVANCED_FACE ( 'NONE', ( #1447 ), #2329, .T. ) ;
#3098 = AXIS2_PLACEMENT_3D ( 'NONE', #2063, #9290, #499 ) ;
#3099 = ORIENTED_EDGE ( 'NONE', *, *, #3828, .T. ) ;
#3100 = CARTESIAN_POINT ( 'NONE',  ( -1158.125797152964878, 681.5219453178797266, 515.7129362654759461 ) ) ;
#3101 = CARTESIAN_POINT ( 'NONE',  ( -2.902317422911738039E-13, 408.5786437626903762, -680.0000000000000000 ) ) ;
#3102 = CARTESIAN_POINT ( 'NONE',  ( -21.13277514273173097, 601.8179028263588179, 538.4155490396325376 ) ) ;
#3103 = CARTESIAN_POINT ( 'NONE',  ( -24.20424768796535986, 565.8135868545073208, -555.3371878845307492 ) ) ;
#3104 = AXIS2_PLACEMENT_3D ( 'NONE', #2912, #8643, #9219 ) ;
#3105 = CARTESIAN_POINT ( 'NONE',  ( -11.06881376868203049, 603.0045346557153607, 554.7484433033911273 ) ) ;
#3106 = CARTESIAN_POINT ( 'NONE',  ( -19.89734500532859585, 115.4750882990593794, 664.8551486220032984 ) ) ;
#3107 = CYLINDRICAL_SURFACE ( 'NONE', #9879, 25.00000000000003197 ) ;
#3108 = ORIENTED_EDGE ( 'NONE', *, *, #7797, .F. ) ;
#3109 = EDGE_LOOP ( 'NONE', ( #1180, #7920, #10075, #8641 ) ) ;
#3110 = CARTESIAN_POINT ( 'NONE',  ( -1125.987987638981622, 944.4138015094647471, 166.6747844832729584 ) ) ;
#3111 = SURFACE_STYLE_FILL_AREA ( #5384 ) ;
#3112 = DIRECTION ( 'NONE',  ( 0.000000000000000000, -1.000000000000000000, 0.000000000000000000 ) ) ;
#3113 = CARTESIAN_POINT ( 'NONE',  ( 23.00000000000003197, 600.0000000000000000, 488.5786437626904899 ) ) ;
#3114 = CARTESIAN_POINT ( 'NONE',  ( -500.0430627306077440, 911.3117373309971754, -131.7480254829412729 ) ) ;
#3115 = CARTESIAN_POINT ( 'NONE',  ( -1133.009414130295227, 200.5729598234865136, -668.3391727549156940 ) ) ;
#3116 = CARTESIAN_POINT ( 'NONE',  ( -1158.931901699716036, 916.8718656850799107, 133.0169461551712686 ) ) ;
#3117 = ORIENTED_EDGE ( 'NONE', *, *, #6210, .T. ) ;
#3118 = AXIS2_PLACEMENT_3D ( 'NONE', #9398, #1442, #7007 ) ;
#3119 = CARTESIAN_POINT ( 'NONE',  ( -1125.038813568458181, 939.1476240160483258, -167.8557137290851244 ) ) ;
#3120 = CARTESIAN_POINT ( 'NONE',  ( -1150.000000000000909, 938.9285782095131481, 149.8625354325497483 ) ) ;
#3121 = CARTESIAN_POINT ( 'NONE',  ( -1174.834806576341180, 936.1546899056224902, -148.4589832841001851 ) ) ;
#3122 = EDGE_CURVE ( 'NONE', #6884, #6036, #5462, .T. ) ;
#3123 = DIRECTION ( 'NONE',  ( -1.000000000000000000, 0.000000000000000000, 0.000000000000000000 ) ) ;
#3124 = CIRCLE ( 'NONE', #6402, 25.00000000000002132 ) ;
#3125 = ORIENTED_EDGE ( 'NONE', *, *, #8712, .F. ) ;
#3126 = DIRECTION ( 'NONE',  ( 0.9959043170553903979, -0.08660037539612092106, -0.02598011261883533332 ) ) ;
#3127 = CIRCLE ( 'NONE', #8893, 17.99999999999999645 ) ;
#3128 = CARTESIAN_POINT ( 'NONE',  ( -1151.447142053565358, 912.5813657281158839, 163.9202971693782729 ) ) ;
#3129 = CARTESIAN_POINT ( 'NONE',  ( -489.0960468979190523, 929.1462264662487769, -154.1667610993878554 ) ) ;
#3130 = CARTESIAN_POINT ( 'NONE',  ( -1134.055797448009116, 957.9276795631728874, 153.6604915334517898 ) ) ;
#3131 = EDGE_CURVE ( 'NONE', #3444, #4476, #39, .T. ) ;
#3132 = CARTESIAN_POINT ( 'NONE',  ( -20.54010746660776476, 566.1963426864953135, 543.0854829756439131 ) ) ;
#3133 = CARTESIAN_POINT ( 'NONE',  ( -24.98163375336649850, 566.8684520526837787, 564.8535569546272654 ) ) ;
#3134 = EDGE_LOOP ( 'NONE', ( #8151, #7802, #1156, #4993, #3582 ) ) ;
#3135 = FACE_OUTER_BOUND ( 'NONE', #873, .T. ) ;
#3136 = CARTESIAN_POINT ( 'NONE',  ( -1140.586730499819396, 915.8098940015593143, 148.3861869885767248 ) ) ;
#3137 = DIRECTION ( 'NONE',  ( 4.872322894325868391E-15, 0.1999999999998937350, -0.9797958971132930683 ) ) ;
#3138 = DIRECTION ( 'NONE',  ( 0.000000000000000000, 0.000000000000000000, 1.000000000000000000 ) ) ;
#3139 = ORIENTED_EDGE ( 'NONE', *, *, #1365, .F. ) ;
#3140 = CARTESIAN_POINT ( 'NONE',  ( -23.59918243429693163, 85.70590728904913647, -671.7441482574118936 ) ) ;
#3141 = ORIENTED_EDGE ( 'NONE', *, *, #9325, .F. ) ;
#3142 = COLOUR_RGB ( '',0.6470588235294117974, 0.6196078431372549211, 0.5882352941176470784 ) ;
#3143 = ORIENTED_EDGE ( 'NONE', *, *, #2813, .T. ) ;
#3144 = CARTESIAN_POINT ( 'NONE',  ( 22.99999999999971934, 5.590176038870209716E-14, 680.0000000000000000 ) ) ;
#3145 = DIRECTION ( 'NONE',  ( 0.000000000000000000, -1.000000000000000000, 0.000000000000000000 ) ) ;
#3146 = DIRECTION ( 'NONE',  ( 1.659227894316332837E-15, 0.7840326558350209085, -0.6207195780578245170 ) ) ;
#3147 = DIRECTION ( 'NONE',  ( -0.000000000000000000, 1.000000000000000000, -0.000000000000000000 ) ) ;
#3148 = EDGE_CURVE ( 'NONE', #3909, #7799, #6031, .T. ) ;
#3149 = CARTESIAN_POINT ( 'NONE',  ( -21.34815760137625773, 88.82973108360512526, 666.9815678269303589 ) ) ;
#3150 = CARTESIAN_POINT ( 'NONE',  ( -23.75000000000028066, 40.00000000000000000, -697.7500000000000000 ) ) ;
#3151 = VERTEX_POINT ( 'NONE', #7690 ) ;
#3152 = EDGE_LOOP ( 'NONE', ( #8025, #4759 ) ) ;
#3153 = LINE ( 'NONE', #3979, #7861 ) ;
#3154 = DIRECTION ( 'NONE',  ( 0.000000000000000000, 0.7071067811865486830, 0.7071067811865464625 ) ) ;
#3155 = CARTESIAN_POINT ( 'NONE',  ( -24.74494364574966454, 584.7233212187906020, -534.4036802659933301 ) ) ;
#3156 = DIRECTION ( 'NONE',  ( 0.000000000000000000, 0.000000000000000000, 1.000000000000000000 ) ) ;
#3157 = AXIS2_PLACEMENT_3D ( 'NONE', #8517, #4639, #7788 ) ;
#3158 = CYLINDRICAL_SURFACE ( 'NONE', #761, 20.00000000000003553 ) ;
#3159 = CARTESIAN_POINT ( 'NONE',  ( -1133.107835342960470, 199.3356057851900687, -668.4297299772767929 ) ) ;
#3160 = AXIS2_PLACEMENT_3D ( 'NONE', #6437, #3972, #9604 ) ;
#3161 = CARTESIAN_POINT ( 'NONE',  ( -1172.692999113493670, 929.2148603483290117, 139.9014835808843031 ) ) ;
#3162 = ORIENTED_EDGE ( 'NONE', *, *, #5834, .T. ) ;
#3163 = AXIS2_PLACEMENT_3D ( 'NONE', #3638, #5956, #6058 ) ;
#3164 = CARTESIAN_POINT ( 'NONE',  ( -1127.078153065951938, 947.5884200416309113, -165.0971716245259131 ) ) ;
#3165 = CIRCLE ( 'NONE', #703, 23.00000000000002132 ) ;
#3166 = CARTESIAN_POINT ( 'NONE',  ( -24.84774177234425707, 569.5565055130117571, -564.4341519364563737 ) ) ;
#3167 = CARTESIAN_POINT ( 'NONE',  ( -1171.305209488005403, 927.0171484877168950, -134.7267167365834837 ) ) ;
#3168 = CARTESIAN_POINT ( 'NONE',  ( -24.27936757684355129, 121.0485884465882975, -686.0945144848474229 ) ) ;
#3169 = ORIENTED_EDGE ( 'NONE', *, *, #5972, .T. ) ;
#3170 = CARTESIAN_POINT ( 'NONE',  ( -1135.360653590654692, 196.4324898279935212, -670.2656036400796893 ) ) ;
#3171 = CARTESIAN_POINT ( 'NONE',  ( -500.0430627306077440, 911.3117373309971754, 169.9789329422565345 ) ) ;
#3172 = CIRCLE ( 'NONE', #7795, 18.00000000000001421 ) ;
#3173 = CARTESIAN_POINT ( 'NONE',  ( -488.0317511923668121, 929.6470204447441574, -150.3936159984912990 ) ) ;
#3174 = CARTESIAN_POINT ( 'NONE',  ( -1134.972952620497381, 918.5767368059176761, 153.2428151782610826 ) ) ;
#3175 = DIRECTION ( 'NONE',  ( -1.000000000000000000, -5.551115123125780730E-16, 0.000000000000000000 ) ) ;
#3176 = EDGE_CURVE ( 'NONE', #9876, #2645, #9201, .T. ) ;
#3177 =( BOUNDED_CURVE ( )  B_SPLINE_CURVE ( 3, ( #2654, #2709, #1064, #3464 ),
 .UNSPECIFIED., .F., .F. ) 
 B_SPLINE_CURVE_WITH_KNOTS ( ( 4, 4 ),
 ( 3.182791143736313000, 4.712388980384689674 ),
 .UNSPECIFIED. ) 
 CURVE ( )  GEOMETRIC_REPRESENTATION_ITEM ( )  RATIONAL_B_SPLINE_CURVE ( ( 1.000000000000000000, 0.8143477329011805654, 0.8143477329011805654, 1.000000000000000000 ) ) 
 REPRESENTATION_ITEM ( '' )  );
#3178 = DIRECTION ( 'NONE',  ( 0.000000000000000000, 0.000000000000000000, 1.000000000000000000 ) ) ;
#3179 = ORIENTED_EDGE ( 'NONE', *, *, #182, .T. ) ;
#3180 = DIRECTION ( 'NONE',  ( 2.071647322355158349E-38, 0.000000000000000000, 1.000000000000000000 ) ) ;
#3181 = CARTESIAN_POINT ( 'NONE',  ( -1144.133533121139180, 915.3621395979309909, 140.0444253734758320 ) ) ;
#3182 = CYLINDRICAL_SURFACE ( 'NONE', #3329, 22.99999999999998579 ) ;
#3183 = DIRECTION ( 'NONE',  ( 0.000000000000000000, 0.000000000000000000, 1.000000000000000000 ) ) ;
#3184 = EDGE_CURVE ( 'NONE', #5070, #1604, #2685, .T. ) ;
#3185 = EDGE_CURVE ( 'NONE', #10173, #8557, #3468, .T. ) ;
#3186 = DIRECTION ( 'NONE',  ( -1.287215101014674543E-16, -1.000000000000000000, 0.000000000000000000 ) ) ;
#3188 = ADVANCED_FACE ( 'NONE', ( #1018 ), #8631, .T. ) ;
#3187 = DIRECTION ( 'NONE',  ( -0.5786626424054287510, -0.8155670090706016451, 0.000000000000000000 ) ) ;
#3189 = ORIENTED_EDGE ( 'NONE', *, *, #447, .F. ) ;
#3190 = CARTESIAN_POINT ( 'NONE',  ( -23.69282816949102966, 85.58693904127930807, -672.0166867371210628 ) ) ;
#3191 = ORIENTED_EDGE ( 'NONE', *, *, #3200, .F. ) ;
#3192 = B_SPLINE_CURVE_WITH_KNOTS ( 'NONE', 3,
 ( #3668, #9044, #6817, #5103, #5778, #7542, #465, #1255, #9098, #1966, #4333, #6597, #4223, #9817, #5879, #9766, #5052, #8216, #7432, #8270, #7494, #6916, #1560, #8636, #790, #9260, #6091, #682, #6042, #9210, #5268, #1413, #8426, #8532, #10191, #3822, #2191, #2340, #4706, #3877, #7025, #5320, #7650, #7858, #8479, #5424, #4501, #4554 ),
 .UNSPECIFIED., .F., .F.,
 ( 4, 2, 2, 2, 2, 2, 2, 2, 2, 2, 2, 2, 2, 2, 2, 2, 2, 2, 2, 2, 2, 2, 2, 4 ),
 ( 0.02873833696054236067, 0.03140846501020101017, 0.03274352903503027074, 0.03407859305985953130, 0.03674872110951797610, 0.03808378513434707707, 0.03941884915917618498, 0.04208897720883421345, 0.04342404123366344626, 0.04475910525849267907, 0.04742923330815092958, 0.05009936135780918703, 0.05143442538263854474, 0.05276948940746790245, 0.05543961745712684686, 0.05677468148195658620, 0.05810974550678632555, 0.06077987355644565159, 0.06211493758127531462, 0.06345000160610496376, 0.06612012965576481716, 0.06745519368059504917, 0.06879025770542526730, 0.07146038575508574520 ),
 .UNSPECIFIED. ) ;
#3193 = EDGE_CURVE ( 'NONE', #3607, #2185, #4664, .T. ) ;
#3194 = VECTOR ( 'NONE', #7826, 1000.000000000000000 ) ;
#3195 = EDGE_LOOP ( 'NONE', ( #5063, #9084, #4079, #4185 ) ) ;
#3196 = CARTESIAN_POINT ( 'NONE',  ( -1171.690026344716898, 667.6761592243660743, 540.9702010455747541 ) ) ;
#3197 = DIRECTION ( 'NONE',  ( -1.000000000000000000, 0.000000000000000000, 0.000000000000000000 ) ) ;
#3198 = DIRECTION ( 'NONE',  ( -1.000000000000000000, 0.000000000000000000, 0.000000000000000000 ) ) ;
#3199 = AXIS2_PLACEMENT_3D ( 'NONE', #9274, #592, #2964 ) ;
#3200 = EDGE_CURVE ( 'NONE', #6660, #7562, #10225, .T. ) ;
#3201 = DIRECTION ( 'NONE',  ( 1.000000000000000000, 0.000000000000000000, 0.000000000000000000 ) ) ;
#3202 = CIRCLE ( 'NONE', #10146, 77.00000000000018474 ) ;
#3203 = FACE_OUTER_BOUND ( 'NONE', #5190, .T. ) ;
#3204 = CARTESIAN_POINT ( 'NONE',  ( -17.07500487693962654, 98.83292292310991911, 661.7388545990606872 ) ) ;
#3205 = ORIENTED_EDGE ( 'NONE', *, *, #4937, .F. ) ;
#3206 = ORIENTED_EDGE ( 'NONE', *, *, #5666, .F. ) ;
#3207 = PLANE ( 'NONE',  #9189 ) ;
#3208 = CARTESIAN_POINT ( 'NONE',  ( -24.14878290879108391, 571.8815806829134090, 567.3081290721340793 ) ) ;
#3209 = CARTESIAN_POINT ( 'NONE',  ( -1172.257069347292827, 926.2518215846072280, -163.4639420130598921 ) ) ;
#3210 = DIRECTION ( 'NONE',  ( 0.000000000000000000, 0.7071067811865474617, -0.7071067811865474617 ) ) ;
#3211 = CARTESIAN_POINT ( 'NONE',  ( 3.038872858745776688E-14, 496.9669914110090190, 668.3883476483185859 ) ) ;
#3212 = CARTESIAN_POINT ( 'NONE',  ( -1125.007474887450144, 215.8946617163934150, -650.6113006613397829 ) ) ;
#3213 = EDGE_CURVE ( 'NONE', #1624, #6531, #464, .T. ) ;
#3214 = CARTESIAN_POINT ( 'NONE',  ( -14.58459353644766487, 605.0136476551980422, -547.3216172031783344 ) ) ;
#3215 = PRESENTATION_LAYER_ASSIGNMENT (  '', '', ( #2728 ) ) ;
#3216 = ORIENTED_EDGE ( 'NONE', *, *, #8889, .F. ) ;
#3217 = DIRECTION ( 'NONE',  ( -0.000000000000000000, 1.000000000000000000, -0.000000000000000000 ) ) ;
#3218 = CARTESIAN_POINT ( 'NONE',  ( -1548.041541306736235, 334.9999999999999432, 163.6010951158153830 ) ) ;
#3219 = CARTESIAN_POINT ( 'NONE',  ( -1174.242848148386429, 933.4681844033179914, -141.8167498703137426 ) ) ;
#3220 = CARTESIAN_POINT ( 'NONE',  ( -24.91499610747983695, 122.0498202353131489, -682.0886345836943292 ) ) ;
#3221 = VERTEX_POINT ( 'NONE', #3960 ) ;
#3222 = CARTESIAN_POINT ( 'NONE',  ( -1126.636129279791476, 179.6764350917914328, -658.9011612529409376 ) ) ;
#3223 = CARTESIAN_POINT ( 'NONE',  ( -1158.866326115833544, 913.7686137217133364, 168.0197919757669069 ) ) ;
#3224 = CARTESIAN_POINT ( 'NONE',  ( -1149.176263266754631, 958.9116074542073420, -149.8625354325471051 ) ) ;
#3225 = CARTESIAN_POINT ( 'NONE',  ( -1134.099037712333939, 958.2900968527602572, 149.8656290407867289 ) ) ;
#3226 = CARTESIAN_POINT ( 'NONE',  ( -24.42552687075303552, 596.1106348893423501, 531.7883895513197103 ) ) ;
#3227 = DIRECTION ( 'NONE',  ( 1.084036547835517478E-17, -1.000000000000000000, -6.123233995736766036E-17 ) ) ;
#3228 = VERTEX_POINT ( 'NONE', #187 ) ;
#3229 = DIRECTION ( 'NONE',  ( 1.000000000000000000, 0.000000000000000000, 0.000000000000000000 ) ) ;
#3230 = DIRECTION ( 'NONE',  ( 0.000000000000000000, 1.000000000000000000, 0.000000000000000000 ) ) ;
#3231 = CYLINDRICAL_SURFACE ( 'NONE', #7285, 22.99999999999998579 ) ;
#3232 = SURFACE_STYLE_USAGE ( .BOTH. , #1740 ) ;
#3233 = CYLINDRICAL_SURFACE ( 'NONE', #2312, 18.00000000000000000 ) ;
#3234 = CARTESIAN_POINT ( 'NONE',  ( -1155.367652684927634, 637.6218241607418804, 549.4714815397688881 ) ) ;
#3235 = VECTOR ( 'NONE', #9469, 1000.000000000000000 ) ;
#3236 = ORIENTED_EDGE ( 'NONE', *, *, #7219, .T. ) ;
#3237 = CARTESIAN_POINT ( 'NONE',  ( -18.78572854655989488, 110.0026087681258389, -663.4936280911517770 ) ) ;
#3238 = EDGE_LOOP ( 'NONE', ( #7696, #9014, #8340, #7836, #10113, #2927 ) ) ;
#3239 = ORIENTED_EDGE ( 'NONE', *, *, #4762, .F. ) ;
#3240 = CARTESIAN_POINT ( 'NONE',  ( -1150.000000000000000, 861.0102051443365099, 339.9999999999999432 ) ) ;
#3241 = DIRECTION ( 'NONE',  ( -0.000000000000000000, -0.000000000000000000, -1.000000000000000000 ) ) ;
#3242 = CARTESIAN_POINT ( 'NONE',  ( -1149.387600133397200, 912.4583431973277357, -164.8903388499704761 ) ) ;
#3243 = CYLINDRICAL_SURFACE ( 'NONE', #2353, 6.000000000000116351 ) ;
#3244 = B_SPLINE_CURVE_WITH_KNOTS ( 'NONE', 3,
 ( #8424, #5265, #2997, #5213, #8369, #7592, #579, #518, #628, #2288, #6139, #9308, #6913, #6239, #7022, #2082, #5420, #8584, #7749, #2237, #3767, #1300, #1411, #5373, #6815, #6866, #733, #10188, #4600, #8530, #6040, #10133, #1454, #677, #10029, #3874, #3666, #1349, #1507, #9984, #5318, #2901, #9208, #4552, #3818, #3053, #4499, #6190, #4651, #7648, #7804, #3100, #3717, #2950, #6087, #8477, #9255, #2189, #4063, #4889, #3337, #9461, #1605, #7071, #8054, #6340, #4751, #3196, #7120, #7260, #982, #9504, #8633, #7903, #197, #4702 ),
 .UNSPECIFIED., .F., .F.,
 ( 4, 2, 2, 2, 2, 2, 2, 2, 2, 2, 2, 2, 2, 2, 2, 2, 2, 2, 2, 2, 2, 2, 2, 2, 2, 2, 2, 2, 2, 2, 2, 2, 2, 2, 2, 2, 2, 4 ),
 ( 0.07370714082372839537, 0.07704463183992953101, 0.07871337734802996700, 0.08038212285613041685, 0.08371961387233158025, 0.08705710488853274365, 0.09373208692093476513, 0.09706957793713585914, 0.1004070689533369393, 0.1070820509857386138, 0.1087507964938389249, 0.1104195420019392360, 0.1137570330181398442, 0.1170945240343404664, 0.1187632695424404861, 0.1204320150505404918, 0.1221007605586404976, 0.1229351333126905421, 0.1237695060667405866, 0.1271069970829387663, 0.1279413698369880059, 0.1287757425910372178, 0.1304444880991350031, 0.1321132336072327607, 0.1337819791153305182, 0.1354507246234282758, 0.1371194701315260611, 0.1404569611477211044, 0.1437944521639161755, 0.1471319431801111910, 0.1538069252125013886, 0.1571444162286966262, 0.1604819072448919193, 0.1671568892772822557, 0.1704943802934771879, 0.1738318713096721480, 0.1771693623258671080, 0.1805068533420620680 ),
 .UNSPECIFIED. ) ;
#3245 = UNCERTAINTY_MEASURE_WITH_UNIT (LENGTH_MEASURE( 1.000000000000000082E-05 ), #5245, 'distance_accuracy_value', 'NONE');
#3246 = CARTESIAN_POINT ( 'NONE',  ( -40.00000000000028422, 30.00000000000000711, 0.000000000000000000 ) ) ;
#3247 = CARTESIAN_POINT ( 'NONE',  ( -1126.712315865177288, 931.3228009268800633, 130.9989279954077119 ) ) ;
#3248 = EDGE_CURVE ( 'NONE', #5153, #968, #1039, .T. ) ;
#3249 = ORIENTED_EDGE ( 'NONE', *, *, #7750, .F. ) ;
#3250 = CARTESIAN_POINT ( 'NONE',  ( -1131.629709196686235, 955.5273819336309771, 154.7290279009404514 ) ) ;
#3251 = CARTESIAN_POINT ( 'NONE',  ( -21.21336219945754564, 577.3069247200664904, 571.4755598126711220 ) ) ;
#3252 = CIRCLE ( 'NONE', #5721, 5.999999999999894307 ) ;
#3253 = LINE ( 'NONE', #7272, #8448 ) ;
#3254 = DIRECTION ( 'NONE',  ( 0.8155670090706016451, -0.5786626424054286399, 0.000000000000000000 ) ) ;
#3255 = CARTESIAN_POINT ( 'NONE',  ( -12.08539636335795819, 590.4805157157016993, 570.2448212743222484 ) ) ;
#3256 = DIRECTION ( 'NONE',  ( 1.483630154005731333E-15, -0.7071067811865496822, 0.7071067811865453523 ) ) ;
#3257 = CARTESIAN_POINT ( 'NONE',  ( -20.74654114786656223, 564.2703649931115706, -545.8014409353556857 ) ) ;
#3258 = VERTEX_POINT ( 'NONE', #2375 ) ;
#3259 = ORIENTED_EDGE ( 'NONE', *, *, #7475, .T. ) ;
#3260 = DIRECTION ( 'NONE',  ( -9.733805423170623998E-15, -0.7840326558349542951, 0.6207195780579085609 ) ) ;
#3261 = EDGE_CURVE ( 'NONE', #7668, #795, #7895, .T. ) ;
#3262 = CARTESIAN_POINT ( 'NONE',  ( -21.22063304143184226, 577.2962513169529757, -571.4706899953669108 ) ) ;
#3263 = PLANE ( 'NONE',  #3617 ) ;
#3264 = ORIENTED_EDGE ( 'NONE', *, *, #409, .T. ) ;
#3265 = DIRECTION ( 'NONE',  ( -1.000000000000000000, -1.698300684540288022E-17, 0.000000000000000000 ) ) ;
#3266 = FACE_OUTER_BOUND ( 'NONE', #2494, .T. ) ;
#3267 = CARTESIAN_POINT ( 'NONE',  ( -1169.333405816776803, 921.4201458500755280, 167.0368717700479522 ) ) ;
#3268 = LINE ( 'NONE', #10218, #2051 ) ;
#3269 = CARTESIAN_POINT ( 'NONE',  ( -1134.173476473653182, 958.2931653536024896, 150.5538945051863209 ) ) ;
#3270 = CARTESIAN_POINT ( 'NONE',  ( -1149.999999999999773, -804.6428199482238597, 0.000000000000000000 ) ) ;
#3271 = EDGE_LOOP ( 'NONE', ( #1722, #3009, #9716, #2477 ) ) ;
#3272 = CARTESIAN_POINT ( 'NONE',  ( -1548.041541306736235, 345.0000000000000000, 188.6010951158155819 ) ) ;
#3273 = TOROIDAL_SURFACE ( 'NONE', #6567, 99.99999999999995737, 25.00000000000000711 ) ;
#3274 = CARTESIAN_POINT ( 'NONE',  ( -1146.836144123953090, 915.0920550982509667, 137.1408434413224882 ) ) ;
#3275 = CARTESIAN_POINT ( 'NONE',  ( 23.74999999999967315, 40.00000000000000000, 656.2500000000000000 ) ) ;
#3276 = CARTESIAN_POINT ( 'NONE',  ( -1143.568095519947292, 914.8463551081102878, 147.9399127312141218 ) ) ;
#3277 = CARTESIAN_POINT ( 'NONE',  ( -1149.999999999999545, 861.0102051443361688, -339.9999999999997158 ) ) ;
#3278 = CARTESIAN_POINT ( 'NONE',  ( -1172.340780421876161, 654.4795919032366101, 552.9613095006487811 ) ) ;
#3279 = AXIS2_PLACEMENT_3D ( 'NONE', #5085, #4372, #3704 ) ;
#3280 = ORIENTED_EDGE ( 'NONE', *, *, #7490, .T. ) ;
#3281 = CARTESIAN_POINT ( 'NONE',  ( -22.32543171016672545, 87.40757423752896216, -668.7371421616003317 ) ) ;
#3282 = ORIENTED_EDGE ( 'NONE', *, *, #832, .T. ) ;
#3283 = LINE ( 'NONE', #5665, #1721 ) ;
#3284 = CIRCLE ( 'NONE', #2155, 4.999999999999838352 ) ;
#3285 = TOROIDAL_SURFACE ( 'NONE', #1811, 100.0000000000001421, 25.00000000000000711 ) ;
#3286 = ORIENTED_EDGE ( 'NONE', *, *, #1364, .F. ) ;
#3287 = DIRECTION ( 'NONE',  ( 0.000000000000000000, 0.7071067811865474617, -0.7071067811865474617 ) ) ;
#3288 = CARTESIAN_POINT ( 'NONE',  ( -1443.041541306736235, 334.9999999999999432, -143.6010951158150704 ) ) ;
#3289 = FACE_OUTER_BOUND ( 'NONE', #14, .T. ) ;
#3290 = CARTESIAN_POINT ( 'NONE',  ( -499.8109546487932562, 908.2137741879898840, -132.1482148475500935 ) ) ;
#3291 = CARTESIAN_POINT ( 'NONE',  ( -1149.999999999999773, 515.2069385598563258, 674.9999999999974989 ) ) ;
#3292 = ORIENTED_EDGE ( 'NONE', *, *, #9452, .T. ) ;
#3293 = EDGE_CURVE ( 'NONE', #4425, #4570, #5517, .T. ) ;
#3294 = TOROIDAL_SURFACE ( 'NONE', #9093, 50.00000000000005684, 25.00000000000000711 ) ;
#3295 = CARTESIAN_POINT ( 'NONE',  ( -1134.098368562982159, 958.2900692692095390, -149.8594416870267878 ) ) ;
#3296 = CARTESIAN_POINT ( 'NONE',  ( -24.99464975324612581, 567.6740483659849588, 561.2176857311766298 ) ) ;
#3297 = DIRECTION ( 'NONE',  ( 0.000000000000000000, 1.000000000000000000, 0.000000000000000000 ) ) ;
#3298 = EDGE_CURVE ( 'NONE', #9568, #3335, #55, .T. ) ;
#3299 = ADVANCED_FACE ( 'NONE', ( #45 ), #3182, .F. ) ;
#3300 = ADVANCED_FACE ( 'NONE', ( #92 ), #3231, .F. ) ;
#3301 = DIRECTION ( 'NONE',  ( 5.551115123125782702E-16, -1.000000000000000000, 0.000000000000000000 ) ) ;
#3302 = CIRCLE ( 'NONE', #4646, 25.00000000000002132 ) ;
#3303 = CARTESIAN_POINT ( 'NONE',  ( -1563.041541306736235, 334.9999999999999432, -203.6010951158150704 ) ) ;
#3304 = CARTESIAN_POINT ( 'NONE',  ( -1190.000000000000227, 30.00000000000000711, -689.9999999999997726 ) ) ;
#3305 = EDGE_CURVE ( 'NONE', #4909, #6541, #204, .T. ) ;
#3306 = EDGE_LOOP ( 'NONE', ( #4049, #1962, #3963, #1900 ) ) ;
#3307 = CARTESIAN_POINT ( 'NONE',  ( -2.880137398330167607E-13, 40.00000000000000000, 680.0000000000000000 ) ) ;
#3308 = CARTESIAN_POINT ( 'NONE',  ( -1150.000000000000227, 515.2069385598298368, -650.0000000000014779 ) ) ;
#3309 = DIRECTION ( 'NONE',  ( -0.000000000000000000, -0.000000000000000000, -1.000000000000000000 ) ) ;
#3310 = CIRCLE ( 'NONE', #8770, 4.999999999999838352 ) ;
#3311 = ORIENTED_EDGE ( 'NONE', *, *, #5024, .F. ) ;
#3312 = DIRECTION ( 'NONE',  ( 0.000000000000000000, 1.000000000000000000, 2.413528314402511920E-15 ) ) ;
#3313 = DIRECTION ( 'NONE',  ( 0.000000000000000000, 0.000000000000000000, -1.000000000000000000 ) ) ;
#3314 = CARTESIAN_POINT ( 'NONE',  ( -1130.346640249160373, 953.6456785706893697, -159.0572751510829619 ) ) ;
#3315 = CARTESIAN_POINT ( 'NONE',  ( 3.038872858745772902E-14, 479.2893218813452449, -650.7106781186548687 ) ) ;
#3316 = CARTESIAN_POINT ( 'NONE',  ( -22.85764212035622123, 87.44614141781306671, -690.1393155886041768 ) ) ;
#3317 = VECTOR ( 'NONE', #382, 1000.000000000000000 ) ;
#3318 = VECTOR ( 'NONE', #7621, 1000.000000000000000 ) ;
#3319 = CARTESIAN_POINT ( 'NONE',  ( -21.84415205628560130, 602.0221375950669653, 535.1856166740044500 ) ) ;
#3320 = CIRCLE ( 'NONE', #5140, 6.000000000000116351 ) ;
#3321 = DIRECTION ( 'NONE',  ( -1.000000000000000000, -5.551115123125780730E-16, 0.000000000000000000 ) ) ;
#3322 = VERTEX_POINT ( 'NONE', #9587 ) ;
#3323 = LINE ( 'NONE', #6467, #5315 ) ;
#3324 = CARTESIAN_POINT ( 'NONE',  ( -1150.756541402989342, 636.9996430946823693, -549.2354342413893846 ) ) ;
#3325 = CARTESIAN_POINT ( 'NONE',  ( -8.625835053584950174, 599.3970566649388729, -561.8197241037868253 ) ) ;
#3326 = EDGE_CURVE ( 'NONE', #5892, #8220, #5657, .T. ) ;
#3327 =( LENGTH_UNIT ( ) NAMED_UNIT ( * ) SI_UNIT ( .MILLI., .METRE. ) );
#3328 = CARTESIAN_POINT ( 'NONE',  ( -1173.000000000000227, 659.3874205420698900, 550.9009740645610691 ) ) ;
#3329 = AXIS2_PLACEMENT_3D ( 'NONE', #8859, #971, #921 ) ;
#3330 = AXIS2_PLACEMENT_3D ( 'NONE', #7390, #4188, #4961 ) ;
#3331 = VERTEX_POINT ( 'NONE', #3535 ) ;
#3332 = CARTESIAN_POINT ( 'NONE',  ( -1126.540254185856156, 213.4824819452642259, 641.3429526016211639 ) ) ;
#3333 = ORIENTED_EDGE ( 'NONE', *, *, #8371, .F. ) ;
#3334 = CARTESIAN_POINT ( 'NONE',  ( -8.254176387625074440, 598.3864017427533781, 563.4022247713921843 ) ) ;
#3335 = VERTEX_POINT ( 'NONE', #7516 ) ;
#3336 = CARTESIAN_POINT ( 'NONE',  ( -1140.576189127962834, 915.6406531067966625, 150.3848731943157020 ) ) ;
#3337 = CARTESIAN_POINT ( 'NONE',  ( -1166.938789941243613, 675.6110492893392347, 527.0559180684591638 ) ) ;
#3338 = CARTESIAN_POINT ( 'NONE',  ( -18.36750480123257745, 106.0901252700751911, 696.9607305668827166 ) ) ;
#3339 = CARTESIAN_POINT ( 'NONE',  ( -1147.118971688456440, 912.8152324411603331, -162.8450675779086794 ) ) ;
#3340 = FACE_OUTER_BOUND ( 'NONE', #3109, .T. ) ;
#3341 = CARTESIAN_POINT ( 'NONE',  ( -1133.088411735970567, 921.3440265583220707, -139.1031984983480640 ) ) ;
#3342 = CARTESIAN_POINT ( 'NONE',  ( -1133.828300802729927, 958.2081372910987511, 148.1510342004789891 ) ) ;
#3343 = CIRCLE ( 'NONE', #1709, 123.0000000000032117 ) ;
#3344 = VERTEX_POINT ( 'NONE', #8138 ) ;
#3345 = FACE_OUTER_BOUND ( 'NONE', #2145, .T. ) ;
#3346 = VECTOR ( 'NONE', #9330, 1000.000000000000000 ) ;
#3347 = CARTESIAN_POINT ( 'NONE',  ( -1174.050828743228067, 931.4509288366639339, -156.8957808720610103 ) ) ;
#3348 = CIRCLE ( 'NONE', #9978, 25.00000000000004974 ) ;
#3349 = EDGE_CURVE ( 'NONE', #4186, #7571, #1071, .T. ) ;
#3350 = CARTESIAN_POINT ( 'NONE',  ( -491.2262668552872356, 894.7273518564571759, -155.5808033013080376 ) ) ;
#3351 = CARTESIAN_POINT ( 'NONE',  ( -1125.026578014905908, 179.7604733185941370, -651.3053531996015408 ) ) ;
#3352 = CARTESIAN_POINT ( 'NONE',  ( -20.55139476981194946, 565.4917211289531451, -543.9552583941906505 ) ) ;
#3353 = EDGE_CURVE ( 'NONE', #336, #5098, #1174, .T. ) ;
#3354 = ORIENTED_EDGE ( 'NONE', *, *, #7069, .T. ) ;
#3355 = CARTESIAN_POINT ( 'NONE',  ( 9.980836515789735480E-15, 500.0000000000000000, -488.5786437626906604 ) ) ;
#3356 = CARTESIAN_POINT ( 'NONE',  ( -1174.676518248826596, 934.2304669991024184, -157.2978429054590208 ) ) ;
#3357 = CARTESIAN_POINT ( 'NONE',  ( -1132.279061726325153, 921.8723505286152431, 142.2329299082944658 ) ) ;
#3358 = FACE_OUTER_BOUND ( 'NONE', #882, .T. ) ;
#3359 = ORIENTED_EDGE ( 'NONE', *, *, #7010, .T. ) ;
#3360 = CARTESIAN_POINT ( 'NONE',  ( -11.83984334595556831, 600.3959234983562965, -557.9312128989944313 ) ) ;
#3361 = CARTESIAN_POINT ( 'NONE',  ( -1125.019367934004094, 177.7522991584087322, 651.0429280894092017 ) ) ;
#3362 = DIRECTION ( 'NONE',  ( 0.000000000000000000, 0.000000000000000000, 1.000000000000000000 ) ) ;
#3363 = CARTESIAN_POINT ( 'NONE',  ( -17.91365616991328835, 99.51645273687550741, -697.4386209774110057 ) ) ;
#3364 =( GEOMETRIC_REPRESENTATION_CONTEXT ( 3 ) GLOBAL_UNCERTAINTY_ASSIGNED_CONTEXT ( ( #7171 ) ) GLOBAL_UNIT_ASSIGNED_CONTEXT ( ( #282, #1123, #1231 ) ) REPRESENTATION_CONTEXT ( 'NONE', 'WORKASPACE' ) );
#3365 = CARTESIAN_POINT ( 'NONE',  ( -19.67488233802508901, 604.0980417382836549, 538.4694315930833000 ) ) ;
#3366 = EDGE_CURVE ( 'NONE', #8882, #9179, #5322, .T. ) ;
#3367 = EDGE_LOOP ( 'NONE', ( #3205, #7580, #3117, #6826, #8018, #5021 ) ) ;
#3368 = CARTESIAN_POINT ( 'NONE',  ( -23.75000000000028066, 30.00000000000000711, -709.7500000000000000 ) ) ;
#3369 = CARTESIAN_POINT ( 'NONE',  ( -1171.522801389048254, 651.8810058435171868, -553.1145667414625677 ) ) ;
#3370 = CARTESIAN_POINT ( 'NONE',  ( -40.00000000000028422, 30.00000000000000711, -720.0000000000000000 ) ) ;
#3371 = CARTESIAN_POINT ( 'NONE',  ( -1149.999999999999773, 914.8752314534034440, 137.4142310823326056 ) ) ;
#3372 = CARTESIAN_POINT ( 'NONE',  ( 3.320541622549680782E-14, 463.0258659140545205, 634.4472221513644854 ) ) ;
#3373 = CARTESIAN_POINT ( 'NONE',  ( -1148.492948952716233, 637.0461616513069885, 549.2531843090126813 ) ) ;
#3374 = ORIENTED_EDGE ( 'NONE', *, *, #5771, .T. ) ;
#3375 = CARTESIAN_POINT ( 'NONE',  ( -1126.181317929482020, 214.0257737858198368, 642.3858994132210682 ) ) ;
#3376 = ORIENTED_EDGE ( 'NONE', *, *, #1251, .T. ) ;
#3377 = CARTESIAN_POINT ( 'NONE',  ( -1125.473493990856696, 217.1863763154473190, 645.1456056444351361 ) ) ;
#3378 = CARTESIAN_POINT ( 'NONE',  ( -25.00000000000029488, 5.508657606012274969E-14, 680.0000000000000000 ) ) ;
#3379 = CARTESIAN_POINT ( 'NONE',  ( -1143.529914247653778, 914.5857228486833037, -151.0553836606848961 ) ) ;
#3380 = ORIENTED_EDGE ( 'NONE', *, *, #1195, .F. ) ;
#3381 = CARTESIAN_POINT ( 'NONE',  ( -1141.345661184882601, 915.0111859851035661, 154.1080904932037754 ) ) ;
#3382 = ORIENTED_EDGE ( 'NONE', *, *, #8363, .F. ) ;
#3383 = DIRECTION ( 'NONE',  ( 0.000000000000000000, 0.000000000000000000, 1.000000000000000000 ) ) ;
#3384 = CARTESIAN_POINT ( 'NONE',  ( -17.88151191005792384, 99.55470303017582978, 697.4739901129765940 ) ) ;
#3385 = AXIS2_PLACEMENT_3D ( 'NONE', #4112, #9546, #1557 ) ;
#3386 = CARTESIAN_POINT ( 'NONE',  ( -1563.041541306736235, 345.0000000000000000, -203.6010951158150704 ) ) ;
#3387 = FACE_OUTER_BOUND ( 'NONE', #1502, .T. ) ;
#3388 = DIRECTION ( 'NONE',  ( 0.000000000000000000, 0.000000000000000000, -1.000000000000000000 ) ) ;
#3389 = EDGE_CURVE ( 'NONE', #4814, #2937, #6569, .T. ) ;
#3390 = CARTESIAN_POINT ( 'NONE',  ( -1134.061894674509858, 958.2885657493296776, 149.5222021792360749 ) ) ;
#3391 = EDGE_CURVE ( 'NONE', #1787, #1603, #2367, .T. ) ;
#3392 = AXIS2_PLACEMENT_3D ( 'NONE', #10221, #5511, #7152 ) ;
#3393 = CARTESIAN_POINT ( 'NONE',  ( -1125.311483164773335, 936.5684122959204387, 129.9096258341656664 ) ) ;
#3394 = ORIENTED_EDGE ( 'NONE', *, *, #8168, .F. ) ;
#3395 = CARTESIAN_POINT ( 'NONE',  ( -1124.967638322450512, 936.5514556716433390, -169.8601975934264487 ) ) ;
#3396 = CARTESIAN_POINT ( 'NONE',  ( -22.18972974553318167, 569.2399566633955601, 543.6758099221744942 ) ) ;
#3397 = CARTESIAN_POINT ( 'NONE',  ( -1160.602947375939493, 914.4770054989692198, -168.4677180278500543 ) ) ;
#3398 = CARTESIAN_POINT ( 'NONE',  ( -385.5549505783702671, 844.2703537956056152, 448.7780475532340461 ) ) ;
#3399 = CARTESIAN_POINT ( 'NONE',  ( -1174.999999999999545, 660.0000000000000000, 562.9128703017760245 ) ) ;
#3400 = CARTESIAN_POINT ( 'NONE',  ( -21.11055903925578647, 563.5157478197510272, -547.4571546765640733 ) ) ;
#3401 = ORIENTED_EDGE ( 'NONE', *, *, #637, .F. ) ;
#3402 = VERTEX_POINT ( 'NONE', #4305 ) ;
#3403 = CIRCLE ( 'NONE', #5564, 23.00000000000002132 ) ;
#3404 = LINE ( 'NONE', #1003, #6539 ) ;
#3405 = CARTESIAN_POINT ( 'NONE',  ( -1171.909903586433757, 925.2909887603024117, -166.7659641443087253 ) ) ;
#3406 = DIRECTION ( 'NONE',  ( -0.5786626424054287510, -0.8155670090706016451, 0.000000000000000000 ) ) ;
#3407 = ORIENTED_EDGE ( 'NONE', *, *, #9761, .T. ) ;
#3408 = ORIENTED_EDGE ( 'NONE', *, *, #1611, .T. ) ;
#3409 = DIRECTION ( 'NONE',  ( -0.5786626424054287510, -0.8155670090706016451, 0.000000000000000000 ) ) ;
#3410 = CARTESIAN_POINT ( 'NONE',  ( -496.7768429910162240, 900.3070570491929629, 163.7339611224705891 ) ) ;
#3411 = CARTESIAN_POINT ( 'NONE',  ( 2.757204094941878274E-14, 408.5786437626904899, 580.0000000000001137 ) ) ;
#3412 = EDGE_LOOP ( 'NONE', ( #6575, #290, #1311, #7163, #8185 ) ) ;
#3413 = VERTEX_POINT ( 'NONE', #7460 ) ;
#3414 = EDGE_CURVE ( 'NONE', #8625, #3725, #5904, .T. ) ;
#3415 = DIRECTION ( 'NONE',  ( 1.000000000000000000, 0.000000000000000000, 0.000000000000000000 ) ) ;
#3416 = CARTESIAN_POINT ( 'NONE',  ( -1171.905248296791797, 652.9778716959170879, -553.1018792658782104 ) ) ;
#3417 = CARTESIAN_POINT ( 'NONE',  ( -480.0430627306077440, 911.3117373309970617, 302.7158385259953661 ) ) ;
#3418 = CARTESIAN_POINT ( 'NONE',  ( -23.75000000000011724, 40.00000000000000000, 703.7500000000002274 ) ) ;
#3419 = CARTESIAN_POINT ( 'NONE',  ( -1150.000000000000000, 932.5353056336438158, 354.5999999998115300 ) ) ;
#3420 = CARTESIAN_POINT ( 'NONE',  ( -1131.569717289423352, 646.1566406095214461, 552.2641117565123068 ) ) ;
#3421 = EDGE_LOOP ( 'NONE', ( #7843, #784, #9422, #7995 ) ) ;
#3422 = CARTESIAN_POINT ( 'NONE',  ( -1132.157384856184308, 199.5683705523100571, 632.4887960665705577 ) ) ;
#3423 = EDGE_CURVE ( 'NONE', #2185, #3607, #6304, .T. ) ;
#3424 = ORIENTED_EDGE ( 'NONE', *, *, #1997, .F. ) ;
#3425 = ADVANCED_FACE ( 'NONE', ( #1226 ), #7641, .F. ) ;
#3426 = CARTESIAN_POINT ( 'NONE',  ( -1124.973277776078930, 217.8992352511637876, 649.2027827927589669 ) ) ;
#3427 = DIRECTION ( 'NONE',  ( 0.000000000000000000, 0.000000000000000000, -1.000000000000000000 ) ) ;
#3428 = CARTESIAN_POINT ( 'NONE',  ( -18.57106850182969282, 109.4446366810177267, 663.2606458076933222 ) ) ;
#3429 = ORIENTED_EDGE ( 'NONE', *, *, #2143, .F. ) ;
#3430 = CARTESIAN_POINT ( 'NONE',  ( -1141.474602524504462, 914.9313843847576209, 154.4679713643622847 ) ) ;
#3431 = VERTEX_POINT ( 'NONE', #278 ) ;
#3432 = FACE_OUTER_BOUND ( 'NONE', #3919, .T. ) ;
#3433 = CARTESIAN_POINT ( 'NONE',  ( -18.83452141737086905, 107.7707389725501912, 696.4414001302751558 ) ) ;
#3434 = AXIS2_PLACEMENT_3D ( 'NONE', #2415, #4585, #6226 ) ;
#3435 = DIRECTION ( 'NONE',  ( -2.498001805406602216E-16, 4.718447854656915297E-16, -1.000000000000000000 ) ) ;
#3436 = CARTESIAN_POINT ( 'NONE',  ( -1126.316734083529127, 179.2671946740140356, 658.0130377552702612 ) ) ;
#3437 = CARTESIAN_POINT ( 'NONE',  ( 7.859200291410730545E-14, 500.0000000000000000, 488.5786437626906604 ) ) ;
#3438 = CARTESIAN_POINT ( 'NONE',  ( -1132.757675635256874, 957.5535908971497747, -144.5178392770708342 ) ) ;
#3439 = EDGE_CURVE ( 'NONE', #1787, #4494, #3172, .T. ) ;
#3440 = AXIS2_PLACEMENT_3D ( 'NONE', #2916, #2963, #9223 ) ;
#3441 = CARTESIAN_POINT ( 'NONE',  ( -1129.373155968930178, 954.0978964320312343, 137.8583818746641612 ) ) ;
#3442 = AXIS2_PLACEMENT_3D ( 'NONE', #2663, #2768, #9073 ) ;
#3443 = AXIS2_PLACEMENT_3D ( 'NONE', #165, #2592, #212 ) ;
#3444 = VERTEX_POINT ( 'NONE', #5959 ) ;
#3445 = DIRECTION ( 'NONE',  ( 0.9959043170553905089, -0.08660037539612093493, 0.02598011261883533679 ) ) ;
#3446 = FACE_BOUND ( 'NONE', #4168, .T. ) ;
#3447 = CARTESIAN_POINT ( 'NONE',  ( -23.33494508948398760, 598.5379755479810910, 535.1674774106896848 ) ) ;
#3448 = CARTESIAN_POINT ( 'NONE',  ( -1133.332566695667538, 920.2262297074245225, -149.8589634229015246 ) ) ;
#3449 = EDGE_CURVE ( 'NONE', #167, #7975, #7277, .T. ) ;
#3450 = CARTESIAN_POINT ( 'NONE',  ( -13.29040501611353520, 588.2829276872034825, 571.6100872470758532 ) ) ;
#3451 = DIRECTION ( 'NONE',  ( 0.7941567930306002721, -0.5634716255418391606, 0.2276284588811120502 ) ) ;
#3452 = VECTOR ( 'NONE', #5869, 1000.000000000000000 ) ;
#3453 = CIRCLE ( 'NONE', #1006, 4.999999999999838352 ) ;
#3454 = CARTESIAN_POINT ( 'NONE',  ( -23.10309297429239095, 599.9811800977042822, -533.4300045710953100 ) ) ;
#3455 = EDGE_LOOP ( 'NONE', ( #6450, #10010 ) ) ;
#3456 = ORIENTED_EDGE ( 'NONE', *, *, #2164, .T. ) ;
#3457 = CARTESIAN_POINT ( 'NONE',  ( -1157.124999543707418, 913.0494837869221101, -169.4674165617262247 ) ) ;
#3458 = AXIS2_PLACEMENT_3D ( 'NONE', #7323, #5102, #9707 ) ;
#3459 = FACE_BOUND ( 'NONE', #5884, .T. ) ;
#3460 = EDGE_LOOP ( 'NONE', ( #5183, #8209, #2971, #8968 ) ) ;
#3461 = ORIENTED_EDGE ( 'NONE', *, *, #2563, .F. ) ;
#3462 = CARTESIAN_POINT ( 'NONE',  ( -1173.750000000000227, 30.00000000000000711, -673.7499999999997726 ) ) ;
#3463 = LINE ( 'NONE', #5739, #4688 ) ;
#3464 = CARTESIAN_POINT ( 'NONE',  ( -480.8667994638531127, 891.3287080863029814, 150.0000000000000284 ) ) ;
#3465 = CARTESIAN_POINT ( 'NONE',  ( -19.42773111234531314, 93.83659607016465998, -695.7381487282278840 ) ) ;
#3466 = CYLINDRICAL_SURFACE ( 'NONE', #6245, 20.00000000000007816 ) ;
#3467 = EDGE_LOOP ( 'NONE', ( #2396, #9983, #9436, #7863 ) ) ;
#3468 = B_SPLINE_CURVE_WITH_KNOTS ( 'NONE', 3,
 ( #3045, #6180, #9358, #724, #5413, #4642, #7791, #3865, #8814, #6327, #2420, #4787, #4005, #1739, #8089, #2515, #8036, #3325, #7063, #4920, #6469, #4743, #7992, #8762, #9494, #1597 ),
 .UNSPECIFIED., .F., .F.,
 ( 4, 2, 2, 2, 2, 2, 2, 2, 2, 2, 2, 2, 4 ),
 ( 0.02376986124618939156, 0.02568690796725431671, 0.02760395468831924187, 0.03143804813044893953, 0.03335509485151390285, 0.03527214157257887311, 0.03718918829364384337, 0.03910623501470880670, 0.04294032845683854599, 0.04485737517790341911, 0.04677442189896828528, 0.05060851534109817029, 0.05444260878322805530 ),
 .UNSPECIFIED. ) ;
#3469 = ORIENTED_EDGE ( 'NONE', *, *, #2879, .F. ) ;
#3470 = DIRECTION ( 'NONE',  ( 0.000000000000000000, 1.000000000000000000, 0.000000000000000000 ) ) ;
#3471 = DIRECTION ( 'NONE',  ( 0.000000000000000000, 0.000000000000000000, -1.000000000000000000 ) ) ;
#3472 = DIRECTION ( 'NONE',  ( 4.753142324176451439E-16, 4.015884846886308424E-16, 1.000000000000000000 ) ) ;
#3473 = CARTESIAN_POINT ( 'NONE',  ( 2.308085168284957309E-14, 600.0000000000000000, 488.5786437626905467 ) ) ;
#3474 = FACE_BOUND ( 'NONE', #5048, .T. ) ;
#3475 = ORIENTED_EDGE ( 'NONE', *, *, #6835, .F. ) ;
#3476 = AXIS2_PLACEMENT_3D ( 'NONE', #104, #3241, #3197 ) ;
#3477 = CARTESIAN_POINT ( 'NONE',  ( -1125.717365040578898, 214.7218232489273930, 644.0266578933628807 ) ) ;
#3478 = VERTEX_POINT ( 'NONE', #5749 ) ;
#3479 = VECTOR ( 'NONE', #4874, 1000.000000000000000 ) ;
#3480 = CARTESIAN_POINT ( 'NONE',  ( -1134.157612104552527, 201.8728761715011331, 630.6601833076003913 ) ) ;
#3481 = EDGE_CURVE ( 'NONE', #7636, #5351, #1530, .T. ) ;
#3482 = CARTESIAN_POINT ( 'NONE',  ( -2.368640898503710806E-14, 577.0000000000002274, -488.5786437626906036 ) ) ;
#3483 = CARTESIAN_POINT ( 'NONE',  ( -24.10452070161932525, 119.1456207511917000, 673.3431539776809132 ) ) ;
#3484 = DIRECTION ( 'NONE',  ( 6.167905692361976222E-15, -1.000000000000000000, 0.000000000000000000 ) ) ;
#3485 = VERTEX_POINT ( 'NONE', #6518 ) ;
#3486 = FILL_AREA_STYLE ('',( #8200 ) ) ;
#3487 = EDGE_CURVE ( 'NONE', #8843, #5014, #49, .T. ) ;
#3488 = VERTEX_POINT ( 'NONE', #5187 ) ;
#3489 = EDGE_CURVE ( 'NONE', #6755, #7415, #8244, .T. ) ;
#3491 = ADVANCED_FACE ( 'NONE', ( #4363, #7299, #440, #3585, #6731, #9128 ), #2054, .F. ) ;
#3490 = CIRCLE ( 'NONE', #4321, 24.99999999999996803 ) ;
#3492 = DIRECTION ( 'NONE',  ( 0.000000000000000000, 0.000000000000000000, 1.000000000000000000 ) ) ;
#3493 = CARTESIAN_POINT ( 'NONE',  ( 0.000000000000000000, 30.00000000000000711, 720.0000000000000000 ) ) ;
#3494 = CARTESIAN_POINT ( 'NONE',  ( -23.36714786490460938, 119.6806612365545703, 688.9068410704618373 ) ) ;
#3495 = CARTESIAN_POINT ( 'NONE',  ( -1127.785881568588138, 214.8873706980921554, 661.4842398584289640 ) ) ;
#3496 = CIRCLE ( 'NONE', #1203, 4.999999999999809930 ) ;
#3497 = DIRECTION ( 'NONE',  ( -0.5106616124301163184, -0.8590958568053637112, 0.03433695400194439890 ) ) ;
#3498 = CARTESIAN_POINT ( 'NONE',  ( -1131.119620240093354, 956.1129624663044524, -141.0113861470005077 ) ) ;
#3499 = VERTEX_POINT ( 'NONE', #3370 ) ;
#3500 = ADVANCED_FACE ( 'NONE', ( #6997 ), #4626, .T. ) ;
#3501 = ORIENTED_EDGE ( 'NONE', *, *, #8500, .T. ) ;
#3502 = ADVANCED_FACE ( 'NONE', ( #10109 ), #551, .T. ) ;
#3503 = CARTESIAN_POINT ( 'NONE',  ( -1129.424032026376608, 925.7584789046085234, -136.7149431255680554 ) ) ;
#3504 = CARTESIAN_POINT ( 'NONE',  ( -1125.502062799411078, 932.1562812018080422, -169.0138540360983370 ) ) ;
#3505 = CARTESIAN_POINT ( 'NONE',  ( -24.76350800314971323, 593.1826969739756805, 533.5018207549228464 ) ) ;
#3506 = CYLINDRICAL_SURFACE ( 'NONE', #4303, 6.000000000000005329 ) ;
#3507 = CARTESIAN_POINT ( 'NONE',  ( -1169.479253022917192, 921.4105948460369291, 169.1583279030404299 ) ) ;
#3508 = CARTESIAN_POINT ( 'NONE',  ( -21.35314494859338197, 86.15589354199279626, 666.9424974795934986 ) ) ;
#3509 = DIRECTION ( 'NONE',  ( 0.000000000000000000, -0.000000000000000000, 1.000000000000000000 ) ) ;
#3510 = AXIS2_PLACEMENT_3D ( 'NONE', #3952, #5598, #4825 ) ;
#3511 = EDGE_CURVE ( 'NONE', #8582, #9824, #8624, .T. ) ;
#3512 = EDGE_LOOP ( 'NONE', ( #4713, #1927, #10091, #6633 ) ) ;
#3513 = CIRCLE ( 'NONE', #1713, 77.00000000000018474 ) ;
#3514 = VERTEX_POINT ( 'NONE', #7776 ) ;
#3515 = VECTOR ( 'NONE', #7798, 1000.000000000000000 ) ;
#3516 = CARTESIAN_POINT ( 'NONE',  ( 9.980836515789735480E-15, 500.0000000000000000, -488.5786437626906604 ) ) ;
#3517 = FACE_OUTER_BOUND ( 'NONE', #9136, .T. ) ;
#3518 = CARTESIAN_POINT ( 'NONE',  ( -1169.489219880764495, 921.4021291035907097, -169.1752869230001863 ) ) ;
#3519 = CLOSED_SHELL ( 'NONE', ( #1519, #27, #6507, #6703, #1672, #3633 ) ) ;
#3520 = AXIS2_PLACEMENT_3D ( 'NONE', #2829, #7635, #7528 ) ;
#3521 = DIRECTION ( 'NONE',  ( 1.000000000000000000, 0.000000000000000000, 4.999362528151271919E-51 ) ) ;
#3522 = CARTESIAN_POINT ( 'NONE',  ( -1134.098368562982159, 958.2900692692095390, -149.8594416870267878 ) ) ;
#3523 = ADVANCED_FACE ( 'NONE', ( #6939, #651 ), #8397, .F. ) ;
#3524 = VERTEX_POINT ( 'NONE', #3692 ) ;
#3525 = CARTESIAN_POINT ( 'NONE',  ( -2.849521228351484073E-13, 30.00000000000000711, 655.0000000000000000 ) ) ;
#3526 = CIRCLE ( 'NONE', #6998, 23.00000000000002132 ) ;
#3527 = DIRECTION ( 'NONE',  ( 1.091107039334787751E-15, -2.115144935513907174E-15, 1.000000000000000000 ) ) ;
#3528 = CARTESIAN_POINT ( 'NONE',  ( -497.8355331034696292, 902.1611680535103233, 165.0562701342697949 ) ) ;
#3529 = CARTESIAN_POINT ( 'NONE',  ( -23.86705048800330786, 118.2121414579820851, -687.5264273237362431 ) ) ;
#3530 = DIRECTION ( 'NONE',  ( -0.7941567930305997169, 0.5634716255418394937, -0.2276284588811126608 ) ) ;
#3531 = VERTEX_POINT ( 'NONE', #706 ) ;
#3532 = ORIENTED_EDGE ( 'NONE', *, *, #6399, .F. ) ;
#3533 = CARTESIAN_POINT ( 'NONE',  ( -23.75000000000033396, 30.00000000000000711, 656.2499999999998863 ) ) ;
#3534 = CARTESIAN_POINT ( 'NONE',  ( -1153.068569719216612, 637.2023310834485983, -549.3126561356373259 ) ) ;
#3535 = CARTESIAN_POINT ( 'NONE',  ( -2.249384499822411256E-14, 575.0000000000002274, -488.5786437626906036 ) ) ;
#3536 = DIRECTION ( 'NONE',  ( 0.000000000000000000, 0.000000000000000000, -1.000000000000000000 ) ) ;
#3537 = DIRECTION ( 'NONE',  ( 1.387778780781444905E-17, -1.588892204119467868E-33, 1.000000000000000000 ) ) ;
#3538 = CARTESIAN_POINT ( 'NONE',  ( -1136.421506971346162, 641.4205628533900381, 550.8328528364196472 ) ) ;
#3539 = EDGE_LOOP ( 'NONE', ( #8307, #184, #3591, #7759 ) ) ;
#3540 = CARTESIAN_POINT ( 'NONE',  ( -1132.173475966848400, 199.2565748784372488, 632.4724454920614107 ) ) ;
#3541 = VECTOR ( 'NONE', #2059, 1000.000000000000000 ) ;
#3542 = EDGE_LOOP ( 'NONE', ( #6674, #8507 ) ) ;
#3543 = CARTESIAN_POINT ( 'NONE',  ( -1125.541657118361627, 217.0952237396736280, 644.8132695439570625 ) ) ;
#3544 = CARTESIAN_POINT ( 'NONE',  ( -18.78805040027555151, 109.9646183648411153, 663.5036206881712815 ) ) ;
#3545 = CARTESIAN_POINT ( 'NONE',  ( 39.99999999999965894, 30.00000000000000711, 640.0000000000000000 ) ) ;
#3546 = VERTEX_POINT ( 'NONE', #5396 ) ;
#3547 = FACE_OUTER_BOUND ( 'NONE', #5109, .T. ) ;
#3548 = VERTEX_POINT ( 'NONE', #6838 ) ;
#3549 = STYLED_ITEM ( 'NONE', ( #5760 ), #4391 ) ;
#3550 = DIRECTION ( 'NONE',  ( 0.000000000000000000, 0.000000000000000000, 1.000000000000000000 ) ) ;
#3551 = CARTESIAN_POINT ( 'NONE',  ( -1130.549743603442494, 190.4728336619741924, -634.2908067219535724 ) ) ;
#3552 = LINE ( 'NONE', #5820, #9742 ) ;
#3553 = CARTESIAN_POINT ( 'NONE',  ( -1135.031507055077327, 194.7433219712362131, 670.0249952903644726 ) ) ;
#3554 = CARTESIAN_POINT ( 'NONE',  ( -1150.000000000000227, 39.99999999999997868, -627.0000000000011369 ) ) ;
#3555 = CARTESIAN_POINT ( 'NONE',  ( -1127.695644517811843, 951.4796204089628873, -135.0503708065809576 ) ) ;
#3556 = ORIENTED_EDGE ( 'NONE', *, *, #7634, .T. ) ;
#3557 = CIRCLE ( 'NONE', #9828, 4.999999999999838352 ) ;
#3558 = ORIENTED_EDGE ( 'NONE', *, *, #3122, .F. ) ;
#3559 = CARTESIAN_POINT ( 'NONE',  ( -1125.765851389973022, 943.3698503280448904, -169.1163744217386977 ) ) ;
#3560 = CARTESIAN_POINT ( 'NONE',  ( -22.95569870725945449, 565.9625979787273309, 549.9500965551713989 ) ) ;
#3561 = CARTESIAN_POINT ( 'NONE',  ( -2.880137398330167607E-13, 40.00000000000000000, 680.0000000000000000 ) ) ;
#3562 = STYLED_ITEM ( 'NONE', ( #3028 ), #940 ) ;
#3563 = VECTOR ( 'NONE', #2511, 1000.000000000000000 ) ;
#3564 = CARTESIAN_POINT ( 'NONE',  ( -499.1254599643482379, 905.2936680291251150, -166.4064321273546057 ) ) ;
#3565 = ADVANCED_FACE ( 'NONE', ( #9956 ), #9111, .F. ) ;
#3566 = CARTESIAN_POINT ( 'NONE',  ( -16.30279642157513464, 109.0515073023397434, 661.0433628712924019 ) ) ;
#3567 = DIRECTION ( 'NONE',  ( 0.000000000000000000, 0.000000000000000000, -1.000000000000000000 ) ) ;
#3568 = ORIENTED_EDGE ( 'NONE', *, *, #2076, .F. ) ;
#3569 = ORIENTED_EDGE ( 'NONE', *, *, #2386, .T. ) ;
#3570 = CARTESIAN_POINT ( 'NONE',  ( -496.7697857455963799, 900.3357009989360904, 136.2692364855142273 ) ) ;
#3571 = CARTESIAN_POINT ( 'NONE',  ( -12.86826468380150779, 585.4783024096994950, -574.8434274410188891 ) ) ;
#3572 = CARTESIAN_POINT ( 'NONE',  ( -1171.706300494354991, 924.8988437225120833, -167.0441626320722150 ) ) ;
#3573 = DIRECTION ( 'NONE',  ( -1.000000000000000000, 0.000000000000000000, 0.000000000000000000 ) ) ;
#3574 = ORIENTED_EDGE ( 'NONE', *, *, #6388, .T. ) ;
#3575 = ORIENTED_EDGE ( 'NONE', *, *, #2496, .T. ) ;
#3576 = CARTESIAN_POINT ( 'NONE',  ( -1143.260432228915988, 681.9960369225636896, -514.7862048762066252 ) ) ;
#3577 = CARTESIAN_POINT ( 'NONE',  ( -1132.522702452542035, 206.5817826174132676, -632.1204515536163626 ) ) ;
#3578 = DIRECTION ( 'NONE',  ( 0.000000000000000000, -1.000000000000000000, 0.000000000000000000 ) ) ;
#3579 = DIRECTION ( 'NONE',  ( 0.000000000000000000, 0.000000000000000000, -1.000000000000000000 ) ) ;
#3580 = CIRCLE ( 'NONE', #8707, 6.000000000000005329 ) ;
#3581 = EDGE_CURVE ( 'NONE', #7304, #487, #3640, .T. ) ;
#3582 = ORIENTED_EDGE ( 'NONE', *, *, #479, .T. ) ;
#3583 = DIRECTION ( 'NONE',  ( 0.000000000000000000, 0.000000000000000000, -1.000000000000000000 ) ) ;
#3584 = CYLINDRICAL_SURFACE ( 'NONE', #9764, 6.000000000000116351 ) ;
#3585 = FACE_BOUND ( 'NONE', #8674, .T. ) ;
#3586 = DIRECTION ( 'NONE',  ( 0.000000000000000000, 0.000000000000000000, 1.000000000000000000 ) ) ;
#3587 = CARTESIAN_POINT ( 'NONE',  ( -1149.999999999999545, -804.6428199482242007, 0.000000000000000000 ) ) ;
#3589 = CARTESIAN_POINT ( 'NONE',  ( -1128.906230869341243, 650.7994249222216467, 553.0680389656257603 ) ) ;
#3588 = PRESENTATION_LAYER_ASSIGNMENT (  '', '', ( #7550 ) ) ;
#3590 = ADVANCED_FACE ( 'NONE', ( #2870 ), #7672, .T. ) ;
#3591 = ORIENTED_EDGE ( 'NONE', *, *, #2606, .F. ) ;
#3592 = CARTESIAN_POINT ( 'NONE',  ( -1126.132222876937476, 181.7866396619924387, 642.4746678442228358 ) ) ;
#3593 = ORIENTED_EDGE ( 'NONE', *, *, #7952, .F. ) ;
#3594 = CARTESIAN_POINT ( 'NONE',  ( -1133.299621294910821, 204.7883121024115098, 631.3940168998107083 ) ) ;
#3595 = CARTESIAN_POINT ( 'NONE',  ( -2.645478731326589813E-14, 554.4472221513642580, -543.0258659140548616 ) ) ;
#3596 = CARTESIAN_POINT ( 'NONE',  ( 0.000000000000000000, 30.00000000000000711, 640.0000000000000000 ) ) ;
#3597 = CARTESIAN_POINT ( 'NONE',  ( 0.000000000000000000, 40.00000000000000000, 640.0000000000000000 ) ) ;
#3598 = DIRECTION ( 'NONE',  ( 0.000000000000000000, 0.000000000000000000, -1.000000000000000000 ) ) ;
#3599 = EDGE_LOOP ( 'NONE', ( #7332, #9056 ) ) ;
#3600 = CARTESIAN_POINT ( 'NONE',  ( -23.33935591309919033, 86.69572087389477133, 689.0171635031022106 ) ) ;
#3601 = CARTESIAN_POINT ( 'NONE',  ( -15.98544860075419649, 105.2262555333988843, 699.2228504114114003 ) ) ;
#3602 = CARTESIAN_POINT ( 'NONE',  ( -1126.421781016899331, 179.4009961733755176, 658.3167615524392886 ) ) ;
#3603 = DIRECTION ( 'NONE',  ( 0.000000000000000000, -2.220446049250311109E-15, 1.000000000000000000 ) ) ;
#3604 = CARTESIAN_POINT ( 'NONE',  ( -1125.069066547162720, 938.5469244747397397, -129.8560032193253733 ) ) ;
#3605 = EDGE_LOOP ( 'NONE', ( #2146, #3424, #9082, #2876 ) ) ;
#3606 = CARTESIAN_POINT ( 'NONE',  ( -489.9870329623054204, 928.6680326343278011, -143.5911645729479460 ) ) ;
#3607 = VERTEX_POINT ( 'NONE', #9232 ) ;
#3608 = CARTESIAN_POINT ( 'NONE',  ( -1135.510698040727220, 918.3590964609394405, -151.2397722358483065 ) ) ;
#3609 = CARTESIAN_POINT ( 'NONE',  ( -24.97570007280393156, 590.7918580127765154, 533.4220518273341440 ) ) ;
#3610 = CARTESIAN_POINT ( 'NONE',  ( -1458.041541306736235, 345.0000000000000000, -188.6010951158150704 ) ) ;
#3611 = CIRCLE ( 'NONE', #6092, 25.00000000000002842 ) ;
#3612 = AXIS2_PLACEMENT_3D ( 'NONE', #1719, #951, #4175 ) ;
#3613 = CARTESIAN_POINT ( 'NONE',  ( -1168.874465019031959, 920.6476078178552598, 169.5292899284223722 ) ) ;
#3614 = CARTESIAN_POINT ( 'NONE',  ( -18.64867363043404325, 113.4958444499683878, 663.3437389573052769 ) ) ;
#3615 = EDGE_CURVE ( 'NONE', #6186, #5367, #8553, .T. ) ;
#3616 = CARTESIAN_POINT ( 'NONE',  ( -1443.041541306736235, 334.9999999999999432, 143.6010951158156104 ) ) ;
#3617 = AXIS2_PLACEMENT_3D ( 'NONE', #2362, #6410, #8656 ) ;
#3618 = EDGE_LOOP ( 'NONE', ( #4454, #8196, #5815, #9609 ) ) ;
#3619 = ORIENTED_EDGE ( 'NONE', *, *, #10178, .T. ) ;
#3620 = CARTESIAN_POINT ( 'NONE',  ( -489.8141992437509771, 893.8605039619538957, 147.5169385952912364 ) ) ;
#3621 = SURFACE_STYLE_FILL_AREA ( #7605 ) ;
#3622 = EDGE_CURVE ( 'NONE', #6701, #4218, #3835, .T. ) ;
#3623 = ADVANCED_FACE ( 'NONE', ( #6163 ), #8503, .T. ) ;
#3624 = AXIS2_PLACEMENT_3D ( 'NONE', #2109, #2662, #6015 ) ;
#3625 = EDGE_CURVE ( 'NONE', #4097, #7799, #6138, .T. ) ;
#3626 = DIRECTION ( 'NONE',  ( 0.000000000000000000, -0.6207195780577415833, 0.7840326558350865227 ) ) ;
#3627 = LINE ( 'NONE', #6982, #7908 ) ;
#3628 = DIRECTION ( 'NONE',  ( -1.698300684540295726E-17, 1.000000000000000000, -0.000000000000000000 ) ) ;
#3629 = CARTESIAN_POINT ( 'NONE',  ( -1149.999999999999773, 2.373933397088356583E-11, 624.9999999999995453 ) ) ;
#3630 = ORIENTED_EDGE ( 'NONE', *, *, #9680, .T. ) ;
#3631 =( BOUNDED_CURVE ( )  B_SPLINE_CURVE ( 3, ( #6599, #5005, #2543, #4811 ),
 .UNSPECIFIED., .F., .F. ) 
 B_SPLINE_CURVE_WITH_KNOTS ( ( 4, 4 ),
 ( 1.570796326794896114, 4.712388980384689674 ),
 .UNSPECIFIED. ) 
 CURVE ( )  GEOMETRIC_REPRESENTATION_ITEM ( )  RATIONAL_B_SPLINE_CURVE ( ( 1.000000000000000000, 0.3333333333333332038, 0.3333333333333332038, 1.000000000000000000 ) ) 
 REPRESENTATION_ITEM ( '' )  );
#3632 = CARTESIAN_POINT ( 'NONE',  ( -1147.061411908127866, 682.8131429976641584, -513.1843810786490394 ) ) ;
#3633 = ADVANCED_FACE ( 'NONE', ( #9387 ), #5347, .F. ) ;
#3634 = CARTESIAN_POINT ( 'NONE',  ( -500.0430627306078577, 912.6323580242456046, 131.9543022075174861 ) ) ;
#3635 = CARTESIAN_POINT ( 'NONE',  ( -1157.709884766958339, 916.4158003102153316, 133.3198847651207188 ) ) ;
#3636 = ORIENTED_EDGE ( 'NONE', *, *, #4586, .T. ) ;
#3637 = ORIENTED_EDGE ( 'NONE', *, *, #7184, .F. ) ;
#3638 = CARTESIAN_POINT ( 'NONE',  ( -480.0430627306076872, 911.3117373309971754, 302.7158385259953093 ) ) ;
#3639 = DIRECTION ( 'NONE',  ( 1.000000000000000000, 0.000000000000000000, 0.000000000000000000 ) ) ;
#3640 = LINE ( 'NONE', #10161, #3318 ) ;
#3641 = DIRECTION ( 'NONE',  ( -1.000000000000000000, 0.000000000000000000, 0.000000000000000000 ) ) ;
#3642 = CARTESIAN_POINT ( 'NONE',  ( 0.000000000000000000, 40.00000000000000000, 0.000000000000000000 ) ) ;
#3643 = DIRECTION ( 'NONE',  ( 0.000000000000000000, 1.000000000000000000, 0.000000000000000000 ) ) ;
#3644 = ORIENTED_EDGE ( 'NONE', *, *, #9780, .F. ) ;
#3645 = CARTESIAN_POINT ( 'NONE',  ( -1133.996979519528395, 205.4840123103281542, -669.2104133657072680 ) ) ;
#3646 = ORIENTED_EDGE ( 'NONE', *, *, #9207, .T. ) ;
#3647 = CARTESIAN_POINT ( 'NONE',  ( -1126.924741995048407, 180.7584265022543093, 640.3611375476870080 ) ) ;
#3648 = CARTESIAN_POINT ( 'NONE',  ( -1131.216819682003916, 190.0468099421267425, 666.5019164589240290 ) ) ;
#3649 = PLANE ( 'NONE',  #5824 ) ;
#3650 = CARTESIAN_POINT ( 'NONE',  ( -1125.000000000000000, 660.0000000000000000, 562.9128703017762518 ) ) ;
#3651 = EDGE_CURVE ( 'NONE', #7644, #7548, #5444, .T. ) ;
#3652 = CARTESIAN_POINT ( 'NONE',  ( -1150.000000000000227, 515.2069385598407507, -675.0000000000015916 ) ) ;
#3653 = ORIENTED_EDGE ( 'NONE', *, *, #8566, .T. ) ;
#3654 = CARTESIAN_POINT ( 'NONE',  ( 9.980836515789735480E-15, 500.0000000000000000, -488.5786437626906604 ) ) ;
#3655 = CARTESIAN_POINT ( 'NONE',  ( -1125.009595787835678, 179.7589966031966924, -650.6926018427853933 ) ) ;
#3656 = CARTESIAN_POINT ( 'NONE',  ( -1150.000000000000000, 910.0000000000381988, 349.9999999998139515 ) ) ;
#3657 = CARTESIAN_POINT ( 'NONE',  ( -1125.184010191037487, 217.7701497940354045, 653.0476772406508417 ) ) ;
#3658 = CARTESIAN_POINT ( 'NONE',  ( -18.78087586048541624, 89.62500834541313566, -663.4911538147260899 ) ) ;
#3660 = CARTESIAN_POINT ( 'NONE',  ( -1126.619704427613442, 931.5713518116157275, -130.9023839472816917 ) ) ;
#3659 = VECTOR ( 'NONE', #7893, 1000.000000000000000 ) ;
#3661 = ORIENTED_EDGE ( 'NONE', *, *, #3581, .T. ) ;
#3662 = CARTESIAN_POINT ( 'NONE',  ( -499.0015649942457117, 917.7131326322770519, -132.6152863893217955 ) ) ;
#3663 = CIRCLE ( 'NONE', #7962, 22.99999999999998934 ) ;
#3664 = EDGE_LOOP ( 'NONE', ( #4245, #3977, #5171, #656, #2234, #6722 ) ) ;
#3665 = CIRCLE ( 'NONE', #4816, 24.99999999999996803 ) ;
#3666 = CARTESIAN_POINT ( 'NONE',  ( -1146.347579301841051, 682.7097753964148978, 513.3873157787452328 ) ) ;
#3667 = FACE_OUTER_BOUND ( 'NONE', #6018, .T. ) ;
#3668 = CARTESIAN_POINT ( 'NONE',  ( -1174.349892816519741, 933.1918901008183411, -150.4594289888709113 ) ) ;
#3669 = B_SPLINE_CURVE_WITH_KNOTS ( 'NONE', 3,
 ( #9607, #3390, #5720, #4118, #3342, #6488, #8880, #1805, #2684, #4938, #8104, #1037, #1856, #7368, #3441, #1656, #4897, #6540, #9658, #8881, #4804, #8059, #8007, #1808, #4939, #155, #7963, #8106, #1038, #4167, #251, #3393, #7174, #4069, #8159, #4217, #9704, #2634, #3247, #5772, #1858, #892, #1091, #8732, #9553, #4992, #111, #5678, #7370, #6391, #303, #8779, #9608, #2438, #5572, #2484, #5621, #1708, #4849, #943 ),
 .UNSPECIFIED., .F., .F.,
 ( 4, 2, 2, 2, 2, 2, 2, 2, 2, 2, 2, 2, 2, 2, 2, 2, 2, 2, 2, 2, 2, 2, 2, 2, 2, 2, 2, 2, 2, 4 ),
 ( 0.06838315027298680349, 0.06941861058973740339, 0.07045407090648800330, 0.07252499153998914760, 0.07459591217349030579, 0.07666683280699146397, 0.08080867407399378033, 0.08287959470749488300, 0.08495051534099598567, 0.08909235660799819101, 0.09116327724149954348, 0.09219873755825035155, 0.09323419787500115963, 0.09737603914200461397, 0.1015178804090080683, 0.1025533407257589319, 0.1035888010425097955, 0.1056597216760113145, 0.1077306423095128474, 0.1087661026262638497, 0.1098015629430148660, 0.1139434042100202771, 0.1180852454770256743, 0.1201561661105283452, 0.1222270867440310160, 0.1263689280110364688, 0.1284398486445391396, 0.1305107692780418382, 0.1325816899115445091, 0.1346526105450472077 ),
 .UNSPECIFIED. ) ;
#3670 = VECTOR ( 'NONE', #2280, 1000.000000000000000 ) ;
#3671 = CARTESIAN_POINT ( 'NONE',  ( -1164.449919422144376, 916.4982840425146833, 170.7740164130691767 ) ) ;
#3672 = CARTESIAN_POINT ( 'NONE',  ( -15.27814028978370153, 96.38762585260747073, 660.2094460146887513 ) ) ;
#3673 = FACE_OUTER_BOUND ( 'NONE', #853, .T. ) ;
#3674 = AXIS2_PLACEMENT_3D ( 'NONE', #7217, #7426, #352 ) ;
#3675 = EDGE_LOOP ( 'NONE', ( #1671, #8199, #4746, #1108 ) ) ;
#3676 = VERTEX_POINT ( 'NONE', #3792 ) ;
#3677 = CARTESIAN_POINT ( 'NONE',  ( -1125.426187606441317, 932.7325717577326714, 167.1092880253515318 ) ) ;
#3678 =( NAMED_UNIT ( * ) PLANE_ANGLE_UNIT ( ) SI_UNIT ( $, .RADIAN. ) );
#3679 = CARTESIAN_POINT ( 'NONE',  ( -18.97078320475542057, 603.2900730547685271, -542.0095641955867904 ) ) ;
#3680 = EDGE_CURVE ( 'NONE', #4740, #5525, #2498, .T. ) ;
#3681 = DIRECTION ( 'NONE',  ( 1.065464638161417581E-15, 0.7071067811865467956, 0.7071067811865482389 ) ) ;
#3682 = FACE_BOUND ( 'NONE', #2334, .T. ) ;
#3683 = CARTESIAN_POINT ( 'NONE',  ( -1163.927923954313883, 678.3184065247880881, -521.9148869569239650 ) ) ;
#3684 = AXIS2_PLACEMENT_3D ( 'NONE', #2810, #227, #8233 ) ;
#3685 = CARTESIAN_POINT ( 'NONE',  ( -1134.431990794203102, 197.3841388461881934, -630.4388323730069033 ) ) ;
#3686 = EDGE_CURVE ( 'NONE', #8601, #5419, #2453, .T. ) ;
#3687 = CARTESIAN_POINT ( 'NONE',  ( -1458.041541306736235, 345.0000000000000000, -153.6010951158152409 ) ) ;
#3688 = CIRCLE ( 'NONE', #2533, 4.999999999999809930 ) ;
#3689 = EDGE_LOOP ( 'NONE', ( #8143, #6908, #7360, #6039, #7353 ) ) ;
#3690 = CARTESIAN_POINT ( 'NONE',  ( -2.942733134631078957E-13, 408.5786437626904899, 680.0000000000000000 ) ) ;
#3691 = CYLINDRICAL_SURFACE ( 'NONE', #7446, 4.999999999999838352 ) ;
#3692 = CARTESIAN_POINT ( 'NONE',  ( -40.00000000000028422, 40.00000000000000000, -720.0000000000000000 ) ) ;
#3693 = AXIS2_PLACEMENT_3D ( 'NONE', #129, #1110, #9577 ) ;
#3694 = CIRCLE ( 'NONE', #9313, 6.000000000000005329 ) ;
#3695 = CARTESIAN_POINT ( 'NONE',  ( -15.62004469206290658, 99.48905414093059107, -699.5196314718814392 ) ) ;
#3696 = SURFACE_STYLE_USAGE ( .BOTH. , #5398 ) ;
#3697 = ORIENTED_EDGE ( 'NONE', *, *, #6812, .F. ) ;
#3698 = CARTESIAN_POINT ( 'NONE',  ( -1149.999999999999545, 577.2788963656200849, 628.4032655834930665 ) ) ;
#3699 = ORIENTED_EDGE ( 'NONE', *, *, #8680, .F. ) ;
#3700 = CARTESIAN_POINT ( 'NONE',  ( -1124.990379429388213, 177.7497784188769003, 650.0037490407800078 ) ) ;
#3701 = CARTESIAN_POINT ( 'NONE',  ( -1125.026560130663256, 179.7604717634425811, 651.3047079018201657 ) ) ;
#3702 = CARTESIAN_POINT ( 'NONE',  ( 0.000000000000000000, 334.9999999999999432, 0.000000000000000000 ) ) ;
#3703 = EDGE_CURVE ( 'NONE', #6755, #344, #3165, .T. ) ;
#3704 = DIRECTION ( 'NONE',  ( -1.000000000000000000, -1.698300684540304970E-17, 0.000000000000000000 ) ) ;
#3705 = CARTESIAN_POINT ( 'NONE',  ( -1143.493341476338856, 914.6472499256043420, -150.4654232975368586 ) ) ;
#3706 = ORIENTED_EDGE ( 'NONE', *, *, #3966, .T. ) ;
#3707 = DIRECTION ( 'NONE',  ( 0.000000000000000000, 0.000000000000000000, -1.000000000000000000 ) ) ;
#3708 = CARTESIAN_POINT ( 'NONE',  ( -25.00000000000030198, 84.13686834593515584, 680.5999059831258364 ) ) ;
#3709 = FACE_OUTER_BOUND ( 'NONE', #2287, .T. ) ;
#3710 = DIRECTION ( 'NONE',  ( -1.000000000000000000, 0.000000000000000000, 0.000000000000000000 ) ) ;
#3711 = DIRECTION ( 'NONE',  ( -0.000000000000000000, 1.000000000000000000, -0.000000000000000000 ) ) ;
#3712 = CARTESIAN_POINT ( 'NONE',  ( -1158.597415971403734, 916.8858963968514217, 131.0087198319974107 ) ) ;
#3713 = ORIENTED_EDGE ( 'NONE', *, *, #8500, .F. ) ;
#3714 = CARTESIAN_POINT ( 'NONE',  ( -489.3710608779612699, 929.0067078364335202, -144.7070733426212996 ) ) ;
#3715 = AXIS2_PLACEMENT_3D ( 'NONE', #603, #4676, #765 ) ;
#3716 = ORIENTED_EDGE ( 'NONE', *, *, #8680, .T. ) ;
#3717 = CARTESIAN_POINT ( 'NONE',  ( -1158.557075845471218, 681.3536085759639036, 516.0415178329723176 ) ) ;
#3718 = ADVANCED_FACE ( 'NONE', ( #958 ), #6455, .F. ) ;
#3719 = CARTESIAN_POINT ( 'NONE',  ( -22.53558901392934644, 562.6386696882823344, -552.0338292271770797 ) ) ;
#3720 = CARTESIAN_POINT ( 'NONE',  ( -23.96999147455697354, 565.6887507640593640, -554.2673945267500812 ) ) ;
#3721 = CARTESIAN_POINT ( 'NONE',  ( -1128.359207936636494, 952.3952338545489056, -138.9724382992793323 ) ) ;
#3722 = CARTESIAN_POINT ( 'NONE',  ( -499.4498859378807083, 906.4403663422448290, -166.8244585499482753 ) ) ;
#3723 = CARTESIAN_POINT ( 'NONE',  ( -16.03875600883295149, 108.4393060483870670, 660.8204670703345300 ) ) ;
#3724 = CARTESIAN_POINT ( 'NONE',  ( -489.9870329623050225, 928.6680326343275738, 156.1339062921487653 ) ) ;
#3725 = VERTEX_POINT ( 'NONE', #762 ) ;
#3726 = ORIENTED_EDGE ( 'NONE', *, *, #5951, .T. ) ;
#3727 = CARTESIAN_POINT ( 'NONE',  ( -1125.173262736075003, 940.3152426073672814, 167.7162170408225847 ) ) ;
#3728 = TOROIDAL_SURFACE ( 'NONE', #110, 99.99999999999920419, 23.00000000000000711 ) ;
#3729 = CARTESIAN_POINT ( 'NONE',  ( -24.25819917963101702, 595.8326118776737985, -534.0056851666911371 ) ) ;
#3730 = DIRECTION ( 'NONE',  ( -1.000000000000000000, 1.110223024625143327E-15, -1.110223024625143327E-15 ) ) ;
#3731 = LINE ( 'NONE', #2153, #5099 ) ;
#3732 = CARTESIAN_POINT ( 'NONE',  ( -1482.101636300528526, 345.0000000000000568, 209.2547308487285989 ) ) ;
#3733 = CARTESIAN_POINT ( 'NONE',  ( -1165.290422797383826, 677.1850590814638053, -524.0767955383888648 ) ) ;
#3734 = CARTESIAN_POINT ( 'NONE',  ( -1133.622017691015117, 193.3521567021303724, -631.1103368295410974 ) ) ;
#3735 = CARTESIAN_POINT ( 'NONE',  ( -1563.041541306736235, 334.9999999999999432, 203.6010951158155535 ) ) ;
#3736 = ORIENTED_EDGE ( 'NONE', *, *, #5961, .F. ) ;
#3737 = CARTESIAN_POINT ( 'NONE',  ( -1125.994189254843377, 944.4367367688266768, -166.6561992417705653 ) ) ;
#3738 = CARTESIAN_POINT ( 'NONE',  ( -1548.041541306736235, 334.9999999999999432, 188.6010951158155819 ) ) ;
#3739 = DIRECTION ( 'NONE',  ( -1.000000000000000000, 0.000000000000000000, -4.625929269271490844E-16 ) ) ;
#3740 = DIRECTION ( 'NONE',  ( 0.000000000000000000, 1.000000000000000000, 0.000000000000000000 ) ) ;
#3741 =( LENGTH_UNIT ( ) NAMED_UNIT ( * ) SI_UNIT ( .MILLI., .METRE. ) );
#3742 = CARTESIAN_POINT ( 'NONE',  ( -25.00108271180619823, 82.09853522604363718, -679.7411589374175946 ) ) ;
#3743 = CARTESIAN_POINT ( 'NONE',  ( -1150.000000000000227, 515.2069385598298368, -549.9999999999982947 ) ) ;
#3744 = ORIENTED_EDGE ( 'NONE', *, *, #7158, .T. ) ;
#3745 = DIRECTION ( 'NONE',  ( -9.733805423170623998E-15, -0.7840326558349542951, 0.6207195780579085609 ) ) ;
#3746 = FACE_OUTER_BOUND ( 'NONE', #2313, .T. ) ;
#3747 = CARTESIAN_POINT ( 'NONE',  ( -1133.106437707942405, 199.3630702574623683, 668.4284493379897185 ) ) ;
#3748 = CARTESIAN_POINT ( 'NONE',  ( -25.00000000000029488, 84.11641109784304149, 680.0000000000000000 ) ) ;
#3749 = FACE_OUTER_BOUND ( 'NONE', #1008, .T. ) ;
#3750 = ADVANCED_FACE ( 'NONE', ( #3895 ), #4672, .F. ) ;
#3751 = FACE_BOUND ( 'NONE', #7706, .T. ) ;
#3752 = EDGE_LOOP ( 'NONE', ( #1221, #5047, #4599, #5911 ) ) ;
#3753 = AXIS2_PLACEMENT_3D ( 'NONE', #1872, #5225, #5942 ) ;
#3754 = CARTESIAN_POINT ( 'NONE',  ( -1126.250000000000455, 40.00000000000000000, 679.7499999999998863 ) ) ;
#3755 = CARTESIAN_POINT ( 'NONE',  ( -22.08149303814005293, 88.69217598391158219, 691.7321411833227103 ) ) ;
#3756 = CARTESIAN_POINT ( 'NONE',  ( -23.75000000000028066, 40.00000000000000000, -703.7500000000000000 ) ) ;
#3757 = DIRECTION ( 'NONE',  ( 0.000000000000000000, 1.000000000000000000, 0.000000000000000000 ) ) ;
#3758 = EDGE_CURVE ( 'NONE', #2246, #1299, #5500, .T. ) ;
#3759 = CARTESIAN_POINT ( 'NONE',  ( -20.73826655316690548, 86.92838595433269688, -665.9964398172892288 ) ) ;
#3761 = EDGE_CURVE ( 'NONE', #7380, #517, #8474, .T. ) ;
#3760 = CARTESIAN_POINT ( 'NONE',  ( -1171.293083063828590, 927.0169392221104090, 134.7375214546351287 ) ) ;
#3762 = ORIENTED_EDGE ( 'NONE', *, *, #3366, .T. ) ;
#3763 = CARTESIAN_POINT ( 'NONE',  ( -488.0121001770309590, 929.6555221688516895, -149.7268581015163988 ) ) ;
#3764 = ORIENTED_EDGE ( 'NONE', *, *, #7297, .T. ) ;
#3765 = ADVANCED_FACE ( 'NONE', ( #4772 ), #4727, .F. ) ;
#3766 = ORIENTED_EDGE ( 'NONE', *, *, #2307, .T. ) ;
#3767 = CARTESIAN_POINT ( 'NONE',  ( -1135.552810982109804, 677.8999959445303602, 522.7146398338455811 ) ) ;
#3768 = DIRECTION ( 'NONE',  ( 0.000000000000000000, 0.000000000000000000, -1.000000000000000000 ) ) ;
#3769 = DIRECTION ( 'NONE',  ( -0.000000000000000000, 1.000000000000000000, -0.000000000000000000 ) ) ;
#3770 = COLOUR_RGB ( '',0.6470588235294117974, 0.6196078431372549211, 0.5882352941176470784 ) ;
#3771 = LINE ( 'NONE', #3003, #4353 ) ;
#3772 = CARTESIAN_POINT ( 'NONE',  ( -24.94020956747142392, 84.13200537482265418, 678.1667068986687354 ) ) ;
#3773 = CARTESIAN_POINT ( 'NONE',  ( -495.6341478344754705, 923.8503635208568312, 163.5268295524505788 ) ) ;
#3774 = EDGE_LOOP ( 'NONE', ( #4194, #4413, #2757, #1567 ) ) ;
#3775 = ORIENTED_EDGE ( 'NONE', *, *, #1195, .T. ) ;
#3776 = CARTESIAN_POINT ( 'NONE',  ( -1125.013428715298232, 938.1665366729924926, 167.8683165799257324 ) ) ;
#3777 =( NAMED_UNIT ( * ) PLANE_ANGLE_UNIT ( ) SI_UNIT ( $, .RADIAN. ) );
#3778 = CARTESIAN_POINT ( 'NONE',  ( -24.87754052263609594, 592.1558457368096242, -533.4326879233738055 ) ) ;
#3779 = CARTESIAN_POINT ( 'NONE',  ( -12.39588558054660616, 586.0622581786029741, 574.6409019412936914 ) ) ;
#3780 = CYLINDRICAL_SURFACE ( 'NONE', #5928, 17.99999999999999645 ) ;
#3781 = PLANE ( 'NONE',  #4696 ) ;
#3782 = AXIS2_PLACEMENT_3D ( 'NONE', #8741, #5626, #3210 ) ;
#3783 = CARTESIAN_POINT ( 'NONE',  ( 25.00000000000003197, 600.0000000000000000, 488.5786437626905467 ) ) ;
#3784 = CARTESIAN_POINT ( 'NONE',  ( -1125.002914301363035, 217.8647646004661453, -649.2057535524493233 ) ) ;
#3785 = VECTOR ( 'NONE', #8124, 1000.000000000000000 ) ;
#3786 = DIRECTION ( 'NONE',  ( 1.000000000000000000, 0.000000000000000000, -2.071647322355158349E-38 ) ) ;
#3787 = EDGE_CURVE ( 'NONE', #8349, #6422, #5590, .T. ) ;
#3788 = ORIENTED_EDGE ( 'NONE', *, *, #10024, .T. ) ;
#3789 = EDGE_CURVE ( 'NONE', #2658, #8882, #7191, .T. ) ;
#3790 = CARTESIAN_POINT ( 'NONE',  ( -1150.000000000000000, 909.9999999999622560, -350.0000000001863327 ) ) ;
#3791 = CYLINDRICAL_SURFACE ( 'NONE', #2675, 18.00000000000000000 ) ;
#3792 = CARTESIAN_POINT ( 'NONE',  ( 39.99999999999971578, 40.00000000000000000, -640.0000000000000000 ) ) ;
#3793 = CARTESIAN_POINT ( 'NONE',  ( -16.07315346673559375, 97.11754205792472305, -699.1492259057059755 ) ) ;
#3794 = FACE_OUTER_BOUND ( 'NONE', #9913, .T. ) ;
#3795 = ORIENTED_EDGE ( 'NONE', *, *, #6852, .F. ) ;
#3796 = CARTESIAN_POINT ( 'NONE',  ( -1125.111362412592143, 180.0290564485902109, 647.6231725079364878 ) ) ;
#3797 = CARTESIAN_POINT ( 'NONE',  ( -1126.277578027382106, 179.7869657854959371, 642.1040846686549912 ) ) ;
#3798 = CARTESIAN_POINT ( 'NONE',  ( -1125.189646678092686, 179.9315783191797209, 653.1339094545921853 ) ) ;
#3799 = DIRECTION ( 'NONE',  ( -1.000000000000000000, 1.110223024625143327E-15, -1.110223024625143327E-15 ) ) ;
#3800 = CARTESIAN_POINT ( 'NONE',  ( -21.81006037696487709, 562.8405423136593981, 549.8610448305264526 ) ) ;
#3801 = VECTOR ( 'NONE', #8519, 999.9999999999998863 ) ;
#3802 = DIRECTION ( 'NONE',  ( 0.000000000000000000, -1.000000000000000000, 0.000000000000000000 ) ) ;
#3803 = VERTEX_POINT ( 'NONE', #2497 ) ;
#3804 = CARTESIAN_POINT ( 'NONE',  ( 3.038872858745769746E-14, 408.5786437626904899, 580.0000000000001137 ) ) ;
#3805 =( LENGTH_UNIT ( ) NAMED_UNIT ( * ) SI_UNIT ( .MILLI., .METRE. ) );
#3806 = CARTESIAN_POINT ( 'NONE',  ( -16.05958122283421829, 97.16940468467564074, 699.1605569713861996 ) ) ;
#3807 = CARTESIAN_POINT ( 'NONE',  ( -1143.460369148313930, 914.7657605130375487, -149.2088021265586235 ) ) ;
#3808 = DIRECTION ( 'NONE',  ( -1.000000000000000000, 0.000000000000000000, 0.000000000000000000 ) ) ;
#3809 = CARTESIAN_POINT ( 'NONE',  ( -1126.250000000000455, 30.00000000000000711, 673.7499999999996589 ) ) ;
#3810 = ORIENTED_EDGE ( 'NONE', *, *, #6538, .T. ) ;
#3811 = EDGE_CURVE ( 'NONE', #9132, #6834, #10141, .T. ) ;
#3812 = AXIS2_PLACEMENT_3D ( 'NONE', #9986, #10190, #6816 ) ;
#3813 = CARTESIAN_POINT ( 'NONE',  ( -1526.308102424745812, 344.9999999999999432, 174.0095457017271769 ) ) ;
#3814 = ORIENTED_EDGE ( 'NONE', *, *, #625, .F. ) ;
#3815 = ADVANCED_FACE ( 'NONE', ( #5734 ), #5841, .T. ) ;
#3816 = EDGE_CURVE ( 'NONE', #5275, #6899, #1792, .T. ) ;
#3817 = ORIENTED_EDGE ( 'NONE', *, *, #4831, .F. ) ;
#3818 = CARTESIAN_POINT ( 'NONE',  ( -1152.714371271740220, 682.8457172341545629, 513.1204304566580277 ) ) ;
#3819 = DIRECTION ( 'NONE',  ( 0.000000000000000000, 0.000000000000000000, -1.000000000000000000 ) ) ;
#3820 = CARTESIAN_POINT ( 'NONE',  ( -23.75000000000028066, 30.00000000000000711, -703.7500000000000000 ) ) ;
#3821 = EDGE_CURVE ( 'NONE', #9501, #8282, #1851, .T. ) ;
#3822 = CARTESIAN_POINT ( 'NONE',  ( -1158.965338701865903, 916.8852076955927259, -133.0098539407647138 ) ) ;
#3823 = AXIS2_PLACEMENT_3D ( 'NONE', #7264, #4935, #8102 ) ;
#3824 = DIRECTION ( 'NONE',  ( 0.000000000000000000, 0.000000000000000000, 1.000000000000000000 ) ) ;
#3825 = AXIS2_PLACEMENT_3D ( 'NONE', #3804, #6746, #3707 ) ;
#3826 = CARTESIAN_POINT ( 'NONE',  ( -21.40758853984012333, 117.6901812943920191, 667.0369435350020240 ) ) ;
#3827 = CARTESIAN_POINT ( 'NONE',  ( -495.6342603246752105, 923.8502855767939081, 136.4664347176217802 ) ) ;
#3828 = EDGE_CURVE ( 'NONE', #6476, #1568, #3665, .T. ) ;
#3829 = ORIENTED_EDGE ( 'NONE', *, *, #794, .T. ) ;
#3830 = CIRCLE ( 'NONE', #10064, 6.000000000000005329 ) ;
#3831 = EDGE_LOOP ( 'NONE', ( #2428, #8221, #4286, #4309 ) ) ;
#3832 = CARTESIAN_POINT ( 'NONE',  ( -1131.231445046090585, 954.9325961775997484, 156.4489266550492630 ) ) ;
#3833 =( NAMED_UNIT ( * ) PLANE_ANGLE_UNIT ( ) SI_UNIT ( $, .RADIAN. ) );
#3834 = CARTESIAN_POINT ( 'NONE',  ( -22.37740159902977055, 600.2806319540585491, -536.5212204387421480 ) ) ;
#3835 = CIRCLE ( 'NONE', #8939, 74.99999999999995737 ) ;
#3836 = FACE_OUTER_BOUND ( 'NONE', #8979, .T. ) ;
#3837 = DIRECTION ( 'NONE',  ( 0.000000000000000000, -1.000000000000000000, 0.000000000000000000 ) ) ;
#3838 = LINE ( 'NONE', #6986, #6321 ) ;
#3839 = DIRECTION ( 'NONE',  ( -0.000000000000000000, -1.000000000000000000, 8.619627893433011024E-16 ) ) ;
#3840 = CARTESIAN_POINT ( 'NONE',  ( -1132.905710291699506, 195.6600366390251224, -668.2427084832276023 ) ) ;
#3841 = VECTOR ( 'NONE', #1841, 1000.000000000000000 ) ;
#3842 = CARTESIAN_POINT ( 'NONE',  ( -1173.173112859852836, 930.2258641725688904, 141.3137909331899209 ) ) ;
#3843 = ORIENTED_EDGE ( 'NONE', *, *, #2632, .F. ) ;
#3844 = PLANE ( 'NONE',  #10032 ) ;
#3845 = FACE_OUTER_BOUND ( 'NONE', #6960, .T. ) ;
#3846 = EDGE_CURVE ( 'NONE', #6186, #9627, #7453, .T. ) ;
#3847 = DIRECTION ( 'NONE',  ( -1.000000000000000000, 0.000000000000000000, 0.000000000000000000 ) ) ;
#3848 = CARTESIAN_POINT ( 'NONE',  ( -15.54199811505746531, 102.2584718205278165, -699.5817924206209000 ) ) ;
#3849 = FILL_AREA_STYLE ('',( #10213 ) ) ;
#3850 = ORIENTED_EDGE ( 'NONE', *, *, #5895, .F. ) ;
#3851 = FACE_OUTER_BOUND ( 'NONE', #4025, .T. ) ;
#3852 = DIRECTION ( 'NONE',  ( 0.000000000000000000, 1.000000000000000000, 0.000000000000000000 ) ) ;
#3853 = CARTESIAN_POINT ( 'NONE',  ( -1132.543396299378628, 202.9701046737060608, 667.8975810390246579 ) ) ;
#3854 = FACE_OUTER_BOUND ( 'NONE', #112, .T. ) ;
#3855 = B_SPLINE_CURVE_WITH_KNOTS ( 'NONE', 3,
 ( #7684, #614, #3800, #772, #3907, #6948, #6121, #3856, #10119, #7784, #10220, #3132, #10171, #1592, #4736, #3085, #9727, #4000, #2605, #8854, #9532, #2509, #914, #9581, #6419, #6561, #1014, #5651, #8807, #1733, #5553, #870, #1779, #8031, #4967, #4870, #87, #8711, #4782, #3226, #6464, #4094, #2463, #1634, #7245, #8131, #7938, #4191, #180, #3319, #5743, #2560, #8085, #5699, #3365, #6513, #9678, #8902, #1828, #7343, #1882, #5800, #5020, #327, #1113, #8184, #2711, #5121, #8290, #2762 ),
 .UNSPECIFIED., .F., .F.,
 ( 4, 2, 2, 2, 2, 2, 2, 2, 2, 2, 2, 2, 2, 2, 2, 2, 2, 2, 2, 2, 2, 2, 2, 2, 2, 2, 2, 2, 2, 2, 2, 2, 2, 2, 4 ),
 ( 0.1164700226684350637, 0.1186673200945526779, 0.1208646175206702922, 0.1219632662337291618, 0.1230619149467880313, 0.1252592123729062146, 0.1263578610859651952, 0.1274565097990241758, 0.1296538072251423312, 0.1318511046512604867, 0.1340484020773786700, 0.1384429969296148422, 0.1406402943557329144, 0.1428375917818510143, 0.1472321866340871588, 0.1516267814863233310, 0.1527254301993822283, 0.1538240789124411534, 0.1560213763385592534, 0.1582186737646774088, 0.1604159711907955366, 0.1615146199038545449, 0.1626132686169135533, 0.1648105660430311259, 0.1659092147560898567, 0.1670078634691485597, 0.1692051608952661879, 0.1714024583213838160, 0.1735997557475014441, 0.1757970531736190722, 0.1768957018866777475, 0.1779943505997364506, 0.1823889454519717623, 0.1845862428780893072, 0.1867835403042068521 ),
 .UNSPECIFIED. ) ;
#3856 = CARTESIAN_POINT ( 'NONE',  ( -20.75566633761026480, 564.2863014811099447, 545.8009668736661979 ) ) ;
#3857 = TOROIDAL_SURFACE ( 'NONE', #9624, 99.99999999999997158, 25.00000000000000711 ) ;
#3858 = DIRECTION ( 'NONE',  ( 0.000000000000000000, 0.000000000000000000, -1.000000000000000000 ) ) ;
#3859 = ORIENTED_EDGE ( 'NONE', *, *, #3176, .T. ) ;
#3860 = AXIS2_PLACEMENT_3D ( 'NONE', #5694, #8850, #7291 ) ;
#3861 = VECTOR ( 'NONE', #6475, 999.9999999999998863 ) ;
#3862 = DIRECTION ( 'NONE',  ( -2.071647322355158349E-38, 0.000000000000000000, -1.000000000000000000 ) ) ;
#3863 = FILL_AREA_STYLE_COLOUR ( '', #3142 ) ;
#3864 = CARTESIAN_POINT ( 'NONE',  ( -17.69223448858148728, 92.92767761947952465, 697.6774766564011543 ) ) ;
#3865 = CARTESIAN_POINT ( 'NONE',  ( -8.552024037679537116, 592.2095751838520528, -570.7260669627712559 ) ) ;
#3866 = CARTESIAN_POINT ( 'NONE',  ( -480.0430627306077440, 911.3117373309970617, 302.7158385259953661 ) ) ;
#3867 = CARTESIAN_POINT ( 'NONE',  ( -1166.761504281512998, 921.7887452284149958, 131.4431557842318341 ) ) ;
#3868 = AXIS2_PLACEMENT_3D ( 'NONE', #9508, #10096, #8544 ) ;
#3869 = ORIENTED_EDGE ( 'NONE', *, *, #8115, .F. ) ;
#3870 = CARTESIAN_POINT ( 'NONE',  ( -19.24231567488360284, 111.0081782865608346, -664.0207400347107978 ) ) ;
#3871 = ORIENTED_EDGE ( 'NONE', *, *, #1796, .F. ) ;
#3872 = VECTOR ( 'NONE', #6546, 1000.000000000000000 ) ;
#3873 = VERTEX_POINT ( 'NONE', #5943 ) ;
#3874 = CARTESIAN_POINT ( 'NONE',  ( -1146.080752056419442, 682.6651745139313334, 513.4748538524004289 ) ) ;
#3875 = DIRECTION ( 'NONE',  ( 0.000000000000000000, -1.000000000000000000, 0.000000000000000000 ) ) ;
#3876 = CARTESIAN_POINT ( 'NONE',  ( -1173.750000000000000, 40.00000000000000000, 626.2500000000001137 ) ) ;
#3877 = CARTESIAN_POINT ( 'NONE',  ( -1156.093596187748744, 915.8982645159553613, -133.8428221310828405 ) ) ;
#3878 = FACE_OUTER_BOUND ( 'NONE', #5261, .T. ) ;
#3879 = AXIS2_PLACEMENT_3D ( 'NONE', #3809, #5519, #8576 ) ;
#3880 = CARTESIAN_POINT ( 'NONE',  ( -24.82053710426184168, 84.24713137198382640, 676.9477951050527054 ) ) ;
#3881 = CARTESIAN_POINT ( 'NONE',  ( -499.9131309282608413, 913.9400341408354507, 132.0384599430094283 ) ) ;
#3882 = AXIS2_PLACEMENT_3D ( 'NONE', #1680, #3901, #3265 ) ;
#3883 = VERTEX_POINT ( 'NONE', #2914 ) ;
#3884 = ORIENTED_EDGE ( 'NONE', *, *, #4070, .T. ) ;
#3885 = CARTESIAN_POINT ( 'NONE',  ( -1125.603983763111501, 931.8662348797232653, 166.8308407685289296 ) ) ;
#3886 = LINE ( 'NONE', #3113, #2519 ) ;
#3887 = SURFACE_STYLE_USAGE ( .BOTH. , #3934 ) ;
#3888 = EDGE_CURVE ( 'NONE', #8771, #54, #476, .T. ) ;
#3889 = FACE_OUTER_BOUND ( 'NONE', #6282, .T. ) ;
#3890 = CARTESIAN_POINT ( 'NONE',  ( -1126.039872493958001, 214.7490176358946883, -657.1582429259059381 ) ) ;
#3891 = CARTESIAN_POINT ( 'NONE',  ( -1170.802250963620281, 926.1035527018524363, 136.6037028713760719 ) ) ;
#3892 = ORIENTED_EDGE ( 'NONE', *, *, #915, .T. ) ;
#3893 = CIRCLE ( 'NONE', #9361, 168.0000000000001705 ) ;
#3894 = CARTESIAN_POINT ( 'NONE',  ( 3.038872858745769746E-14, 408.5786437626904899, 580.0000000000001137 ) ) ;
#3895 = FACE_OUTER_BOUND ( 'NONE', #3038, .T. ) ;
#3896 = DIRECTION ( 'NONE',  ( 0.5786626424054264195, 0.8155670090706033104, 0.000000000000000000 ) ) ;
#3897 = CARTESIAN_POINT ( 'NONE',  ( -1126.021775879974257, 933.1420137635486753, 132.4756081836594603 ) ) ;
#3898 = DIRECTION ( 'NONE',  ( -0.000000000000000000, -0.000000000000000000, -1.000000000000000000 ) ) ;
#3899 =( NAMED_UNIT ( * ) PLANE_ANGLE_UNIT ( ) SI_UNIT ( $, .RADIAN. ) );
#3900 = ORIENTED_EDGE ( 'NONE', *, *, #5001, .F. ) ;
#3901 = DIRECTION ( 'NONE',  ( -1.698300684540295726E-17, 1.000000000000000000, -0.000000000000000000 ) ) ;
#3902 =( GEOMETRIC_REPRESENTATION_CONTEXT ( 3 ) GLOBAL_UNCERTAINTY_ASSIGNED_CONTEXT ( ( #8830 ) ) GLOBAL_UNIT_ASSIGNED_CONTEXT ( ( #3741, #6216, #5445 ) ) REPRESENTATION_CONTEXT ( 'NONE', 'WORKASPACE' ) );
#3903 = AXIS2_PLACEMENT_3D ( 'NONE', #5224, #6766, #7440 ) ;
#3904 = CARTESIAN_POINT ( 'NONE',  ( -2.942733134631078957E-13, 408.5786437626904899, 680.0000000000000000 ) ) ;
#3905 = CARTESIAN_POINT ( 'NONE',  ( -490.3223534232369616, 928.4727328543300473, -156.4105529818708362 ) ) ;
#3906 = CARTESIAN_POINT ( 'NONE',  ( -1129.891174845702153, 922.8037498486278309, 162.8294875693025574 ) ) ;
#3907 = CARTESIAN_POINT ( 'NONE',  ( -21.19133094126130601, 563.3755420246176300, 547.7952559871191625 ) ) ;
#3908 = CARTESIAN_POINT ( 'NONE',  ( -24.93284031881049145, 567.3059515271347664, 565.4994747656825211 ) ) ;
#3909 = VERTEX_POINT ( 'NONE', #2249 ) ;
#3910 = LINE ( 'NONE', #8666, #6779 ) ;
#3911 = CARTESIAN_POINT ( 'NONE',  ( -1141.361507074357860, 915.8072712445074330, 144.8703900981761876 ) ) ;
#3912 = CARTESIAN_POINT ( 'NONE',  ( -1143.956565093706104, 914.9041398770237947, -146.0843489534111086 ) ) ;
#3913 = CYLINDRICAL_SURFACE ( 'NONE', #4969, 6.000000000000005329 ) ;
#3914 = CARTESIAN_POINT ( 'NONE',  ( -1174.815842178914863, 936.0472420717671866, 147.9677403404405993 ) ) ;
#3915 = ORIENTED_EDGE ( 'NONE', *, *, #6389, .F. ) ;
#3916 = CARTESIAN_POINT ( 'NONE',  ( -22.08882132459874725, 87.74134109428808870, -668.2809656731369614 ) ) ;
#3917 = ORIENTED_EDGE ( 'NONE', *, *, #4123, .T. ) ;
#3918 = AXIS2_PLACEMENT_3D ( 'NONE', #9827, #1158, #9168 ) ;
#3919 = EDGE_LOOP ( 'NONE', ( #7002, #2812, #5708, #1074 ) ) ;
#3920 = DIRECTION ( 'NONE',  ( 1.000000000000000000, 0.000000000000000000, 0.000000000000000000 ) ) ;
#3921 = CARTESIAN_POINT ( 'NONE',  ( -488.1655806865961722, 929.5882528818038963, 148.3409883581911402 ) ) ;
#3922 = DIRECTION ( 'NONE',  ( 0.000000000000000000, 0.000000000000000000, 1.000000000000000000 ) ) ;
#3923 = DIRECTION ( 'NONE',  ( 1.000000000000000000, 0.000000000000000000, 0.000000000000000000 ) ) ;
#3924 = AXIS2_PLACEMENT_3D ( 'NONE', #17, #4761, #4073 ) ;
#3925 = CARTESIAN_POINT ( 'NONE',  ( -11.62561649730612601, 587.0296923441397894, 574.2718292149802437 ) ) ;
#3926 = CARTESIAN_POINT ( 'NONE',  ( -23.00211064625217716, 86.48331268917203829, 670.1913565540396576 ) ) ;
#3927 = CARTESIAN_POINT ( 'NONE',  ( -489.4948262968726453, 893.6860695284022995, 149.9982127635803124 ) ) ;
#3928 = EDGE_LOOP ( 'NONE', ( #8745, #2000, #9659, #6377 ) ) ;
#3929 = VERTEX_POINT ( 'NONE', #4403 ) ;
#3930 = CARTESIAN_POINT ( 'NONE',  ( -385.5549505783702671, 844.2703537956056152, 448.7780475532340461 ) ) ;
#3931 = CARTESIAN_POINT ( 'NONE',  ( -17.64443015273687365, 582.2160431955375088, 572.8788481142016735 ) ) ;
#3932 = DIRECTION ( 'NONE',  ( 0.000000000000000000, -1.000000000000000000, 0.000000000000000000 ) ) ;
#3933 = CARTESIAN_POINT ( 'NONE',  ( -22.72647568206215496, 566.1661397349176923, -548.9393366584697560 ) ) ;
#3934 = SURFACE_SIDE_STYLE ('',( #9515 ) ) ;
#3935 = EDGE_CURVE ( 'NONE', #4478, #5367, #7630, .T. ) ;
#3936 = FACE_BOUND ( 'NONE', #4159, .T. ) ;
#3937 = CARTESIAN_POINT ( 'NONE',  ( -1132.796950526681485, 195.0519300701741372, -668.1408036025687807 ) ) ;
#3938 = CARTESIAN_POINT ( 'NONE',  ( -1174.177936598222686, 932.7970979415716783, 146.9080546529100957 ) ) ;
#3939 = VERTEX_POINT ( 'NONE', #6768 ) ;
#3940 = EDGE_CURVE ( 'NONE', #10173, #5525, #3990, .T. ) ;
#3941 = EDGE_LOOP ( 'NONE', ( #7009, #3096, #1482, #5135, #2635 ) ) ;
#3942 = ADVANCED_FACE ( 'NONE', ( #9938 ), #6001, .T. ) ;
#3943 = CARTESIAN_POINT ( 'NONE',  ( -1128.143759740234600, 949.9316544791026899, -163.4157611413068878 ) ) ;
#3944 = CARTESIAN_POINT ( 'NONE',  ( -22.91446482570174226, 574.4933718506612195, -569.6713801985957843 ) ) ;
#3945 = CARTESIAN_POINT ( 'NONE',  ( -1171.721548397452580, 927.6812287417648122, -135.2780512882723087 ) ) ;
#3946 = CARTESIAN_POINT ( 'NONE',  ( -20.40473429067667155, 115.0554131065553918, -694.4529582213600634 ) ) ;
#3947 = EDGE_CURVE ( 'NONE', #5474, #7742, #8382, .T. ) ;
#3948 = VECTOR ( 'NONE', #1073, 1000.000000000000000 ) ;
#3949 = ORIENTED_EDGE ( 'NONE', *, *, #7069, .F. ) ;
#3950 = CYLINDRICAL_SURFACE ( 'NONE', #5514, 5.999999999999894307 ) ;
#3951 = AXIS2_PLACEMENT_3D ( 'NONE', #7279, #5729, #8888 ) ;
#3952 = CARTESIAN_POINT ( 'NONE',  ( -480.0430627306078009, 911.3117373309964933, -302.7158385259953093 ) ) ;
#3953 = CARTESIAN_POINT ( 'NONE',  ( -1130.811318148464352, 953.9268441758039216, 162.1753266354091636 ) ) ;
#3954 = FACE_OUTER_BOUND ( 'NONE', #9268, .T. ) ;
#3955 = ADVANCED_FACE ( 'NONE', ( #9994 ), #6829, .F. ) ;
#3956 = CARTESIAN_POINT ( 'NONE',  ( -23.69654517387308346, 571.2263518190694640, 570.0540673833418168 ) ) ;
#3957 = ORIENTED_EDGE ( 'NONE', *, *, #8831, .F. ) ;
#3958 = CARTESIAN_POINT ( 'NONE',  ( -23.75000000000028066, 30.00000000000000711, -709.7500000000000000 ) ) ;
#3959 = CARTESIAN_POINT ( 'NONE',  ( -1149.999999999999773, 915.0904436612944437, 134.6941054202155783 ) ) ;
#3960 = CARTESIAN_POINT ( 'NONE',  ( -23.75000000000011724, 40.00000000000000000, 709.7500000000001137 ) ) ;
#3961 = CARTESIAN_POINT ( 'NONE',  ( -2.902317422911738039E-13, 408.5786437626903762, -680.0000000000000000 ) ) ;
#3962 = CARTESIAN_POINT ( 'NONE',  ( -1172.999999999999773, 660.0000000000000000, 550.4159941854404678 ) ) ;
#3963 = ORIENTED_EDGE ( 'NONE', *, *, #8367, .T. ) ;
#3964 = CARTESIAN_POINT ( 'NONE',  ( -20.58223311732566785, 90.02078836330170475, -665.7775805812296994 ) ) ;
#3965 = ORIENTED_EDGE ( 'NONE', *, *, #10151, .F. ) ;
#3966 = EDGE_CURVE ( 'NONE', #3531, #514, #5442, .T. ) ;
#3967 = ORIENTED_EDGE ( 'NONE', *, *, #1797, .F. ) ;
#3968 = DIRECTION ( 'NONE',  ( 1.084036547835517478E-17, -0.7840326558350856345, -0.6207195780577426936 ) ) ;
#3969 = SURFACE_STYLE_FILL_AREA ( #1606 ) ;
#3970 = DIRECTION ( 'NONE',  ( 0.000000000000000000, -2.220446049250311109E-15, 1.000000000000000000 ) ) ;
#3971 = CIRCLE ( 'NONE', #330, 4.999999999999838352 ) ;
#3972 = DIRECTION ( 'NONE',  ( -1.000000000000000000, 1.656660919557851022E-16, 0.000000000000000000 ) ) ;
#3973 = EDGE_CURVE ( 'NONE', #2410, #9025, #3496, .T. ) ;
#3974 = CARTESIAN_POINT ( 'NONE',  ( -24.99252511255038556, 84.10533828360665609, 679.3886993386613540 ) ) ;
#3975 =( NAMED_UNIT ( * ) PLANE_ANGLE_UNIT ( ) SI_UNIT ( $, .RADIAN. ) );
#3976 = B_SPLINE_CURVE_WITH_KNOTS ( 'NONE', 3,
 ( #9641, #9588, #9684, #3276, #878, #2516, #5658, #8815, #8037, #4877, #972, #7251, #8860, #1019, #4150, #3371 ),
 .UNSPECIFIED., .F., .F.,
 ( 4, 2, 2, 2, 2, 2, 2, 4 ),
 ( 0.08737004412814285137, 0.08925154768567331032, 0.09113305124320376926, 0.09301455480073422821, 0.09489605835826468716, 0.09677756191579514611, 0.09865906547332561893, 0.1024220725883861066 ),
 .UNSPECIFIED. ) ;
#3977 = ORIENTED_EDGE ( 'NONE', *, *, #4384, .T. ) ;
#3978 = EDGE_LOOP ( 'NONE', ( #7705, #5595, #759, #4192, #7974 ) ) ;
#3979 = CARTESIAN_POINT ( 'NONE',  ( -1110.000000000000000, 30.00000000000000711, -689.9999999999997726 ) ) ;
#3980 = CARTESIAN_POINT ( 'NONE',  ( -22.91441781125856991, 574.4933238566018190, 569.6711998466677187 ) ) ;
#3981 = CYLINDRICAL_SURFACE ( 'NONE', #528, 4.999999999999838352 ) ;
#3982 = CIRCLE ( 'NONE', #10104, 25.00000000000002132 ) ;
#3983 = CARTESIAN_POINT ( 'NONE',  ( -2.902317422911738039E-13, 408.5786437626904899, -680.0000000000000000 ) ) ;
#3984 = CARTESIAN_POINT ( 'NONE',  ( -1132.692980984565565, 202.3659554175457913, -668.0414030156334775 ) ) ;
#3985 = CIRCLE ( 'NONE', #357, 4.999999999999809930 ) ;
#3986 = CARTESIAN_POINT ( 'NONE',  ( -1171.773881618019459, 927.5657008780832484, 138.0023627967638049 ) ) ;
#3987 = ORIENTED_EDGE ( 'NONE', *, *, #5002, .T. ) ;
#3988 = CIRCLE ( 'NONE', #5637, 22.99999999999995381 ) ;
#3989 = CARTESIAN_POINT ( 'NONE',  ( -24.58149707603962497, 564.0609080088568135, -559.4191779646560008 ) ) ;
#3990 = CIRCLE ( 'NONE', #5317, 25.00000000000002842 ) ;
#3991 = DIRECTION ( 'NONE',  ( 0.8596027534348208432, -0.5109629206579225924, 0.000000000000000000 ) ) ;
#3992 = CARTESIAN_POINT ( 'NONE',  ( -1164.562071565324459, 920.0573032983492112, -130.8483752515255105 ) ) ;
#3993 = CARTESIAN_POINT ( 'NONE',  ( -1130.693298064062674, 923.8964925838539557, 138.7769732472845874 ) ) ;
#3994 = CARTESIAN_POINT ( 'NONE',  ( 2.308085168284957309E-14, 600.0000000000000000, 488.5786437626904899 ) ) ;
#3995 = ORIENTED_EDGE ( 'NONE', *, *, #3298, .T. ) ;
#3996 = CARTESIAN_POINT ( 'NONE',  ( -14.64638980269871205, 586.2449770516758463, -572.4187859031832204 ) ) ;
#3997 = CARTESIAN_POINT ( 'NONE',  ( -1171.936566256638571, 925.5829126372295832, 164.0604748971332469 ) ) ;
#3998 = CARTESIAN_POINT ( 'NONE',  ( -496.6170627227341470, 922.5200075814792626, -164.3491422826383541 ) ) ;
#3999 = CARTESIAN_POINT ( 'NONE',  ( -1131.837251787469086, 920.7657263621480297, 159.8048895672016840 ) ) ;
#4000 = CARTESIAN_POINT ( 'NONE',  ( -21.03233524962705303, 569.6787840908558564, 539.8118364735507839 ) ) ;
#4001 = CYLINDRICAL_SURFACE ( 'NONE', #7533, 25.00000000000002132 ) ;
#4002 = ORIENTED_EDGE ( 'NONE', *, *, #5142, .T. ) ;
#4003 = DIRECTION ( 'NONE',  ( 0.000000000000000000, -1.000000000000000000, 0.000000000000000000 ) ) ;
#4004 = DIRECTION ( 'NONE',  ( 0.9959043170553905089, -0.08660037539612093493, 0.02598011261883533679 ) ) ;
#4005 = CARTESIAN_POINT ( 'NONE',  ( -7.905346104162217280, 595.2825116460811614, -567.4938316622241246 ) ) ;
#4006 =( NAMED_UNIT ( * ) PLANE_ANGLE_UNIT ( ) SI_UNIT ( $, .RADIAN. ) );
#4007 = DIRECTION ( 'NONE',  ( -1.000000000000000000, 1.144917494144692189E-16, 1.387778780781445059E-17 ) ) ;
#4008 = CARTESIAN_POINT ( 'NONE',  ( -1161.709800453996650, 640.1895226481645977, 550.4086778112775846 ) ) ;
#4009 = ORIENTED_EDGE ( 'NONE', *, *, #5489, .T. ) ;
#4010 = CARTESIAN_POINT ( 'NONE',  ( -23.40573727475402777, 85.95451977063669347, -671.2106904601091628 ) ) ;
#4011 = VERTEX_POINT ( 'NONE', #8596 ) ;
#4012 = EDGE_CURVE ( 'NONE', #6529, #4425, #9291, .T. ) ;
#4013 = CIRCLE ( 'NONE', #8315, 23.00000000000002132 ) ;
#4014 = ORIENTED_EDGE ( 'NONE', *, *, #7731, .F. ) ;
#4015 = DIRECTION ( 'NONE',  ( 0.000000000000000000, 0.000000000000000000, -1.000000000000000000 ) ) ;
#4016 = CARTESIAN_POINT ( 'NONE',  ( -488.1083873296280444, 929.6134391456572530, 148.6700135943808334 ) ) ;
#4017 = FACE_OUTER_BOUND ( 'NONE', #82, .T. ) ;
#4018 = CLOSED_SHELL ( 'NONE', ( #9443, #3590, #3750, #6285, #3425, #9656, #2776 ) ) ;
#4019 = MECHANICAL_DESIGN_GEOMETRIC_PRESENTATION_REPRESENTATION (  '', ( #4550 ), #9347 ) ;
#4020 = LINE ( 'NONE', #1608, #8777 ) ;
#4021 = VECTOR ( 'NONE', #4979, 1000.000000000000000 ) ;
#4022 = FACE_BOUND ( 'NONE', #729, .T. ) ;
#4023 = ORIENTED_EDGE ( 'NONE', *, *, #432, .F. ) ;
#4024 = EDGE_CURVE ( 'NONE', #5523, #6541, #3886, .T. ) ;
#4025 = EDGE_LOOP ( 'NONE', ( #4200, #392, #9400, #1103 ) ) ;
#4026 = CARTESIAN_POINT ( 'NONE',  ( -24.99027862938592648, 122.2485396731904643, -679.3028816272169479 ) ) ;
#4027 = DIRECTION ( 'NONE',  ( 0.000000000000000000, 0.000000000000000000, 1.000000000000000000 ) ) ;
#4028 = CARTESIAN_POINT ( 'NONE',  ( -1110.000000000000000, 30.00000000000000711, 689.9999999999997726 ) ) ;
#4029 =( NAMED_UNIT ( * ) PLANE_ANGLE_UNIT ( ) SI_UNIT ( $, .RADIAN. ) );
#4030 = CARTESIAN_POINT ( 'NONE',  ( -11.75146786589988501, 591.2031526631242286, 569.7096228134087141 ) ) ;
#4031 = DIRECTION ( 'NONE',  ( -1.000000000000000000, 0.000000000000000000, 0.000000000000000000 ) ) ;
#4032 = CARTESIAN_POINT ( 'NONE',  ( -15.27190609812408439, 605.1525595765442631, -546.0228255599305385 ) ) ;
#4033 = ORIENTED_EDGE ( 'NONE', *, *, #4586, .F. ) ;
#4034 = AXIS2_PLACEMENT_3D ( 'NONE', #7463, #389, #5131 ) ;
#4035 = EDGE_LOOP ( 'NONE', ( #3380, #6064, #2712, #1024, #9924 ) ) ;
#4036 = CARTESIAN_POINT ( 'NONE',  ( -24.96661227717793352, 567.2836333169440195, -565.5196720222772910 ) ) ;
#4037 = CARTESIAN_POINT ( 'NONE',  ( -20.19972187889750970, 578.7623849033094530, -572.0730274823564514 ) ) ;
#4038 = CARTESIAN_POINT ( 'NONE',  ( -1154.204869751561773, 915.6211330513625626, -132.4092397417545612 ) ) ;
#4039 = CARTESIAN_POINT ( 'NONE',  ( -1132.077089232448088, 922.1204796531303600, 141.7082103152173431 ) ) ;
#4040 = DIRECTION ( 'NONE',  ( -0.000000000000000000, 1.000000000000000000, -0.000000000000000000 ) ) ;
#4041 = ORIENTED_EDGE ( 'NONE', *, *, #6338, .T. ) ;
#4042 = DIRECTION ( 'NONE',  ( 1.000000000000000000, 0.000000000000000000, 0.000000000000000000 ) ) ;
#4043 = DIRECTION ( 'NONE',  ( 1.000000000000000000, 0.000000000000000000, 0.000000000000000000 ) ) ;
#4044 = DIRECTION ( 'NONE',  ( 0.000000000000000000, 0.000000000000000000, 1.000000000000000000 ) ) ;
#4045 = CARTESIAN_POINT ( 'NONE',  ( -496.2978158185197799, 922.9772264583522201, -163.9989131337302126 ) ) ;
#4046 = CARTESIAN_POINT ( 'NONE',  ( -1125.746875020810421, 943.2915884377675866, 169.1479339697416435 ) ) ;
#4047 = CIRCLE ( 'NONE', #7181, 6.000000000000005329 ) ;
#4048 = DIRECTION ( 'NONE',  ( 0.000000000000000000, 1.000000000000000000, 0.000000000000000000 ) ) ;
#4049 = ORIENTED_EDGE ( 'NONE', *, *, #4182, .T. ) ;
#4050 = CYLINDRICAL_SURFACE ( 'NONE', #9441, 23.00000000000002132 ) ;
#4051 = CARTESIAN_POINT ( 'NONE',  ( -1140.576189127962834, 915.6406531067966625, 150.3848731943157020 ) ) ;
#4052 = DIRECTION ( 'NONE',  ( 0.000000000000000000, 0.6207195780578232958, -0.7840326558350217967 ) ) ;
#4053 = DIRECTION ( 'NONE',  ( 1.000000000000000000, 0.000000000000000000, 0.000000000000000000 ) ) ;
#4054 = CARTESIAN_POINT ( 'NONE',  ( -1142.466152926421501, 638.2142559070567813, 549.6947238614843627 ) ) ;
#4055 = TOROIDAL_SURFACE ( 'NONE', #9838, 1749.999999999999545, 25.00000000000000711 ) ;
#4056 = VERTEX_POINT ( 'NONE', #6254 ) ;
#4057 = CARTESIAN_POINT ( 'NONE',  ( -16.88622456442858777, 102.2240925539667131, -661.5648292847545235 ) ) ;
#4058 = VERTEX_POINT ( 'NONE', #5674 ) ;
#4059 = EDGE_CURVE ( 'NONE', #4805, #6690, #9379, .T. ) ;
#4060 = ORIENTED_EDGE ( 'NONE', *, *, #946, .T. ) ;
#4061 = EDGE_CURVE ( 'NONE', #8970, #15, #7816, .T. ) ;
#4062 = EDGE_CURVE ( 'NONE', #5561, #7488, #349, .T. ) ;
#4063 = CARTESIAN_POINT ( 'NONE',  ( -1164.424668577842112, 677.9282016484264659, 522.6619474104918481 ) ) ;
#4064 = CARTESIAN_POINT ( 'NONE',  ( -1167.192055068697300, 949.1478366226716616, 149.8625354325497483 ) ) ;
#4065 = CARTESIAN_POINT ( 'NONE',  ( -489.8142825018195481, 893.8605474046170229, -147.2449192612332638 ) ) ;
#4066 = UNCERTAINTY_MEASURE_WITH_UNIT (LENGTH_MEASURE( 1.000000000000000082E-05 ), #5041, 'distance_accuracy_value', 'NONE');
#4067 = EDGE_CURVE ( 'NONE', #4406, #9345, #2734, .T. ) ;
#4068 = DIRECTION ( 'NONE',  ( 0.000000000000000000, 0.000000000000000000, 1.000000000000000000 ) ) ;
#4069 = CARTESIAN_POINT ( 'NONE',  ( -1125.559492988233387, 935.2000549192605376, 130.0412095051643746 ) ) ;
#4070 = EDGE_CURVE ( 'NONE', #6199, #7549, #588, .T. ) ;
#4071 = ORIENTED_EDGE ( 'NONE', *, *, #2456, .T. ) ;
#4072 = DIRECTION ( 'NONE',  ( 0.000000000000000000, 0.000000000000000000, -1.000000000000000000 ) ) ;
#4073 = DIRECTION ( 'NONE',  ( -1.000000000000000000, 0.000000000000000000, 0.000000000000000000 ) ) ;
#4074 =( GEOMETRIC_REPRESENTATION_CONTEXT ( 3 ) GLOBAL_UNCERTAINTY_ASSIGNED_CONTEXT ( ( #8005 ) ) GLOBAL_UNIT_ASSIGNED_CONTEXT ( ( #1262, #3678, #9051 ) ) REPRESENTATION_CONTEXT ( 'NONE', 'WORKASPACE' ) );
#4075 = CARTESIAN_POINT ( 'NONE',  ( -1173.066030585610633, 928.1888268937221937, -161.5045396215064670 ) ) ;
#4076 = CARTESIAN_POINT ( 'NONE',  ( -11.36553232277473846, 592.1557258137804638, 568.9352725530858379 ) ) ;
#4077 = CARTESIAN_POINT ( 'NONE',  ( -24.43051844286887331, 596.0884088182299365, -531.7828944519188781 ) ) ;
#4078 = ORIENTED_EDGE ( 'NONE', *, *, #3185, .T. ) ;
#4079 = ORIENTED_EDGE ( 'NONE', *, *, #3625, .F. ) ;
#4080 = CARTESIAN_POINT ( 'NONE',  ( -22.87468945510104845, 572.8423170300816309, -571.4637585502846377 ) ) ;
#4081 = DIRECTION ( 'NONE',  ( 0.000000000000000000, 1.000000000000000000, 0.000000000000000000 ) ) ;
#4082 = CARTESIAN_POINT ( 'NONE',  ( -1133.078284269119195, 920.8703548502917329, 145.0203901990643658 ) ) ;
#4083 = CARTESIAN_POINT ( 'NONE',  ( -1126.999999999999318, 660.0000000000000000, 550.4159941854392173 ) ) ;
#4084 = EDGE_LOOP ( 'NONE', ( #1945, #4687, #6498, #8580 ) ) ;
#4085 = MANIFOLD_SOLID_BREP ( 'Kes-Ekstr\X2\00fc\X0\zyon2[1]', #2390 ) ;
#4086 = CARTESIAN_POINT ( 'NONE',  ( 2.308085168284950998E-14, 600.0000000000000000, 488.5786437626908878 ) ) ;
#4087 = LINE ( 'NONE', #5846, #9629 ) ;
#4088 = CARTESIAN_POINT ( 'NONE',  ( -1131.237112209128782, 954.9417163948301095, -156.4192578737596762 ) ) ;
#4089 = AXIS2_PLACEMENT_3D ( 'NONE', #8639, #6294, #9466 ) ;
#4090 = CARTESIAN_POINT ( 'NONE',  ( -493.5247033119841262, 926.1145613412329567, -160.8004694045847884 ) ) ;
#4091 = CARTESIAN_POINT ( 'NONE',  ( -25.00000743419377258, 84.13721344945881242, -680.6117363940093128 ) ) ;
#4092 = ADVANCED_FACE ( 'NONE', ( #10180 ), #6700, .F. ) ;
#4093 = AXIS2_PLACEMENT_3D ( 'NONE', #7103, #9442, #2370 ) ;
#4094 = CARTESIAN_POINT ( 'NONE',  ( -23.96022195145615896, 597.8030350177324408, 532.3335530362662666 ) ) ;
#4096 = B_SPLINE_CURVE_WITH_KNOTS ( 'NONE', 3,
 ( #6744, #6898, #9244, #5975, #9295, #2068, #8410, #2984, #4539, #564, #6071, #5200, #8515, #5302, #8465, #8355, #1289, #7579, #506, #7685, #616, #3956, #9399, #4739, #7941, #5457, #1543, #3908, #3133, #872, #7200, #1635, #3086, #7988, #6227, #6370, #5600, #4829 ),
 .UNSPECIFIED., .F., .F.,
 ( 4, 2, 2, 2, 2, 2, 2, 2, 2, 2, 2, 2, 2, 2, 2, 2, 2, 2, 4 ),
 ( 0.000000000000000000, 0.002299577998674528622, 0.004599155997349057244, 0.005748944996686452744, 0.006898733996023847376, 0.009198311994698669600, 0.01149788999337349356, 0.01264767899271078237, 0.01379746799204807119, 0.01839662398939673205, 0.01954641298873398270, 0.02069620198807123682, 0.02299577998674574159, 0.02529535798542024636, 0.02759493598409474766, 0.03219409198144347617, 0.03334388098078053947, 0.03449366998011760277, 0.03679324797879203468 ),
 .UNSPECIFIED. ) ;
#4095 = CARTESIAN_POINT ( 'NONE',  ( -493.0598307049108371, 896.1018934227117825, 141.1880406144661038 ) ) ;
#4097 = VERTEX_POINT ( 'NONE', #2184 ) ;
#4098 = CARTESIAN_POINT ( 'NONE',  ( -1110.000000000000000, 30.00000000000000711, -609.9999999999997726 ) ) ;
#4099 = CARTESIAN_POINT ( 'NONE',  ( -1159.670817249476841, 639.1178984340625675, -550.0253933532625297 ) ) ;
#4100 = DIRECTION ( 'NONE',  ( 0.000000000000000000, 0.000000000000000000, -1.000000000000000000 ) ) ;
#4101 = UNCERTAINTY_MEASURE_WITH_UNIT (LENGTH_MEASURE( 1.000000000000000082E-05 ), #4717, 'distance_accuracy_value', 'NONE');
#4102 = DIRECTION ( 'NONE',  ( -0.000000000000000000, 1.000000000000000000, -0.000000000000000000 ) ) ;
#4103 = CARTESIAN_POINT ( 'NONE',  ( -1165.400307916466090, 642.8510725053833994, 551.3087614601137147 ) ) ;
#4104 = TOROIDAL_SURFACE ( 'NONE', #4778, 149.9999999999998579, 20.00000000000003553 ) ;
#4105 = ORIENTED_EDGE ( 'NONE', *, *, #5764, .T. ) ;
#4106 = CARTESIAN_POINT ( 'NONE',  ( -24.99252511255038200, 84.10533828360665609, -679.3886993386613540 ) ) ;
#4107 = EDGE_LOOP ( 'NONE', ( #9865, #2062 ) ) ;
#4108 = DIRECTION ( 'NONE',  ( 0.000000000000000000, 1.000000000000000000, 0.000000000000000000 ) ) ;
#4109 = CIRCLE ( 'NONE', #6917, 25.00000000000002132 ) ;
#4110 = ORIENTED_EDGE ( 'NONE', *, *, #4446, .T. ) ;
#4111 = AXIS2_PLACEMENT_3D ( 'NONE', #7461, #3641, #6786 ) ;
#4112 = CARTESIAN_POINT ( 'NONE',  ( -1126.250000000000227, 30.00000000000000711, -626.2499999999996589 ) ) ;
#4113 = CARTESIAN_POINT ( 'NONE',  ( -22.59423458192460643, 116.0208693824859409, 690.7465233973473460 ) ) ;
#4114 = CARTESIAN_POINT ( 'NONE',  ( -1144.594654518450398, 913.4954288183542985, -160.0421434530501017 ) ) ;
#4115 = ADVANCED_FACE ( 'NONE', ( #6281 ), #7065, .F. ) ;
#4116 = CARTESIAN_POINT ( 'NONE',  ( -489.4948262968724180, 893.6860695284021858, -149.7268581015163988 ) ) ;
#4117 = CARTESIAN_POINT ( 'NONE',  ( -1134.975908768486534, 919.4416298914114805, -143.1464059795566754 ) ) ;
#4118 = CARTESIAN_POINT ( 'NONE',  ( -1133.897275320931840, 958.2376247534798495, 148.4944155947065383 ) ) ;
#4119 = EDGE_CURVE ( 'NONE', #10131, #5177, #1897, .T. ) ;
#4120 = B_SPLINE_CURVE_WITH_KNOTS ( 'NONE', 3,
 ( #2773, #3426, #5756, #5912, #5863, #3377, #3543, #6687, #448, #2573, #9078, #7467, #1077, #4203, #9739, #8916, #7356, #339, #8971, #9693, #4369, #5712, #3594, #1790, #2669, #3480, #6630, #5813, #7307, #7525, #1894, #5081, #4157, #5033, #8095, #8197, #2003, #1127, #9026, #1946, #8250, #1182, #393, #6739, #5138, #8302, #1235, #4928, #1026, #5194, #7629, #8351, #3647, #611, #8561, #3797, #6118, #712, #6945, #6793, #7680, #4427, #3700, #1485 ),
 .UNSPECIFIED., .F., .F.,
 ( 4, 2, 2, 2, 2, 2, 2, 2, 2, 2, 2, 2, 2, 2, 2, 2, 2, 2, 2, 2, 2, 2, 2, 2, 2, 2, 2, 2, 2, 2, 2, 4 ),
 ( 1.144391699630559363E-16, 0.004145401256682209289, 0.005181751570852782644, 0.006218101885023355133, 0.008290802513364503579, 0.01036350314170564856, 0.01243620377004679527, 0.01658160502672904185, 0.01865430565507003244, 0.02072700628341101955, 0.02487240754009293481, 0.02694510816843404682, 0.02901780879677515884, 0.03005415911094582587, 0.03109050942511648943, 0.03316321005345785472, 0.03419956036762857032, 0.03523591068179928593, 0.03730861131014076570, 0.03938131193848223160, 0.04041766225265284312, 0.04145401256682345464, 0.04559941382350549133, 0.04767211445184649926, 0.04974481508018750719, 0.05389021633686941898, 0.05596291696521051712, 0.05699926727938098292, 0.05803561759355144872, 0.06218101885023342990, 0.06425371947857425048, 0.06632642010691508494 ),
 .UNSPECIFIED. ) ;
#4121 = ORIENTED_EDGE ( 'NONE', *, *, #5972, .F. ) ;
#4122 = CIRCLE ( 'NONE', #4470, 18.00000000000001421 ) ;
#4123 = EDGE_CURVE ( 'NONE', #344, #9077, #5660, .T. ) ;
#4124 = LINE ( 'NONE', #5723, #4869 ) ;
#4125 = CARTESIAN_POINT ( 'NONE',  ( -25.00000000000029488, 40.00000000000000000, 680.0000000000000000 ) ) ;
#4126 = CARTESIAN_POINT ( 'NONE',  ( -1173.484041412569695, 929.3936594189794960, -160.0589215681147834 ) ) ;
#4127 = DIRECTION ( 'NONE',  ( -1.000000000000000000, -5.551115123125780730E-16, 0.000000000000000000 ) ) ;
#4128 = CIRCLE ( 'NONE', #9925, 6.000000000000005329 ) ;
#4129 = EDGE_CURVE ( 'NONE', #7388, #3883, #5364, .T. ) ;
#4130 = CARTESIAN_POINT ( 'NONE',  ( -1125.066082661855035, 179.7952549430091267, -651.9181021943522865 ) ) ;
#4131 = CARTESIAN_POINT ( 'NONE',  ( -19.68209191653531676, 604.0932382343941072, -538.4580432282601805 ) ) ;
#4132 = EDGE_LOOP ( 'NONE', ( #6667, #2485 ) ) ;
#4133 = DIRECTION ( 'NONE',  ( -9.654113257610036637E-15, 0.6207195780579084499, 0.7840326558349544062 ) ) ;
#4134 = CARTESIAN_POINT ( 'NONE',  ( -1173.924020541479877, 930.5090547651215047, -162.2135704944593328 ) ) ;
#4135 = CARTESIAN_POINT ( 'NONE',  ( 23.74999999999988276, 30.00000000000000711, 709.7500000000000000 ) ) ;
#4136 = AXIS2_PLACEMENT_3D ( 'NONE', #2291, #5478, #4654 ) ;
#4137 = ORIENTED_EDGE ( 'NONE', *, *, #1619, .T. ) ;
#4138 = CARTESIAN_POINT ( 'NONE',  ( -1172.681966837196114, 663.8709817975407077, -546.4332508309681771 ) ) ;
#4139 = DIRECTION ( 'NONE',  ( 0.000000000000000000, 0.000000000000000000, -1.000000000000000000 ) ) ;
#4140 = CARTESIAN_POINT ( 'NONE',  ( -499.5872356050032863, 907.0231206332442753, 167.2721462515148971 ) ) ;
#4141 = CARTESIAN_POINT ( 'NONE',  ( -17.80278670876475999, 101.3557058470952370, -697.5516756452984737 ) ) ;
#4142 = AXIS2_PLACEMENT_3D ( 'NONE', #1068, #5701, #8241 ) ;
#4143 = AXIS2_PLACEMENT_3D ( 'NONE', #2308, #1432, #7565 ) ;
#4144 = ADVANCED_FACE ( 'NONE', ( #4745 ), #5849, .T. ) ;
#4145 = CIRCLE ( 'NONE', #539, 6.000000000000005329 ) ;
#4146 = VERTEX_POINT ( 'NONE', #7898 ) ;
#4147 = DIRECTION ( 'NONE',  ( 9.284440173834540666E-15, 1.000000000000000000, -2.116085084935547861E-13 ) ) ;
#4148 = CARTESIAN_POINT ( 'NONE',  ( -1163.592111741263352, 641.4305693806680893, -550.8362199407526987 ) ) ;
#4149 = DIRECTION ( 'NONE',  ( 0.000000000000000000, -1.000000000000000000, 0.000000000000000000 ) ) ;
#4150 = CARTESIAN_POINT ( 'NONE',  ( -1149.024746637822545, 914.8113624758647120, 138.2134485937712327 ) ) ;
#4151 = DIRECTION ( 'NONE',  ( 1.000000000000000000, 0.000000000000000000, 0.000000000000000000 ) ) ;
#4152 = CARTESIAN_POINT ( 'NONE',  ( -1151.576520265219642, 637.0025077436374659, 549.2365277326870228 ) ) ;
#4153 = VECTOR ( 'NONE', #5805, 999.9999999999998863 ) ;
#4154 = EDGE_LOOP ( 'NONE', ( #5565, #7744, #6381, #7909, #751 ) ) ;
#4155 = CARTESIAN_POINT ( 'NONE',  ( -1132.085352279241079, 200.4945812664437028, 632.5623937848392870 ) ) ;
#4156 = ORIENTED_EDGE ( 'NONE', *, *, #1857, .T. ) ;
#4157 = CARTESIAN_POINT ( 'NONE',  ( -1134.432056248119579, 197.3850604983401240, 630.4387805569526790 ) ) ;
#4158 = CARTESIAN_POINT ( 'NONE',  ( -1126.250000000000227, 40.00000000000000000, -626.2499999999996589 ) ) ;
#4159 = EDGE_LOOP ( 'NONE', ( #10145, #8255 ) ) ;
#4160 = CARTESIAN_POINT ( 'NONE',  ( -1147.652714627236264, 912.6892295442199838, 163.4026183063510302 ) ) ;
#4161 = CARTESIAN_POINT ( 'NONE',  ( 3.038872858745776688E-14, 479.2893218813453018, 650.7106781186548687 ) ) ;
#4162 = CARTESIAN_POINT ( 'NONE',  ( -18.51196391121544238, 106.6588431649887809, 696.8037503973091589 ) ) ;
#4163 = FACE_OUTER_BOUND ( 'NONE', #2325, .T. ) ;
#4164 = CARTESIAN_POINT ( 'NONE',  ( 23.74999999999967315, 30.00000000000000711, 656.2500000000000000 ) ) ;
#4165 = CARTESIAN_POINT ( 'NONE',  ( -22.24788074870446408, 570.1805547488891079, -542.6575523481711798 ) ) ;
#4166 = DIRECTION ( 'NONE',  ( -0.5786626424054281959, -0.8155670090706020892, 0.000000000000000000 ) ) ;
#4167 = CARTESIAN_POINT ( 'NONE',  ( -1125.168881259140790, 937.6023307949495802, 129.8669368634463126 ) ) ;
#4168 = EDGE_LOOP ( 'NONE', ( #6737, #7647 ) ) ;
#4169 = CARTESIAN_POINT ( 'NONE',  ( -1133.397988820369619, 957.1046709196241409, -156.5922753507429945 ) ) ;
#4170 = CARTESIAN_POINT ( 'NONE',  ( -22.88289698726534738, 566.0419149531111316, 549.6195842899885520 ) ) ;
#4171 = CIRCLE ( 'NONE', #9981, 6.000000000000116351 ) ;
#4172 = VECTOR ( 'NONE', #6269, 1000.000000000000000 ) ;
#4173 = CARTESIAN_POINT ( 'NONE',  ( -1174.300033333992133, 932.6899695707834326, -153.7773631244547232 ) ) ;
#4174 = CARTESIAN_POINT ( 'NONE',  ( -489.5111948463502927, 893.6948182276101988, -150.3495129055332029 ) ) ;
#4175 = DIRECTION ( 'NONE',  ( 0.000000000000000000, 0.000000000000000000, -1.000000000000000000 ) ) ;
#4176 = EDGE_CURVE ( 'NONE', #6236, #9876, #140, .T. ) ;
#4177 = CARTESIAN_POINT ( 'NONE',  ( -17.43731398132361221, 605.0460862074121451, -542.1620958374818429 ) ) ;
#4178 = VERTEX_POINT ( 'NONE', #828 ) ;
#4179 = ORIENTED_EDGE ( 'NONE', *, *, #5612, .F. ) ;
#4180 = CARTESIAN_POINT ( 'NONE',  ( -24.10650858310227562, 563.3594507838682830, -557.2608590419326902 ) ) ;
#4181 = EDGE_CURVE ( 'NONE', #7876, #7484, #8330, .T. ) ;
#4182 = EDGE_CURVE ( 'NONE', #336, #9649, #5472, .T. ) ;
#4183 = CARTESIAN_POINT ( 'NONE',  ( -1167.559063935795621, 919.1577250686893876, -170.1583964416867616 ) ) ;
#4184 = LINE ( 'NONE', #320, #8588 ) ;
#4185 = ORIENTED_EDGE ( 'NONE', *, *, #8201, .F. ) ;
#4186 = VERTEX_POINT ( 'NONE', #2769 ) ;
#4187 = DIRECTION ( 'NONE',  ( 4.872322894325868391E-15, 0.1999999999998937350, -0.9797958971132930683 ) ) ;
#4188 = DIRECTION ( 'NONE',  ( -1.698300684540295726E-17, 1.000000000000000000, -0.000000000000000000 ) ) ;
#4189 = CARTESIAN_POINT ( 'NONE',  ( -1126.250000000000227, 40.00000000000000000, 620.2499999999995453 ) ) ;
#4190 = CARTESIAN_POINT ( 'NONE',  ( -1458.041541306736235, 334.9999999999999432, -183.6010951158152409 ) ) ;
#4191 = CARTESIAN_POINT ( 'NONE',  ( -22.34018409000087502, 601.3142455478222246, 534.4792134231166756 ) ) ;
#4192 = ORIENTED_EDGE ( 'NONE', *, *, #6862, .T. ) ;
#4193 = ADVANCED_FACE ( 'NONE', ( #1283 ), #9848, .F. ) ;
#4194 = ORIENTED_EDGE ( 'NONE', *, *, #9749, .F. ) ;
#4195 = CARTESIAN_POINT ( 'NONE',  ( -463.7317225491956947, 899.7384844828884525, 302.7158385259952524 ) ) ;
#4196 = CARTESIAN_POINT ( 'NONE',  ( -1169.679495071914516, 648.0714508450915901, -552.6742084606494245 ) ) ;
#4197 = DIRECTION ( 'NONE',  ( -0.5786626424054287510, -0.8155670090706016451, 0.000000000000000000 ) ) ;
#4198 = DIRECTION ( 'NONE',  ( 0.000000000000000000, 0.000000000000000000, -1.000000000000000000 ) ) ;
#4199 = SURFACE_SIDE_STYLE ('',( #1942 ) ) ;
#4200 = ORIENTED_EDGE ( 'NONE', *, *, #8769, .F. ) ;
#4201 = CARTESIAN_POINT ( 'NONE',  ( -1130.581817970354905, 206.1935403060639658, 634.2427849146472454 ) ) ;
#4202 = EDGE_LOOP ( 'NONE', ( #2858, #8705, #1860, #8134, #9992, #1838 ) ) ;
#4203 = CARTESIAN_POINT ( 'NONE',  ( -1128.029585228675387, 213.7971406998262012, 638.0103958825478685 ) ) ;
#4204 = CARTESIAN_POINT ( 'NONE',  ( -24.72211162809766449, 119.9617404134502863, 676.2348696790572831 ) ) ;
#4205 = ORIENTED_EDGE ( 'NONE', *, *, #7745, .T. ) ;
#4206 = CARTESIAN_POINT ( 'NONE',  ( -1143.319434655031500, 914.0001457367060311, 158.1627900920931040 ) ) ;
#4207 = EDGE_CURVE ( 'NONE', #4011, #10207, #443, .T. ) ;
#4208 = ORIENTED_EDGE ( 'NONE', *, *, #8578, .T. ) ;
#4209 = CARTESIAN_POINT ( 'NONE',  ( -479.2193259973621480, 931.2947665756913693, 150.0000000000000284 ) ) ;
#4210 = CARTESIAN_POINT ( 'NONE',  ( -24.91302591000895816, 120.0078168285254208, 682.3894431079144169 ) ) ;
#4211 = AXIS2_PLACEMENT_3D ( 'NONE', #1189, #6532, #8308 ) ;
#4212 = CARTESIAN_POINT ( 'NONE',  ( -15.53895919761188260, 102.2049026780113508, 699.5842026289344631 ) ) ;
#4213 = CARTESIAN_POINT ( 'NONE',  ( -1134.312983806176135, 192.4729896153656625, 669.4664198794703225 ) ) ;
#4214 = DIRECTION ( 'NONE',  ( 1.659227894316332837E-15, 0.7840326558350207975, -0.6207195780578245170 ) ) ;
#4215 = CARTESIAN_POINT ( 'NONE',  ( -1135.858836378457454, 918.4719628666302924, -147.1028784319128988 ) ) ;
#4216 = CARTESIAN_POINT ( 'NONE',  ( -1149.999999999999773, 40.00000000000000000, 649.9999999999996589 ) ) ;
#4217 = CARTESIAN_POINT ( 'NONE',  ( -1126.064505731018244, 933.2221219705822932, 130.4196590322814586 ) ) ;
#4218 = VERTEX_POINT ( 'NONE', #9074 ) ;
#4219 = CARTESIAN_POINT ( 'NONE',  ( -1133.423909705706819, 920.3544969786806860, -147.4146788839161673 ) ) ;
#4220 = CARTESIAN_POINT ( 'NONE',  ( -1131.949685788722491, 955.3920267943954059, -160.0968477450294642 ) ) ;
#4221 = CARTESIAN_POINT ( 'NONE',  ( -24.18281975925673422, 580.8950801842680676, 535.7561951089980994 ) ) ;
#4222 = MANIFOLD_SOLID_BREP ( 'Buda/Uzat6[2]', #71 ) ;
#4223 = CARTESIAN_POINT ( 'NONE',  ( -1173.060283516371101, 929.9796464395216162, -140.9545314642276139 ) ) ;
#4224 = CARTESIAN_POINT ( 'NONE',  ( -12.17874904967568384, 600.9503727644317905, 556.8048468747726929 ) ) ;
#4225 = CARTESIAN_POINT ( 'NONE',  ( -1126.987659340543360, 182.4181551211170245, -659.8223668788490386 ) ) ;
#4226 = CARTESIAN_POINT ( 'NONE',  ( -20.79605978303556313, 603.2099913074758888, -536.7326905642278234 ) ) ;
#4227 = ORIENTED_EDGE ( 'NONE', *, *, #3449, .F. ) ;
#4228 = ORIENTED_EDGE ( 'NONE', *, *, #3703, .T. ) ;
#4229 = COLOUR_RGB ( '',0.6470588235294117974, 0.6196078431372549211, 0.5882352941176470784 ) ;
#4230 = FILL_AREA_STYLE_COLOUR ( '', #807 ) ;
#4231 = CARTESIAN_POINT ( 'NONE',  ( -1174.175017688066646, 931.5256529810083066, -161.0597499728952755 ) ) ;
#4232 = ADVANCED_FACE ( 'NONE', ( #4308 ), #6734, .T. ) ;
#4233 = CARTESIAN_POINT ( 'NONE',  ( -23.00000000000029488, 39.99999999999997868, -680.0000000000000000 ) ) ;
#4234 = ORIENTED_EDGE ( 'NONE', *, *, #5888, .T. ) ;
#4235 = VERTEX_POINT ( 'NONE', #7520 ) ;
#4236 = DIRECTION ( 'NONE',  ( -0.000000000000000000, 1.000000000000000000, 0.000000000000000000 ) ) ;
#4237 = CARTESIAN_POINT ( 'NONE',  ( -498.3252763991028473, 919.4444807658190939, 166.4288939176774704 ) ) ;
#4238 = EDGE_CURVE ( 'NONE', #2188, #8403, #9903, .T. ) ;
#4239 = CARTESIAN_POINT ( 'NONE',  ( -498.3133329542019396, 903.1568525354834946, 165.6522644852306598 ) ) ;
#4240 = CARTESIAN_POINT ( 'NONE',  ( -19.86683371842927315, 92.82238220618545199, -695.1800849658256993 ) ) ;
#4241 = ADVANCED_FACE ( 'NONE', ( #6942 ), #7000, .T. ) ;
#4242 = EDGE_CURVE ( 'NONE', #4406, #145, #2080, .T. ) ;
#4243 = CARTESIAN_POINT ( 'NONE',  ( -2.902317422911738039E-13, 408.5786437626904899, -680.0000000000000000 ) ) ;
#4244 = EDGE_LOOP ( 'NONE', ( #4806, #4002, #4368, #9354 ) ) ;
#4245 = ORIENTED_EDGE ( 'NONE', *, *, #7698, .F. ) ;
#4246 = ADVANCED_FACE ( 'NONE', ( #6219 ), #5683, .T. ) ;
#4247 = CARTESIAN_POINT ( 'NONE',  ( -40.00000000000028422, 30.00000000000000711, -640.0000000000000000 ) ) ;
#4248 = CARTESIAN_POINT ( 'NONE',  ( -1148.454595957248557, 637.0007213806525215, -549.2358458439689457 ) ) ;
#4249 = DIRECTION ( 'NONE',  ( 4.614472616192960960E-16, -0.7071067811865479058, -0.7071067811865470176 ) ) ;
#4250 = FACE_BOUND ( 'NONE', #125, .T. ) ;
#4251 = FACE_OUTER_BOUND ( 'NONE', #1736, .T. ) ;
#4252 = CARTESIAN_POINT ( 'NONE',  ( -1127.239216115937552, 656.6720981119501630, 552.3566414897734376 ) ) ;
#4253 = ORIENTED_EDGE ( 'NONE', *, *, #933, .F. ) ;
#4254 = CARTESIAN_POINT ( 'NONE',  ( -1128.495720714495064, 210.3319108965786199, 637.2411861988496184 ) ) ;
#4255 = ORIENTED_EDGE ( 'NONE', *, *, #3680, .F. ) ;
#4256 = CARTESIAN_POINT ( 'NONE',  ( -12.39588558054660616, 586.0622581786029741, 574.6409019412936914 ) ) ;
#4257 = DIRECTION ( 'NONE',  ( 0.000000000000000000, 0.7071067811865486830, -0.7071067811865464625 ) ) ;
#4258 = ADVANCED_FACE ( 'NONE', ( #9344 ), #554, .F. ) ;
#4259 = CARTESIAN_POINT ( 'NONE',  ( -17.78681745491729771, 95.90991763548372262, 662.4305705048935806 ) ) ;
#4260 = CARTESIAN_POINT ( 'NONE',  ( -1149.999999999999773, 592.7968858170594331, 648.0040819793734954 ) ) ;
#4261 = AXIS2_PLACEMENT_3D ( 'NONE', #6545, #2078, #4946 ) ;
#4262 = VERTEX_POINT ( 'NONE', #3078 ) ;
#4263 = DIRECTION ( 'NONE',  ( 0.000000000000000000, 0.7071067811865474617, -0.7071067811865474617 ) ) ;
#4264 = ORIENTED_EDGE ( 'NONE', *, *, #2129, .T. ) ;
#4265 = CARTESIAN_POINT ( 'NONE',  ( -1190.000000000000227, 30.00000000000000711, 0.000000000000000000 ) ) ;
#4266 = CARTESIAN_POINT ( 'NONE',  ( -1458.041541306736235, 345.0000000000000000, -158.6010951158150704 ) ) ;
#4267 = CARTESIAN_POINT ( 'NONE',  ( -480.0430627306078009, 911.3117373309964933, -302.7158385259953093 ) ) ;
#4268 = CARTESIAN_POINT ( 'NONE',  ( -1131.232441625889123, 210.3809581576153960, 666.5426229169424914 ) ) ;
#4269 = DIRECTION ( 'NONE',  ( 0.8155670090706017561, -0.5786626424054287510, 0.000000000000000000 ) ) ;
#4270 = CARTESIAN_POINT ( 'NONE',  ( -1125.680554434297164, 946.2174963689139986, -131.6509355733517168 ) ) ;
#4272 = ORIENTED_EDGE ( 'NONE', *, *, #1048, .T. ) ;
#4271 = CIRCLE ( 'NONE', #6564, 25.00000000000002842 ) ;
#4273 = CYLINDRICAL_SURFACE ( 'NONE', #3674, 18.00000000000003908 ) ;
#4274 = AXIS2_PLACEMENT_3D ( 'NONE', #9902, #1998, #1785 ) ;
#4275 = ORIENTED_EDGE ( 'NONE', *, *, #1364, .T. ) ;
#4276 = CARTESIAN_POINT ( 'NONE',  ( -1130.691791349159075, 923.9078780356894640, -138.7986441335068548 ) ) ;
#4277 = CARTESIAN_POINT ( 'NONE',  ( -1125.612515233874547, 942.7155302596810316, -169.2876253549789567 ) ) ;
#4278 = ADVANCED_FACE ( 'NONE', ( #3794 ), #6063, .F. ) ;
#4279 = CARTESIAN_POINT ( 'NONE',  ( 22.99999999999971578, 408.5786437626903762, -680.0000000000000000 ) ) ;
#4280 = LINE ( 'NONE', #5000, #4655 ) ;
#4281 = CARTESIAN_POINT ( 'NONE',  ( -1174.833648558404775, 935.6801567387188925, 153.9555338766529928 ) ) ;
#4282 = CARTESIAN_POINT ( 'NONE',  ( -24.98418534170578909, 82.09706588951317485, 679.0451781655106060 ) ) ;
#4283 =( BOUNDED_CURVE ( )  B_SPLINE_CURVE ( 3, ( #9651, #2577, #8874, #4209 ),
 .UNSPECIFIED., .F., .F. ) 
 B_SPLINE_CURVE_WITH_KNOTS ( ( 4, 4 ),
 ( 3.100394163443273232, 4.712388980384689674 ),
 .UNSPECIFIED. ) 
 CURVE ( )  GEOMETRIC_REPRESENTATION_ITEM ( )  RATIONAL_B_SPLINE_CURVE ( ( 1.000000000000000000, 0.7949279518600529393, 0.7949279518600529393, 1.000000000000000000 ) ) 
 REPRESENTATION_ITEM ( '' )  );
#4284 = AXIS2_PLACEMENT_3D ( 'NONE', #1294, #6126, #510 ) ;
#4285 = CARTESIAN_POINT ( 'NONE',  ( -24.69047375264085886, 594.6534726358137277, -531.5183779673064919 ) ) ;
#4286 = ORIENTED_EDGE ( 'NONE', *, *, #548, .T. ) ;
#4287 = ORIENTED_EDGE ( 'NONE', *, *, #7473, .T. ) ;
#4288 = CARTESIAN_POINT ( 'NONE',  ( -497.8557470980105677, 902.1550791687641322, 134.9102651848503172 ) ) ;
#4289 = DIRECTION ( 'NONE',  ( 0.000000000000000000, -0.6207195780579074507, -0.7840326558349552943 ) ) ;
#4290 = AXIS2_PLACEMENT_3D ( 'NONE', #3876, #5319, #6966 ) ;
#4291 = DIRECTION ( 'NONE',  ( 0.000000000000000000, -2.413528314402511920E-15, 1.000000000000000000 ) ) ;
#4292 = VERTEX_POINT ( 'NONE', #10112 ) ;
#4293 = EDGE_LOOP ( 'NONE', ( #3869, #2060, #5430, #6146, #6565, #9245 ) ) ;
#4294 = MANIFOLD_SOLID_BREP ( 'Y\X2\00fc\X0\kseklik-Ekstr\X2\00fc\X0\zyon1[2]', #5509 ) ;
#4295 = CARTESIAN_POINT ( 'NONE',  ( -1171.901827871736032, 667.0509981947413962, -541.9479801118694695 ) ) ;
#4296 = CARTESIAN_POINT ( 'NONE',  ( -1150.000000000000227, 515.2069385598298368, -549.9999999999982947 ) ) ;
#4297 = CARTESIAN_POINT ( 'NONE',  ( -498.5351873299690055, 903.6718932661847248, 165.9294062772458176 ) ) ;
#4298 = CARTESIAN_POINT ( 'NONE',  ( -19.21926236103632846, 94.35778955138614776, -695.9908854560881082 ) ) ;
#4299 = LINE ( 'NONE', #2656, #2474 ) ;
#4300 = VERTEX_POINT ( 'NONE', #654 ) ;
#4301 = ORIENTED_EDGE ( 'NONE', *, *, #2563, .T. ) ;
#4302 = DIRECTION ( 'NONE',  ( 0.000000000000000000, 0.000000000000000000, -1.000000000000000000 ) ) ;
#4304 = CARTESIAN_POINT ( 'NONE',  ( -1137.657909736274860, 640.5770943271710394, -550.5444698347371286 ) ) ;
#4303 = AXIS2_PLACEMENT_3D ( 'NONE', #9987, #6655, #2085 ) ;
#4305 = CARTESIAN_POINT ( 'NONE',  ( 23.74999999999972289, 30.00000000000000711, -697.7500000000000000 ) ) ;
#4306 = CARTESIAN_POINT ( 'NONE',  ( -492.1937282297151910, 891.7956246476031765, -161.0639434651493218 ) ) ;
#4307 = DIRECTION ( 'NONE',  ( 1.000000000000000000, 0.000000000000000000, 0.000000000000000000 ) ) ;
#4308 = FACE_OUTER_BOUND ( 'NONE', #9738, .T. ) ;
#4309 = ORIENTED_EDGE ( 'NONE', *, *, #64, .F. ) ;
#4310 = AXIS2_PLACEMENT_3D ( 'NONE', #8726, #2338, #5527 ) ;
#4311 = CARTESIAN_POINT ( 'NONE',  ( -1131.965699819598512, 195.5819765255147047, 632.6859613209367126 ) ) ;
#4312 = ORIENTED_EDGE ( 'NONE', *, *, #4820, .F. ) ;
#4313 = CYLINDRICAL_SURFACE ( 'NONE', #75, 24.99999999999991118 ) ;
#4314 = CARTESIAN_POINT ( 'NONE',  ( -2.930484299292126870E-13, 408.5786437626904899, -657.0000000000000000 ) ) ;
#4315 = CARTESIAN_POINT ( 'NONE',  ( -17.06919747062449133, 104.3486009923489632, 661.7304304586953094 ) ) ;
#4316 = AXIS2_PLACEMENT_3D ( 'NONE', #3437, #5094, #405 ) ;
#4317 = CYLINDRICAL_SURFACE ( 'NONE', #3279, 25.00000000000000711 ) ;
#4318 = EDGE_LOOP ( 'NONE', ( #89, #5030, #10048, #7427, #4438, #5812 ) ) ;
#4319 =( LENGTH_UNIT ( ) NAMED_UNIT ( * ) SI_UNIT ( .MILLI., .METRE. ) );
#4320 = ORIENTED_EDGE ( 'NONE', *, *, #7219, .F. ) ;
#4321 = AXIS2_PLACEMENT_3D ( 'NONE', #549, #5239, #5125 ) ;
#4322 = PLANE ( 'NONE',  #2736 ) ;
#4323 = CARTESIAN_POINT ( 'NONE',  ( -1124.998129633686858, 179.7892055935621443, -649.4698913628793662 ) ) ;
#4324 = CARTESIAN_POINT ( 'NONE',  ( -23.75000000000011724, 30.00000000000000711, 703.7500000000002274 ) ) ;
#4325 = CARTESIAN_POINT ( 'NONE',  ( -1135.187516281645230, 195.4109444025623077, 670.1397773553037496 ) ) ;
#4326 = CARTESIAN_POINT ( 'NONE',  ( -24.99027862938593358, 122.2485396731904217, 679.3028816272169479 ) ) ;
#4328 = ADVANCED_FACE ( 'NONE', ( #6017 ), #10165, .T. ) ;
#4327 = DIRECTION ( 'NONE',  ( 0.000000000000000000, 0.000000000000000000, 1.000000000000000000 ) ) ;
#4329 = ORIENTED_EDGE ( 'NONE', *, *, #9626, .F. ) ;
#4330 = VERTEX_POINT ( 'NONE', #7624 ) ;
#4331 = CARTESIAN_POINT ( 'NONE',  ( -1128.925830237204764, 924.1140666538758524, -164.2192166432724036 ) ) ;
#4332 = CARTESIAN_POINT ( 'NONE',  ( -24.98339775558314457, 588.0581739539709361, 533.6890201332034849 ) ) ;
#4333 = CARTESIAN_POINT ( 'NONE',  ( -1173.381122823101350, 930.6983887611409045, -142.0498931390037001 ) ) ;
#4334 = CARTESIAN_POINT ( 'NONE',  ( -499.5874487648591185, 907.0241887478258604, -167.0054389546205300 ) ) ;
#4335 = CIRCLE ( 'NONE', #9622, 4.999999999999838352 ) ;
#4336 = CARTESIAN_POINT ( 'NONE',  ( -15.34067067559490738, 106.5546928303588174, 660.2586994201635662 ) ) ;
#4337 = EDGE_CURVE ( 'NONE', #7539, #9064, #7015, .T. ) ;
#4338 = CARTESIAN_POINT ( 'NONE',  ( -1148.267407672703257, 219.9248117639137377, -650.0000000000011369 ) ) ;
#4339 = AXIS2_PLACEMENT_3D ( 'NONE', #1895, #5034, #4257 ) ;
#4340 = ORIENTED_EDGE ( 'NONE', *, *, #10016, .T. ) ;
#4341 = AXIS2_PLACEMENT_3D ( 'NONE', #7729, #2933, #2173 ) ;
#4342 = ORIENTED_EDGE ( 'NONE', *, *, #9923, .F. ) ;
#4343 = AXIS2_PLACEMENT_3D ( 'NONE', #337, #9645, #7305 ) ;
#4344 = CARTESIAN_POINT ( 'NONE',  ( -385.5549505783706081, 844.2703537956052742, -448.7780475532338187 ) ) ;
#4345 = CARTESIAN_POINT ( 'NONE',  ( -15.89915466660619536, 582.0167361184921901, -575.2828502997167561 ) ) ;
#4346 = CARTESIAN_POINT ( 'NONE',  ( -1150.823176072919068, 912.3509635739513897, -166.0053007681119368 ) ) ;
#4347 = AXIS2_PLACEMENT_3D ( 'NONE', #6771, #6666, #5947 ) ;
#4348 = FACE_OUTER_BOUND ( 'NONE', #3605, .T. ) ;
#4349 = ORIENTED_EDGE ( 'NONE', *, *, #8811, .T. ) ;
#4350 = ORIENTED_EDGE ( 'NONE', *, *, #3213, .F. ) ;
#4351 = MANIFOLD_SOLID_BREP ( 'Buda/Uzat7[1]', #3519 ) ;
#4352 = CARTESIAN_POINT ( 'NONE',  ( -1136.166993492474148, 678.3905082935905284, -521.7766722623568967 ) ) ;
#4353 = VECTOR ( 'NONE', #1748, 1000.000000000000000 ) ;
#4354 = FACE_OUTER_BOUND ( 'NONE', #6079, .T. ) ;
#4355 = CARTESIAN_POINT ( 'NONE',  ( -1149.999999999999773, -804.6428199482238597, 0.000000000000000000 ) ) ;
#4356 = CYLINDRICAL_SURFACE ( 'NONE', #7819, 6.000000000000227374 ) ;
#4357 = CARTESIAN_POINT ( 'NONE',  ( -1548.041541306736235, 334.9999999999999432, 158.6010951158155819 ) ) ;
#4358 = ORIENTED_EDGE ( 'NONE', *, *, #4962, .T. ) ;
#4359 = ORIENTED_EDGE ( 'NONE', *, *, #1916, .F. ) ;
#4360 = B_SPLINE_CURVE_WITH_KNOTS ( 'NONE', 3,
 ( #8324, #4282, #5219, #1257, #6045, #5936, #7654, #9213, #5835, #524, #5992, #9872, #6761, #7435, #9101, #3508, #2141, #1970, #5106, #7597, #8218, #5272, #9930, #469, #8272, #3672, #2849, #8996, #8430, #5054, #1915, #8375, #2796, #6821, #1356, #1205, #4504, #420, #583, #4336, #7496, #3723, #3566, #2694, #6710, #3614, #2031, #4397, #3106, #4605, #3826, #9315, #6973, #1564, #839, #5481, #792, #6293, #10034, #7907, #9465, #7702, #747, #1513 ),
 .UNSPECIFIED., .F., .F.,
 ( 4, 2, 2, 2, 2, 2, 2, 2, 2, 2, 2, 2, 2, 2, 2, 2, 2, 2, 2, 2, 2, 2, 2, 2, 2, 2, 2, 2, 2, 2, 2, 4 ),
 ( 0.06634233375803316735, 0.06737714585591360328, 0.06841195795379402533, 0.07048158214955488332, 0.07255120634531574131, 0.07462083054107659930, 0.07669045473683745728, 0.07876007893259831527, 0.08289932732412030880, 0.08496895151988141659, 0.08703857571564252438, 0.09117782410716472608, 0.09324744830292587550, 0.09531707249868702492, 0.09635188459656762738, 0.09738669669444824373, 0.09945632089020942090, 0.1004911329880900095, 0.1015259450859705981, 0.1035955692817317197, 0.1056651934774928137, 0.1077348176732539214, 0.1118740660647759844, 0.1139436902605370228, 0.1160133144562980750, 0.1201525628478201935, 0.1222221870435812596, 0.1242918112393423258, 0.1284310596308644581, 0.1294658717287449912, 0.1305006838266255520, 0.1325703080223865904 ),
 .UNSPECIFIED. ) ;
#4361 = CARTESIAN_POINT ( 'NONE',  ( -1149.999999999999091, 892.0461840472274844, 379.2016327917509102 ) ) ;
#4362 = DIRECTION ( 'NONE',  ( -1.659227894316332837E-15, -0.7840326558350207975, -0.6207195780578245170 ) ) ;
#4363 = FACE_BOUND ( 'NONE', #1918, .T. ) ;
#4364 = CARTESIAN_POINT ( 'NONE',  ( -23.75000000000028066, 30.00000000000000711, -703.7500000000000000 ) ) ;
#4365 = EDGE_LOOP ( 'NONE', ( #8723, #3501 ) ) ;
#4366 = CARTESIAN_POINT ( 'NONE',  ( -1125.583868017669829, 217.3717304000610966, -655.3821364599419894 ) ) ;
#4367 = COLOUR_RGB ( '',0.6470588235294117974, 0.6196078431372549211, 0.5882352941176470784 ) ;
#4368 = ORIENTED_EDGE ( 'NONE', *, *, #9365, .T. ) ;
#4369 = CARTESIAN_POINT ( 'NONE',  ( -1132.251344556667391, 207.1856426750464948, 632.3783309750766648 ) ) ;
#4370 = CARTESIAN_POINT ( 'NONE',  ( -1147.211854771288472, 913.1121721700127409, 159.5978225847743204 ) ) ;
#4371 = CIRCLE ( 'NONE', #8316, 17.99999999999999645 ) ;
#4372 = DIRECTION ( 'NONE',  ( -1.698300684540295726E-17, 1.000000000000000000, -0.000000000000000000 ) ) ;
#4373 = MANIFOLD_SOLID_BREP ( 'Y\X2\00fc\X0\kseklik-Ekstr\X2\00fc\X0\zyon1[3]', #4994 ) ;
#4374 = DIRECTION ( 'NONE',  ( 0.000000000000000000, 0.000000000000000000, 1.000000000000000000 ) ) ;
#4375 = ORIENTED_EDGE ( 'NONE', *, *, #3622, .F. ) ;
#4376 = CYLINDRICAL_SURFACE ( 'NONE', #5542, 22.99999999999999645 ) ;
#4377 = CARTESIAN_POINT ( 'NONE',  ( -1131.665333994653338, 202.8436075939084731, -633.0030909572739120 ) ) ;
#4378 = CARTESIAN_POINT ( 'NONE',  ( -16.53871013287969305, 107.1357510290658439, 698.7500129204776158 ) ) ;
#4379 = CARTESIAN_POINT ( 'NONE',  ( -1128.595186799276689, 182.3135027521736333, 662.9689755590047753 ) ) ;
#4380 = DIRECTION ( 'NONE',  ( 0.000000000000000000, 0.000000000000000000, 1.000000000000000000 ) ) ;
#4381 = CARTESIAN_POINT ( 'NONE',  ( -1130.242044670244240, 955.1721043253432981, -139.3748742111078514 ) ) ;
#4382 = VERTEX_POINT ( 'NONE', #1082 ) ;
#4383 = ADVANCED_FACE ( 'NONE', ( #3547 ), #6481, .F. ) ;
#4384 = EDGE_CURVE ( 'NONE', #9832, #8276, #7566, .T. ) ;
#4385 = EDGE_CURVE ( 'NONE', #1015, #5408, #5730, .T. ) ;
#4386 = ADVANCED_FACE ( 'NONE', ( #5715 ), #8050, .T. ) ;
#4387 = CIRCLE ( 'NONE', #5210, 25.00000000000002842 ) ;
#4388 = ORIENTED_EDGE ( 'NONE', *, *, #7001, .F. ) ;
#4389 = CARTESIAN_POINT ( 'NONE',  ( -1135.436253904700379, 918.3825160480522527, -151.5791019480171826 ) ) ;
#4390 = CARTESIAN_POINT ( 'NONE',  ( -23.72912927629044688, 578.4254068705133704, 536.8617527731655628 ) ) ;
#4391 = MANIFOLD_SOLID_BREP ( 'Y\X2\00fc\X0\kseklik-Ekstr\X2\00fc\X0\zyon1[4]', #2231 ) ;
#4392 = EDGE_CURVE ( 'NONE', #4533, #8986, #1339, .T. ) ;
#4393 = CARTESIAN_POINT ( 'NONE',  ( 23.74999999999972289, 40.00000000000000000, -662.2500000000000000 ) ) ;
#4394 = CARTESIAN_POINT ( 'NONE',  ( -1124.992556596027271, 940.3149800585803177, -132.0096708166477697 ) ) ;
#4395 = CIRCLE ( 'NONE', #3392, 25.00000000000002842 ) ;
#4396 = CARTESIAN_POINT ( 'NONE',  ( -1174.861398704618750, 936.2455522494981324, 150.3782231075887239 ) ) ;
#4397 = CARTESIAN_POINT ( 'NONE',  ( -19.58381633208080430, 114.9940518147223969, 664.4528403594615611 ) ) ;
#4398 = LINE ( 'NONE', #8325, #5513 ) ;
#4399 = VERTEX_POINT ( 'NONE', #5038 ) ;
#4400 = ORIENTED_EDGE ( 'NONE', *, *, #8930, .T. ) ;
#4401 = CARTESIAN_POINT ( 'NONE',  ( -24.99040421216485086, 120.2410033968033360, 679.3073981572157436 ) ) ;
#4402 = CARTESIAN_POINT ( 'NONE',  ( -23.71827001476155061, 563.0164934223861337, -555.8082063573190226 ) ) ;
#4403 = CARTESIAN_POINT ( 'NONE',  ( 23.74999999999972289, 30.00000000000000711, -709.7500000000000000 ) ) ;
#4404 = DIRECTION ( 'NONE',  ( -0.000000000000000000, 1.000000000000000000, -0.000000000000000000 ) ) ;
#4405 = LINE ( 'NONE', #480, #9156 ) ;
#4406 = VERTEX_POINT ( 'NONE', #9195 ) ;
#4407 = CARTESIAN_POINT ( 'NONE',  ( -1162.717673319041523, 679.1784219537131548, -520.2618497351406859 ) ) ;
#4408 = CARTESIAN_POINT ( 'NONE',  ( -1124.997570568660876, 177.7594137658137186, -650.0039511263689747 ) ) ;
#4409 = ADVANCED_FACE ( 'NONE', ( #4485, #3751, #9143, #10065, #6801 ), #9969, .F. ) ;
#4410 = CARTESIAN_POINT ( 'NONE',  ( -1126.250000000000227, 30.00000000000000711, 620.2499999999995453 ) ) ;
#4411 = CARTESIAN_POINT ( 'NONE',  ( -1156.066887075604200, 915.8906376347509877, 133.8528278379160383 ) ) ;
#4412 = AXIS2_PLACEMENT_3D ( 'NONE', #3894, #10209, #9433 ) ;
#4413 = ORIENTED_EDGE ( 'NONE', *, *, #5782, .F. ) ;
#4414 = B_SPLINE_CURVE_WITH_KNOTS ( 'NONE', 3,
 ( #7179, #115, #6544, #5726, #9559, #8740, #1813, #1763, #9514, #9662, #1715, #2489, #3397, #6492, #210, #7969, #5625, #8783, #1662, #4853, #8837, #4901, #4945, #8063, #8013, #70, #7914, #6352, #997, #162, #948, #3209, #2639, #4075, #4126, #5578, #7223, #3347, #8692, #8111, #1044, #4173, #7324, #255, #1616, #4763, #846 ),
 .UNSPECIFIED., .F., .F.,
 ( 4, 2, 2, 2, 2, 2, 2, 1, 2, 2, 2, 2, 2, 2, 2, 2, 2, 2, 2, 2, 2, 2, 2, 4 ),
 ( 0.1006706169143957302, 0.1035266755360573915, 0.1063827341577190388, 0.1078107634685501331, 0.1092387927793812274, 0.1120948514010434161, 0.1135228807118745104, 0.1149509100227056047, 0.1163789393335366990, 0.1178069686443677933, 0.1206630272660299819, 0.1220910565768607292, 0.1235190858876914904, 0.1263751445093534154, 0.1278031738201845235, 0.1292312031310156040, 0.1320872617526778758, 0.1349433203743401199, 0.1377993789960023641, 0.1406554376176646359, 0.1420834669284957719, 0.1435114962393268800, 0.1449395255501579882, 0.1463675548609891242 ),
 .UNSPECIFIED. ) ;
#4415 = ORIENTED_EDGE ( 'NONE', *, *, #8047, .F. ) ;
#4416 = DIRECTION ( 'NONE',  ( -1.483630154005731530E-15, 0.7071067811865494601, -0.7071067811865456854 ) ) ;
#4417 = CARTESIAN_POINT ( 'NONE',  ( -1173.750000000000227, 30.00000000000000711, -679.7499999999997726 ) ) ;
#4418 = CARTESIAN_POINT ( 'NONE',  ( -24.66750321856089911, 566.3001572685783458, -557.7349510538972481 ) ) ;
#4419 = DIRECTION ( 'NONE',  ( 1.091107039334787751E-15, -2.115144935513907174E-15, 1.000000000000000000 ) ) ;
#4420 = CARTESIAN_POINT ( 'NONE',  ( -15.56705849671703845, 102.6041560411568412, -699.5619229580414640 ) ) ;
#4422 = CARTESIAN_POINT ( 'NONE',  ( -1128.478575696139842, 651.8773332329795949, 553.1144916454029499 ) ) ;
#4421 =( GEOMETRIC_REPRESENTATION_CONTEXT ( 3 ) GLOBAL_UNCERTAINTY_ASSIGNED_CONTEXT ( ( #926 ) ) GLOBAL_UNIT_ASSIGNED_CONTEXT ( ( #6251, #3777, #6979 ) ) REPRESENTATION_CONTEXT ( 'NONE', 'WORKASPACE' ) );
#4423 = ORIENTED_EDGE ( 'NONE', *, *, #3248, .F. ) ;
#4424 = CARTESIAN_POINT ( 'NONE',  ( -1135.240206773277805, 201.6196587874238446, -670.1780586844947720 ) ) ;
#4425 = VERTEX_POINT ( 'NONE', #6853 ) ;
#4426 = EDGE_CURVE ( 'NONE', #795, #1824, #8973, .T. ) ;
#4427 = CARTESIAN_POINT ( 'NONE',  ( -1124.999950415149897, 177.7867330712777516, 649.3134221050028145 ) ) ;
#4428 = FACE_BOUND ( 'NONE', #3599, .T. ) ;
#4429 = CARTESIAN_POINT ( 'NONE',  ( -1443.041541306736235, 334.9999999999999432, -203.6010951158150704 ) ) ;
#4430 = DIRECTION ( 'NONE',  ( 0.000000000000000000, 0.6207195780579096711, 0.7840326558349535180 ) ) ;
#4431 = ORIENTED_EDGE ( 'NONE', *, *, #5011, .F. ) ;
#4432 = DIRECTION ( 'NONE',  ( 0.9991514412379743915, -0.04118683579675175982, 0.0002050100731056651480 ) ) ;
#4433 = CARTESIAN_POINT ( 'NONE',  ( -1131.799089346616711, 202.2576523735215517, -632.8608510958683837 ) ) ;
#4434 = DIRECTION ( 'NONE',  ( 0.08662961636484026173, 0.9962405881956830633, 0.000000000000000000 ) ) ;
#4435 = CARTESIAN_POINT ( 'NONE',  ( -1133.140147569745977, 207.2300584863453992, 668.4642099871517757 ) ) ;
#4436 = CARTESIAN_POINT ( 'NONE',  ( -14.81045560472368372, 104.5803139289516537, -659.8587297138884651 ) ) ;
#4437 = CARTESIAN_POINT ( 'NONE',  ( -1124.998929175181047, 940.2649768563163661, -129.9947384017249306 ) ) ;
#4438 = ORIENTED_EDGE ( 'NONE', *, *, #6268, .F. ) ;
#4439 = CARTESIAN_POINT ( 'NONE',  ( -491.3603698364571528, 927.8075601378759529, -141.4928017129575153 ) ) ;
#4440 = ORIENTED_EDGE ( 'NONE', *, *, #1170, .F. ) ;
#4441 = ADVANCED_FACE ( 'NONE', ( #6949 ), #10121, .F. ) ;
#4442 = PLANE ( 'NONE',  #8183 ) ;
#4443 = CARTESIAN_POINT ( 'NONE',  ( -15.21007805220854969, 603.3445859330822714, 549.2650926268769354 ) ) ;
#4444 = DIRECTION ( 'NONE',  ( 0.000000000000000000, -0.7071067811865496822, 0.7071067811865453523 ) ) ;
#4445 = CIRCLE ( 'NONE', #5432, 6.000000000000116351 ) ;
#4446 = EDGE_CURVE ( 'NONE', #7201, #8526, #6649, .T. ) ;
#4447 = CARTESIAN_POINT ( 'NONE',  ( -1126.060726091498282, 933.1008482052139925, -132.5169877308511559 ) ) ;
#4448 = TOROIDAL_SURFACE ( 'NONE', #3951, 150.0000000000001421, 18.00000000000003197 ) ;
#4449 = CARTESIAN_POINT ( 'NONE',  ( -496.1926543738846362, 899.5029555928889522, -162.7262503040478521 ) ) ;
#4450 = DIRECTION ( 'NONE',  ( -1.000000000000000000, -1.698300684540304970E-17, 0.000000000000000000 ) ) ;
#4451 = LINE ( 'NONE', #2194, #6819 ) ;
#4452 = VECTOR ( 'NONE', #1772, 1000.000000000000114 ) ;
#4453 = ORIENTED_EDGE ( 'NONE', *, *, #8991, .T. ) ;
#4454 = ORIENTED_EDGE ( 'NONE', *, *, #5771, .F. ) ;
#4455 = EDGE_CURVE ( 'NONE', #1990, #3485, #9316, .T. ) ;
#4456 = CARTESIAN_POINT ( 'NONE',  ( -489.6253479575513552, 893.7565394242710681, 148.4385693060914946 ) ) ;
#4457 = CIRCLE ( 'NONE', #3624, 5.999999999999894307 ) ;
#4458 = CARTESIAN_POINT ( 'NONE',  ( -13.85961355914476378, 602.6149120019068732, -552.3312450094980477 ) ) ;
#4459 = CARTESIAN_POINT ( 'NONE',  ( -1129.922955559511138, 954.5037160934099347, 142.4009150300371402 ) ) ;
#4460 = CARTESIAN_POINT ( 'NONE',  ( -1150.000000000000227, 39.99999999999997868, -650.0000000000011369 ) ) ;
#4461 = ADVANCED_FACE ( 'NONE', ( #2177 ), #2887, .F. ) ;
#4462 = CARTESIAN_POINT ( 'NONE',  ( -23.75000000000011724, 30.00000000000000711, 709.7500000000001137 ) ) ;
#4463 = ORIENTED_EDGE ( 'NONE', *, *, #5635, .F. ) ;
#4464 = MECHANICAL_DESIGN_GEOMETRIC_PRESENTATION_REPRESENTATION (  '', ( #7929 ), #5282 ) ;
#4465 = CARTESIAN_POINT ( 'NONE',  ( -1169.303631807303418, 672.5635670459695348, -532.6636878444085141 ) ) ;
#4466 = DIRECTION ( 'NONE',  ( 0.000000000000000000, 0.000000000000000000, 1.000000000000000000 ) ) ;
#4467 = PRESENTATION_STYLE_ASSIGNMENT (( #685 ) ) ;
#4468 = CARTESIAN_POINT ( 'NONE',  ( -2.862362150852697360E-13, 39.99999999999997868, -680.0000000000000000 ) ) ;
#4469 = ORIENTED_EDGE ( 'NONE', *, *, #4513, .F. ) ;
#4470 = AXIS2_PLACEMENT_3D ( 'NONE', #4267, #3435, #4934 ) ;
#4471 = DIRECTION ( 'NONE',  ( -0.000000000000000000, 1.000000000000000000, -0.000000000000000000 ) ) ;
#4472 = DIRECTION ( 'NONE',  ( 0.000000000000000000, 0.000000000000000000, 1.000000000000000000 ) ) ;
#4473 = DIRECTION ( 'NONE',  ( -0.5106616124301164295, -0.8590958568053638222, 0.03433695400194440583 ) ) ;
#4474 = CARTESIAN_POINT ( 'NONE',  ( -385.5549505783702671, 844.2703537956056152, 448.7780475532340461 ) ) ;
#4475 = CARTESIAN_POINT ( 'NONE',  ( -17.30158294381696393, 109.1283974251768001, -698.0497150612150108 ) ) ;
#4476 = VERTEX_POINT ( 'NONE', #3705 ) ;
#4477 = CARTESIAN_POINT ( 'NONE',  ( -1135.518239075994870, 199.5501745493392889, -670.3785810336444229 ) ) ;
#4478 = VERTEX_POINT ( 'NONE', #5253 ) ;
#4479 = FACE_OUTER_BOUND ( 'NONE', #1981, .T. ) ;
#4480 = CARTESIAN_POINT ( 'NONE',  ( -1130.912543665788917, 207.2575923462080709, 666.1491885651736311 ) ) ;
#4481 = DIRECTION ( 'NONE',  ( 0.000000000000000000, 0.000000000000000000, 1.000000000000000000 ) ) ;
#4482 = EDGE_CURVE ( 'NONE', #1340, #8818, #1717, .T. ) ;
#4483 = B_SPLINE_CURVE_WITH_KNOTS ( 'NONE', 3,
 ( #9636, #967, #6661, #5999, #4456, #3620, #9877, #5653, #9167, #183, #7501, #424, #4095, #368, #1735, #4872, #7246, #1920, #5058, #3570, #1157, #4288, #6717, #2801, #5941, #8594, #5383, #9424, #5487, #8488, #10147, #2298 ),
 .UNSPECIFIED., .F., .F.,
 ( 4, 2, 2, 2, 2, 2, 2, 2, 2, 2, 2, 2, 2, 2, 2, 4 ),
 ( 0.06154081796096229351, 0.06247543890364525010, 0.06341005984632820669, 0.06527930173169407824, 0.06714854361705993591, 0.06901778550242580745, 0.07275626927315741177, 0.07462551115852322781, 0.07649475304388902996, 0.07836399492925483212, 0.08023323681462063428, 0.08397172058535250228, 0.08584096247071841546, 0.08771020435608432864, 0.08957944624145022794, 0.09144868812681614112 ),
 .UNSPECIFIED. ) ;
#4484 = DIRECTION ( 'NONE',  ( -0.000000000000000000, -0.000000000000000000, -1.000000000000000000 ) ) ;
#4485 = FACE_BOUND ( 'NONE', #7336, .T. ) ;
#4486 = EDGE_LOOP ( 'NONE', ( #5295, #829, #1989, #3071 ) ) ;
#4487 = FACE_OUTER_BOUND ( 'NONE', #5997, .T. ) ;
#4488 = CARTESIAN_POINT ( 'NONE',  ( -1125.319626121677175, 180.4098218273609575, -645.8367555736041368 ) ) ;
#4489 = CARTESIAN_POINT ( 'NONE',  ( -16.91505923194660710, 94.67878915869839318, 698.4121659973475289 ) ) ;
#4490 = CARTESIAN_POINT ( 'NONE',  ( -500.0430627306077440, 911.3117373309971754, 302.7158385259953093 ) ) ;
#4491 = CARTESIAN_POINT ( 'NONE',  ( -24.80973440844358890, 82.22672191061867863, -676.6335031142729122 ) ) ;
#4493 = CARTESIAN_POINT ( 'NONE',  ( -1173.705826363994447, 931.8137706503754316, 139.5325942867391120 ) ) ;
#4492 = AXIS2_PLACEMENT_3D ( 'NONE', #5765, #5919, #8922 ) ;
#4494 = VERTEX_POINT ( 'NONE', #6122 ) ;
#4495 = CARTESIAN_POINT ( 'NONE',  ( -1523.981446312944854, 345.0000000000000568, -173.9687006431355769 ) ) ;
#4496 = AXIS2_PLACEMENT_3D ( 'NONE', #200, #3147, #2530 ) ;
#4497 = CIRCLE ( 'NONE', #3163, 20.00000000000001776 ) ;
#4498 = EDGE_LOOP ( 'NONE', ( #8145, #2756, #2304, #1387 ) ) ;
#4499 = CARTESIAN_POINT ( 'NONE',  ( -1154.320221875365633, 682.5966082905481471, 513.6094322115774276 ) ) ;
#4500 = DIRECTION ( 'NONE',  ( 0.000000000000000000, 1.000000000000000000, 2.413528314402511920E-15 ) ) ;
#4501 = CARTESIAN_POINT ( 'NONE',  ( -1150.691270848094973, 914.9205025224226802, -136.8477364785983070 ) ) ;
#4502 = AXIS2_PLACEMENT_3D ( 'NONE', #7349, #9071, #9683 ) ;
#4503 = CARTESIAN_POINT ( 'NONE',  ( -1174.760541439648705, 934.9282568851538144, 155.8996226105114147 ) ) ;
#4504 = CARTESIAN_POINT ( 'NONE',  ( -14.63741038576243980, 103.5544908674789326, 659.7329987986811375 ) ) ;
#4505 = CARTESIAN_POINT ( 'NONE',  ( -489.3710608779610425, 929.0067078364336339, 155.0179975224753264 ) ) ;
#4506 = ORIENTED_EDGE ( 'NONE', *, *, #8268, .F. ) ;
#4507 = ORIENTED_EDGE ( 'NONE', *, *, #6096, .T. ) ;
#4508 = CARTESIAN_POINT ( 'NONE',  ( -1125.273725188886374, 933.6178098208285974, 167.3521721323064924 ) ) ;
#4509 = CARTESIAN_POINT ( 'NONE',  ( -16.69325856087590410, 603.6963879975955933, -546.2109122429241097 ) ) ;
#4510 = CARTESIAN_POINT ( 'NONE',  ( -1131.730208392107670, 956.1596508526288289, 148.6483776084145916 ) ) ;
#4511 = DIRECTION ( 'NONE',  ( 0.5786626424054297502, 0.8155670090706009789, -3.083952846180990872E-15 ) ) ;
#4512 = CARTESIAN_POINT ( 'NONE',  ( -385.5549505783706081, 844.2703537956052742, -448.7780475532338187 ) ) ;
#4513 = EDGE_CURVE ( 'NONE', #1726, #8833, #4096, .T. ) ;
#4514 = CARTESIAN_POINT ( 'NONE',  ( -1151.249973786301780, 682.9727371816883306, -512.8708955808915562 ) ) ;
#4515 = AXIS2_PLACEMENT_3D ( 'NONE', #1111, #1217, #1012 ) ;
#4516 = DIRECTION ( 'NONE',  ( 0.000000000000000000, -1.000000000000000000, -2.220446049250311109E-15 ) ) ;
#4517 = CARTESIAN_POINT ( 'NONE',  ( -1124.999999999999545, 710.0000000000000000, 459.5549574651159901 ) ) ;
#4518 = AXIS2_PLACEMENT_3D ( 'NONE', #2920, #6056, #2045 ) ;
#4519 = EDGE_LOOP ( 'NONE', ( #7466, #9774, #8317, #9253 ) ) ;
#4520 = EDGE_CURVE ( 'NONE', #351, #6275, #6274, .T. ) ;
#4521 = CARTESIAN_POINT ( 'NONE',  ( -1127.911125809406713, 925.9556749441167085, -163.2399252475127867 ) ) ;
#4522 = MECHANICAL_DESIGN_GEOMETRIC_PRESENTATION_REPRESENTATION (  '', ( #1741 ), #5827 ) ;
#4523 = CARTESIAN_POINT ( 'NONE',  ( -1443.041541306736235, 334.9999999999999432, -143.6010951158150704 ) ) ;
#4524 = FACE_OUTER_BOUND ( 'NONE', #6286, .T. ) ;
#4525 = DIRECTION ( 'NONE',  ( -0.7941567930305997169, 0.5634716255418392716, 0.2276284588811126053 ) ) ;
#4526 = CARTESIAN_POINT ( 'NONE',  ( -1443.041541306736235, 345.0000000000000000, -203.6010951158150704 ) ) ;
#4527 = CIRCLE ( 'NONE', #1409, 6.000000000000005329 ) ;
#4528 = CARTESIAN_POINT ( 'NONE',  ( -16.70357001402785713, 95.20334556887837607, -698.6031276147896278 ) ) ;
#4529 = FILL_AREA_STYLE ('',( #3030 ) ) ;
#4530 = ADVANCED_FACE ( 'NONE', ( #133 ), #9366, .F. ) ;
#4531 = EDGE_LOOP ( 'NONE', ( #2417, #4156 ) ) ;
#4532 = CARTESIAN_POINT ( 'NONE',  ( -1124.998115712838626, 179.7893535782907861, 649.4654971545207900 ) ) ;
#4533 = VERTEX_POINT ( 'NONE', #2416 ) ;
#4534 = CARTESIAN_POINT ( 'NONE',  ( -1172.822470340651307, 927.5557710334346666, 162.1852035359894728 ) ) ;
#4535 = CARTESIAN_POINT ( 'NONE',  ( -1125.588631892061130, 180.4342148418209035, 655.5261891282965507 ) ) ;
#4536 = FACE_OUTER_BOUND ( 'NONE', #6702, .T. ) ;
#4537 = EDGE_CURVE ( 'NONE', #344, #6755, #7868, .T. ) ;
#4538 = DIRECTION ( 'NONE',  ( 1.000000000000000000, 0.000000000000000000, 0.000000000000000000 ) ) ;
#4539 = CARTESIAN_POINT ( 'NONE',  ( -16.65342482538201097, 581.1617890767488461, 575.2117593586300472 ) ) ;
#4540 = ORIENTED_EDGE ( 'NONE', *, *, #1140, .T. ) ;
#4541 = CARTESIAN_POINT ( 'NONE',  ( -23.75000000000028066, 40.00000000000000000, -662.2500000000000000 ) ) ;
#4542 = CARTESIAN_POINT ( 'NONE',  ( -20.69678094446321026, 91.10839010606807165, 694.0439589224138217 ) ) ;
#4543 = CARTESIAN_POINT ( 'NONE',  ( -23.34064391634040803, 84.37486666346946151, 688.9769365529232346 ) ) ;
#4544 = CARTESIAN_POINT ( 'NONE',  ( -1548.041541306736235, 334.9999999999999432, -193.6010951158149282 ) ) ;
#4545 = CARTESIAN_POINT ( 'NONE',  ( -17.72709409192478702, 111.9243288398882470, -662.3486082015697320 ) ) ;
#4546 = DIRECTION ( 'NONE',  ( -0.000000000000000000, -0.000000000000000000, -1.000000000000000000 ) ) ;
#4547 = ORIENTED_EDGE ( 'NONE', *, *, #925, .T. ) ;
#4548 = CYLINDRICAL_SURFACE ( 'NONE', #2873, 18.00000000000004974 ) ;
#4549 = ADVANCED_FACE ( 'NONE', ( #4783 ), #4001, .F. ) ;
#4550 = STYLED_ITEM ( 'NONE', ( #2976 ), #4351 ) ;
#4551 = ORIENTED_EDGE ( 'NONE', *, *, #5882, .T. ) ;
#4552 = CARTESIAN_POINT ( 'NONE',  ( -1152.168332374529200, 682.9043314375286400, 513.0052866412451067 ) ) ;
#4553 = CARTESIAN_POINT ( 'NONE',  ( -17.97607045427500694, 603.5851676392423997, 543.7930429848892118 ) ) ;
#4554 = CARTESIAN_POINT ( 'NONE',  ( -1149.999999999999545, 914.8752314534034440, -137.4142310823300761 ) ) ;
#4555 = CARTESIAN_POINT ( 'NONE',  ( -1125.249470218490842, 943.8906465987683987, -132.8678819461760838 ) ) ;
#4556 = DIRECTION ( 'NONE',  ( 0.000000000000000000, -1.000000000000000000, 0.000000000000000000 ) ) ;
#4557 = CARTESIAN_POINT ( 'NONE',  ( -24.14042395003246000, 85.02447134513835181, 673.3995211252976105 ) ) ;
#4558 = CARTESIAN_POINT ( 'NONE',  ( -494.2385477949183041, 925.4394108587147230, 161.9227257293868547 ) ) ;
#4559 = VERTEX_POINT ( 'NONE', #1492 ) ;
#4560 = EDGE_LOOP ( 'NONE', ( #6357, #338, #2737, #1389 ) ) ;
#4561 = CARTESIAN_POINT ( 'NONE',  ( -1129.681501348300117, 923.3699443187206271, 160.2580168674553818 ) ) ;
#4562 = DIRECTION ( 'NONE',  ( 0.000000000000000000, 0.000000000000000000, 1.000000000000000000 ) ) ;
#4563 = CIRCLE ( 'NONE', #5379, 124.9999999999992184 ) ;
#4564 = CARTESIAN_POINT ( 'NONE',  ( -24.76357172850684663, 593.1822321115423620, -533.5017709411130227 ) ) ;
#4565 = FACE_OUTER_BOUND ( 'NONE', #5013, .T. ) ;
#4566 = CARTESIAN_POINT ( 'NONE',  ( -1523.981446312945081, 345.0000000000000568, 173.9687006431360032 ) ) ;
#4567 = CARTESIAN_POINT ( 'NONE',  ( -1127.592030049134564, 665.2296189289644417, -544.6281682307003393 ) ) ;
#4568 = CARTESIAN_POINT ( 'NONE',  ( -1128.029241933501226, 213.7974827678522445, -638.0124924294020730 ) ) ;
#4569 = FACE_OUTER_BOUND ( 'NONE', #7676, .T. ) ;
#4570 = VERTEX_POINT ( 'NONE', #2371 ) ;
#4571 = CARTESIAN_POINT ( 'NONE',  ( -375.1390230150727234, 858.9505599588761697, -448.7780475532337050 ) ) ;
#4572 = EDGE_CURVE ( 'NONE', #5367, #4478, #4395, .T. ) ;
#4573 = CARTESIAN_POINT ( 'NONE',  ( 23.74999999999988276, 40.00000000000000000, 703.7500000000001137 ) ) ;
#4574 = CARTESIAN_POINT ( 'NONE',  ( -25.00000000000029488, 5.508657606012274969E-14, 680.0000000000000000 ) ) ;
#4575 = DIRECTION ( 'NONE',  ( 0.000000000000000000, 0.000000000000000000, 1.000000000000000000 ) ) ;
#4576 = DIRECTION ( 'NONE',  ( 0.9991514412379743915, -0.04118683579675160022, 0.0002050100731055823420 ) ) ;
#4578 = ADVANCED_FACE ( 'NONE', ( #1593 ), #7890, .F. ) ;
#4577 = ORIENTED_EDGE ( 'NONE', *, *, #9477, .T. ) ;
#4579 = CARTESIAN_POINT ( 'NONE',  ( -1129.268802848383757, 213.0626620049427800, -664.0142532654180059 ) ) ;
#4580 = EDGE_CURVE ( 'NONE', #6198, #2851, #88, .T. ) ;
#4581 = EDGE_CURVE ( 'NONE', #4533, #2546, #9199, .T. ) ;
#4582 = CARTESIAN_POINT ( 'NONE',  ( -1458.041541306736235, 334.9999999999999432, -158.6010951158150704 ) ) ;
#4583 = CARTESIAN_POINT ( 'NONE',  ( -1132.921770683164823, 201.1871039980976832, 668.2581352805581218 ) ) ;
#4584 = DIRECTION ( 'NONE',  ( -1.000000000000000000, -5.551115123125780730E-16, 0.000000000000000000 ) ) ;
#4585 = DIRECTION ( 'NONE',  ( -1.698300684540295726E-17, 1.000000000000000000, -0.000000000000000000 ) ) ;
#4586 = EDGE_CURVE ( 'NONE', #1299, #7742, #7037, .T. ) ;
#4587 = EDGE_LOOP ( 'NONE', ( #239, #3333, #8265, #3359 ) ) ;
#4588 = CARTESIAN_POINT ( 'NONE',  ( -1150.823736733245596, 918.9455489648189541, -149.8625354325471051 ) ) ;
#4589 = CARTESIAN_POINT ( 'NONE',  ( -1127.355893030897960, 212.2180120682895108, -639.3934370243466674 ) ) ;
#4590 = DIRECTION ( 'NONE',  ( 4.872322894325868391E-15, -0.2000000000001065370, -0.9797958971132496586 ) ) ;
#4591 = DIRECTION ( 'NONE',  ( 0.000000000000000000, 0.000000000000000000, -1.000000000000000000 ) ) ;
#4592 = CARTESIAN_POINT ( 'NONE',  ( -24.95878327246145290, 82.09485701392675594, -677.9988998597362979 ) ) ;
#4593 =( NAMED_UNIT ( * ) PLANE_ANGLE_UNIT ( ) SI_UNIT ( $, .RADIAN. ) );
#4594 = B_SPLINE_CURVE_WITH_KNOTS ( 'NONE', 3,
 ( #6763, #8376, #2144, #5273, #8432, #1358, #9931, #1309, #4505, #3724, #6871, #10035, #635, #9318, #3008, #8536, #4558, #7704, #3773, #6144, #6920, #2244, #10089, #5380, #4237, #8899, #1930, #5065, #176, #1826, #1063, #963 ),
 .UNSPECIFIED., .F., .F.,
 ( 4, 2, 2, 2, 2, 2, 2, 2, 2, 2, 2, 2, 2, 2, 2, 4 ),
 ( 0.000000000000000000, 0.001976116926785559738, 0.002964175390178363893, 0.003952233853571168049, 0.005928350780356774624, 0.007904467707142381200, 0.009880584633927987775, 0.01185670156071359609, 0.01580893541428456464, 0.01778505234107007754, 0.01976116926785558697, 0.02173728619464109640, 0.02371340312142660584, 0.02568952004821211874, 0.02766563697499763164, 0.03161787082856833131 ),
 .UNSPECIFIED. ) ;
#4595 = ORIENTED_EDGE ( 'NONE', *, *, #6050, .F. ) ;
#4596 = EDGE_CURVE ( 'NONE', #3258, #7561, #8359, .T. ) ;
#4597 = CARTESIAN_POINT ( 'NONE',  ( -22.91112386316092042, 562.6739691310777971, 553.1712790524697994 ) ) ;
#4598 = VERTEX_POINT ( 'NONE', #5407 ) ;
#4599 = ORIENTED_EDGE ( 'NONE', *, *, #7398, .T. ) ;
#4600 = CARTESIAN_POINT ( 'NONE',  ( -1141.761023477715753, 681.4787912939412990, 515.7971891393038959 ) ) ;
#4601 = CARTESIAN_POINT ( 'NONE',  ( -19.63509328015436495, 602.9700954441640306, 540.8642347398197217 ) ) ;
#4602 = CARTESIAN_POINT ( 'NONE',  ( -1150.000000000000000, 885.5051025722059421, 344.9999999998165663 ) ) ;
#4603 = ADVANCED_FACE ( 'NONE', ( #8758 ), #10186, .F. ) ;
#4604 = CARTESIAN_POINT ( 'NONE',  ( -7.926678817691126255, 596.5078684126808639, 565.9791371833186986 ) ) ;
#4605 = CARTESIAN_POINT ( 'NONE',  ( -20.81692212473789638, 116.8515469336717700, 666.1169456046841333 ) ) ;
#4606 = VERTEX_POINT ( 'NONE', #1688 ) ;
#4607 = ADVANCED_FACE ( 'NONE', ( #7008 ), #9050, .F. ) ;
#4608 = VERTEX_POINT ( 'NONE', #4401 ) ;
#4609 = CARTESIAN_POINT ( 'NONE',  ( -1130.738574649891461, 954.2143249734565416, 158.0676433781091816 ) ) ;
#4610 = AXIS2_PLACEMENT_3D ( 'NONE', #3994, #3898, #124 ) ;
#4611 = CARTESIAN_POINT ( 'NONE',  ( -25.00000000000030553, 408.5786437626904331, 680.0000000000000000 ) ) ;
#4612 = AXIS2_PLACEMENT_3D ( 'NONE', #342, #5252, #2934 ) ;
#4613 = DIRECTION ( 'NONE',  ( 4.999362528151271919E-51, 0.000000000000000000, -1.000000000000000000 ) ) ;
#4614 = CARTESIAN_POINT ( 'NONE',  ( -1134.099037712333939, 958.2900968527602572, 149.8656290407867289 ) ) ;
#4615 = DIRECTION ( 'NONE',  ( 0.000000000000000000, 1.000000000000000000, 0.000000000000000000 ) ) ;
#4616 = CARTESIAN_POINT ( 'NONE',  ( -1173.750000000000000, 40.00000000000000000, 632.2500000000002274 ) ) ;
#4617 = DIRECTION ( 'NONE',  ( 0.5786626424054297502, 0.8155670090706009789, 0.000000000000000000 ) ) ;
#4618 = VECTOR ( 'NONE', #8439, 1000.000000000000000 ) ;
#4619 = CARTESIAN_POINT ( 'NONE',  ( -23.75000000000011724, 30.00000000000000711, 697.7500000000003411 ) ) ;
#4620 = CARTESIAN_POINT ( 'NONE',  ( -1132.015677572150935, 204.6484869512749469, -667.3661344995956597 ) ) ;
#4621 = AXIS2_PLACEMENT_3D ( 'NONE', #172, #3309, #8176 ) ;
#4622 = CARTESIAN_POINT ( 'NONE',  ( -1168.624828412871693, 923.4298636926366726, 134.5344852859253706 ) ) ;
#4623 = ORIENTED_EDGE ( 'NONE', *, *, #3846, .T. ) ;
#4624 = CARTESIAN_POINT ( 'NONE',  ( -1128.152894714220338, 925.5468564266785734, -162.8505992207709880 ) ) ;
#4625 = CARTESIAN_POINT ( 'NONE',  ( -1563.041541306736235, 334.9999999999999432, 143.6010951158155535 ) ) ;
#4626 = CYLINDRICAL_SURFACE ( 'NONE', #1033, 20.00000000000008882 ) ;
#4627 = DIRECTION ( 'NONE',  ( 0.000000000000000000, -1.000000000000000000, -2.220446049250311109E-15 ) ) ;
#4628 = DIRECTION ( 'NONE',  ( -0.000000000000000000, -0.000000000000000000, -1.000000000000000000 ) ) ;
#4629 = ORIENTED_EDGE ( 'NONE', *, *, #10214, .T. ) ;
#4630 = FACE_OUTER_BOUND ( 'NONE', #3412, .T. ) ;
#4631 = B_SPLINE_CURVE_WITH_KNOTS ( 'NONE', 3,
 ( #2640, #1049, #4174, #1765, #2542, #5684, #9711, #7278, #211, #3350, #9663, #5779, #6044, #2954, #522, #5218, #1969, #2030, #4449, #2848, #9820, #1256, #5880, #5270, #3564, #3722, #4334, #9212, #8217, #7544, #6820, #2140 ),
 .UNSPECIFIED., .F., .F.,
 ( 4, 2, 2, 2, 2, 2, 2, 2, 2, 2, 2, 2, 2, 2, 2, 4 ),
 ( 0.06154081796096210616, 0.06247543890364507663, 0.06341005984632805403, 0.06527930173169387007, 0.06714854361705969998, 0.06901778550242552990, 0.07275626927315717585, 0.07462551115852303352, 0.07649475304388889119, 0.07836399492925474886, 0.08023323681462060653, 0.08397172058535243289, 0.08584096247071833219, 0.08771020435608421761, 0.08957944624145011692, 0.09144868812681600234 ),
 .UNSPECIFIED. ) ;
#4632 = LINE ( 'NONE', #7575, #2121 ) ;
#4633 = CARTESIAN_POINT ( 'NONE',  ( -1130.528649566666445, 188.5341495863386569, 665.6849766209222707 ) ) ;
#4634 = DIRECTION ( 'NONE',  ( 0.9959043170553903979, -0.08660037539612092106, 0.02598011261883533332 ) ) ;
#4635 = DIRECTION ( 'NONE',  ( 0.000000000000000000, 1.000000000000000000, 0.000000000000000000 ) ) ;
#4636 = VECTOR ( 'NONE', #9473, 999.9999999999998863 ) ;
#4637 = DIRECTION ( 'NONE',  ( -1.110223024625143327E-15, -7.716246151171155500E-31, 1.000000000000000000 ) ) ;
#4638 = ORIENTED_EDGE ( 'NONE', *, *, #2999, .F. ) ;
#4639 = DIRECTION ( 'NONE',  ( -4.614472616192961946E-16, 0.7071067811865480168, -0.7071067811865471286 ) ) ;
#4640 = CARTESIAN_POINT ( 'NONE',  ( -25.00000000000029843, 408.5786437626903762, -680.0000000000000000 ) ) ;
#4641 = DIRECTION ( 'NONE',  ( 0.9959043170553903979, -0.08660037539612092106, 0.02598011261883533332 ) ) ;
#4642 = CARTESIAN_POINT ( 'NONE',  ( -9.635650895109648673, 589.8987519286537236, -572.6485475861453551 ) ) ;
#4643 = CARTESIAN_POINT ( 'NONE',  ( -22.63619380951930893, 84.61495846146202382, -669.3839410133871297 ) ) ;
#4644 = CARTESIAN_POINT ( 'NONE',  ( -1157.270518558834965, 916.4291899978622951, 131.3379379308403259 ) ) ;
#4645 = EDGE_LOOP ( 'NONE', ( #9788, #3900 ) ) ;
#4646 = AXIS2_PLACEMENT_3D ( 'NONE', #2389, #937, #3970 ) ;
#4647 = DIRECTION ( 'NONE',  ( 0.5786626424054297502, 0.8155670090706009789, 6.167905692361981744E-15 ) ) ;
#4648 = ORIENTED_EDGE ( 'NONE', *, *, #127, .F. ) ;
#4649 = ORIENTED_EDGE ( 'NONE', *, *, #7924, .T. ) ;
#4650 = EDGE_CURVE ( 'NONE', #3514, #4606, #6696, .T. ) ;
#4651 = CARTESIAN_POINT ( 'NONE',  ( -1155.828529637165730, 682.2546997920115928, 514.2797627377391336 ) ) ;
#4652 = CARTESIAN_POINT ( 'NONE',  ( -1149.999999999999091, 877.7696337518956398, 361.1688817075470297 ) ) ;
#4653 = DIRECTION ( 'NONE',  ( 1.000000000000000000, 0.000000000000000000, 4.625929269271490844E-16 ) ) ;
#4654 = DIRECTION ( 'NONE',  ( 0.04118683666227688361, 0.9991514622347079655, 0.000000000000000000 ) ) ;
#4655 = VECTOR ( 'NONE', #5832, 1000.000000000000000 ) ;
#4656 = FACE_OUTER_BOUND ( 'NONE', #2823, .T. ) ;
#4657 = AXIS2_PLACEMENT_3D ( 'NONE', #7248, #8136, #9843 ) ;
#4658 = CARTESIAN_POINT ( 'NONE',  ( -24.73740083041379734, 84.33523827372631843, 676.3354675984655842 ) ) ;
#4659 = DIRECTION ( 'NONE',  ( 0.000000000000000000, 0.000000000000000000, -1.000000000000000000 ) ) ;
#4660 = ORIENTED_EDGE ( 'NONE', *, *, #7772, .T. ) ;
#4661 = ORIENTED_EDGE ( 'NONE', *, *, #8632, .F. ) ;
#4662 = CARTESIAN_POINT ( 'NONE',  ( -1127.919501554766384, 925.9103492768618935, 163.2435766910393795 ) ) ;
#4663 = CARTESIAN_POINT ( 'NONE',  ( -22.79274746429172538, 573.8188566990053232, -539.5896214699142774 ) ) ;
#4664 = CIRCLE ( 'NONE', #545, 6.000000000000116351 ) ;
#4665 = CIRCLE ( 'NONE', #205, 6.000000000000116351 ) ;
#4666 = LINE ( 'NONE', #2351, #8321 ) ;
#4667 = CARTESIAN_POINT ( 'NONE',  ( -1124.990359011218516, 217.9007205759585588, -649.9063367272783580 ) ) ;
#4668 = AXIS2_PLACEMENT_3D ( 'NONE', #203, #9551, #9757 ) ;
#4669 = CARTESIAN_POINT ( 'NONE',  ( -1160.143330263751523, 917.3783967549871932, 132.7913488712434855 ) ) ;
#4670 = EDGE_LOOP ( 'NONE', ( #6211, #7901, #9411, #8865 ) ) ;
#4671 = CARTESIAN_POINT ( 'NONE',  ( -1125.059716140716546, 935.4602811134054718, -167.7022390957999960 ) ) ;
#4672 = CYLINDRICAL_SURFACE ( 'NONE', #1696, 18.00000000000004974 ) ;
#4673 = DIRECTION ( 'NONE',  ( 0.000000000000000000, 1.000000000000000000, 0.000000000000000000 ) ) ;
#4674 = CARTESIAN_POINT ( 'NONE',  ( -1127.911817751255967, 928.4158934428962766, 134.6263729098691613 ) ) ;
#4675 = LINE ( 'NONE', #764, #1967 ) ;
#4676 = DIRECTION ( 'NONE',  ( -0.5106616124301164295, -0.8590958568053636002, -0.03433695400194736874 ) ) ;
#4677 = EDGE_LOOP ( 'NONE', ( #3871, #10001, #10222, #7865, #1744 ) ) ;
#4678 = CARTESIAN_POINT ( 'NONE',  ( -1135.029973658016161, 194.7378987453178070, -670.0238290182262517 ) ) ;
#4679 = TOROIDAL_SURFACE ( 'NONE', #9793, 100.0000000000001990, 25.00000000000000711 ) ;
#4680 = CARTESIAN_POINT ( 'NONE',  ( 3.038872858745769746E-14, 408.5786437626904899, 580.0000000000001137 ) ) ;
#4681 = CARTESIAN_POINT ( 'NONE',  ( -1128.591649213662549, 184.9598684715383285, 662.9185630499928266 ) ) ;
#4682 = CARTESIAN_POINT ( 'NONE',  ( -1132.485573584802978, 920.2116282036466828, 158.7165230824136017 ) ) ;
#4683 = AXIS2_PLACEMENT_3D ( 'NONE', #8763, #7300, #234 ) ;
#4684 = CIRCLE ( 'NONE', #5993, 20.00000000000008882 ) ;
#4685 = LINE ( 'NONE', #5356, #9238 ) ;
#4686 = DIRECTION ( 'NONE',  ( -1.084036547835517478E-17, 1.000000000000000000, 6.123233995736766036E-17 ) ) ;
#4687 = ORIENTED_EDGE ( 'NONE', *, *, #8695, .F. ) ;
#4688 = VECTOR ( 'NONE', #268, 999.9999999999998863 ) ;
#4689 = AXIS2_PLACEMENT_3D ( 'NONE', #7780, #3126, #711 ) ;
#4690 = DIRECTION ( 'NONE',  ( -0.000000000000000000, 1.000000000000000000, 3.663341854709201164E-15 ) ) ;
#4691 = CARTESIAN_POINT ( 'NONE',  ( 39.99999999999971578, 30.00000000000000711, -720.0000000000000000 ) ) ;
#4692 = CARTESIAN_POINT ( 'NONE',  ( -1149.340101420019437, 915.0618349755928875, 135.1434027078436486 ) ) ;
#4693 = DIRECTION ( 'NONE',  ( -0.000000000000000000, -0.000000000000000000, -1.000000000000000000 ) ) ;
#4694 = DIRECTION ( 'NONE',  ( -0.5786626424054298612, -0.8155670090706007569, 0.000000000000000000 ) ) ;
#4695 = CARTESIAN_POINT ( 'NONE',  ( -1168.085776057376734, 923.0510266399737702, 132.0648842246448282 ) ) ;
#4696 = AXIS2_PLACEMENT_3D ( 'NONE', #1468, #6880, #6928 ) ;
#4697 = ORIENTED_EDGE ( 'NONE', *, *, #6843, .T. ) ;
#4698 = CARTESIAN_POINT ( 'NONE',  ( -18.17223040053324112, 108.4037096085794474, -662.8284823057334734 ) ) ;
#4699 = VERTEX_POINT ( 'NONE', #7604 ) ;
#4700 =( BOUNDED_CURVE ( )  B_SPLINE_CURVE ( 3, ( #4785, #7011, #9401, #2326 ),
 .UNSPECIFIED., .F., .F. ) 
 B_SPLINE_CURVE_WITH_KNOTS ( ( 4, 4 ),
 ( 3.199294247969468596, 6.340886901559262157 ),
 .UNSPECIFIED. ) 
 CURVE ( )  GEOMETRIC_REPRESENTATION_ITEM ( )  RATIONAL_B_SPLINE_CURVE ( ( 1.000000000000000000, 0.3333333333333332038, 0.3333333333333332038, 1.000000000000000000 ) ) 
 REPRESENTATION_ITEM ( '' )  );
#4701 = ORIENTED_EDGE ( 'NONE', *, *, #4831, .T. ) ;
#4702 = CARTESIAN_POINT ( 'NONE',  ( -1172.999999999999773, 660.0000000000000000, 550.4159941854404678 ) ) ;
#4703 = CARTESIAN_POINT ( 'NONE',  ( -2.902317422911738039E-13, 408.5786437626904899, -580.0000000000001137 ) ) ;
#4704 = CARTESIAN_POINT ( 'NONE',  ( -1149.999999999999773, 591.5554466609410156, 646.4360166677055304 ) ) ;
#4705 = EDGE_CURVE ( 'NONE', #5087, #5885, #785, .T. ) ;
#4706 = CARTESIAN_POINT ( 'NONE',  ( -1157.319508192900230, 916.2835658069986948, -133.4355274338949471 ) ) ;
#4707 = ADVANCED_FACE ( 'NONE', ( #9106 ), #6465, .T. ) ;
#4708 = CARTESIAN_POINT ( 'NONE',  ( -9.946348666934099469, 589.4247335778266006, 572.9436028772829559 ) ) ;
#4709 = ADVANCED_FACE ( 'NONE', ( #8277 ), #4055, .F. ) ;
#4710 = EDGE_CURVE ( 'NONE', #1417, #283, #8021, .T. ) ;
#4711 = CARTESIAN_POINT ( 'NONE',  ( -1149.999999999999773, 915.0904436612948984, -134.6941054202129351 ) ) ;
#4712 = CARTESIAN_POINT ( 'NONE',  ( -1149.999999999999545, 892.0461840472281665, -379.2016327917505691 ) ) ;
#4713 = ORIENTED_EDGE ( 'NONE', *, *, #6212, .F. ) ;
#4714 = ORIENTED_EDGE ( 'NONE', *, *, #615, .F. ) ;
#4715 = EDGE_CURVE ( 'NONE', #9688, #4186, #8528, .T. ) ;
#4716 = CARTESIAN_POINT ( 'NONE',  ( -1126.051805640174507, 930.2209683660338442, 166.1418522664522754 ) ) ;
#4717 =( LENGTH_UNIT ( ) NAMED_UNIT ( * ) SI_UNIT ( .MILLI., .METRE. ) );
#4718 = DIRECTION ( 'NONE',  ( 0.000000000000000000, 1.000000000000000000, 0.000000000000000000 ) ) ;
#4719 = CARTESIAN_POINT ( 'NONE',  ( -1134.248789932451473, 920.1597827071855136, -141.3347879018683386 ) ) ;
#4720 = CARTESIAN_POINT ( 'NONE',  ( -25.00000000000029132, 82.10461023305028050, 679.8991259810308065 ) ) ;
#4721 = DIRECTION ( 'NONE',  ( -0.5106616124301164295, -0.8590958568053636002, -0.03433695400194736874 ) ) ;
#4722 = CARTESIAN_POINT ( 'NONE',  ( -1125.878684669335144, 214.9467287399183135, -656.5968421327562510 ) ) ;
#4723 = CARTESIAN_POINT ( 'NONE',  ( -1174.093019493043130, 932.5541714446590049, 146.0463856029475096 ) ) ;
#4724 = ORIENTED_EDGE ( 'NONE', *, *, #7164, .T. ) ;
#4725 = AXIS2_PLACEMENT_3D ( 'NONE', #8883, #5576, #7221 ) ;
#4726 = DIRECTION ( 'NONE',  ( 0.000000000000000000, 0.000000000000000000, 1.000000000000000000 ) ) ;
#4727 = CYLINDRICAL_SURFACE ( 'NONE', #9768, 6.000000000000005329 ) ;
#4728 = CARTESIAN_POINT ( 'NONE',  ( -1152.902214909450095, 915.3873030685163030, -133.0111299244707936 ) ) ;
#4729 = CARTESIAN_POINT ( 'NONE',  ( -357.7080113700174024, 824.5123409701826631, 302.7158385259953661 ) ) ;
#4730 = EDGE_CURVE ( 'NONE', #6772, #8538, #2853, .T. ) ;
#4731 = CARTESIAN_POINT ( 'NONE',  ( -1125.727904212627436, 178.5281663296000829, -656.1439576784971450 ) ) ;
#4732 = AXIS2_PLACEMENT_3D ( 'NONE', #7842, #773, #7105 ) ;
#4733 = CARTESIAN_POINT ( 'NONE',  ( -23.75000000000033396, 30.00000000000000711, 656.2499999999998863 ) ) ;
#4734 = DIRECTION ( 'NONE',  ( -1.065464638161417581E-15, -0.7071067811865467956, -0.7071067811865482389 ) ) ;
#4735 = CARTESIAN_POINT ( 'NONE',  ( -1125.418376613033161, 932.3791328325914947, 169.1380888233594249 ) ) ;
#4736 = CARTESIAN_POINT ( 'NONE',  ( -20.61069167311980621, 567.2102764346335562, 541.9945023031200435 ) ) ;
#4737 = B_SPLINE_CURVE_WITH_KNOTS ( 'NONE', 3,
 ( #3974, #9264, #3772, #3880, #4658, #8534, #4557, #4755, #1460, #3926, #1415, #684, #5324, #9373, #3149, #5427, #2394, #7812, #7027, #8304, #8252, #7357, #4259, #5713, #5864, #3204, #4929, #8147, #1079, #1184, #4315, #7413, #5814, #8097, #5139, #395, #2575, #3428, #3544, #6346, #8869, #9648, #2775, #1238, #8975, #5035, #1793, #2670, #7470, #8198, #3483, #1027, #288, #4204, #7127, #6688, #9853, #2724 ),
 .UNSPECIFIED., .F., .F.,
 ( 4, 2, 2, 2, 2, 2, 2, 2, 2, 2, 2, 2, 2, 2, 2, 2, 2, 2, 2, 2, 2, 2, 2, 2, 2, 2, 2, 2, 4 ),
 ( 0.05878863143023592419, 0.06062210724289204822, 0.06245558305554816531, 0.06612253468086008723, 0.06795601049351589207, 0.06978948630617171078, 0.07162296211882751562, 0.07345643793148332046, 0.07712338955679491626, 0.07895686536945072109, 0.08079034118210652593, 0.08262381699476234465, 0.08445729280741814948, 0.08629076862007395432, 0.08812424443272975916, 0.09179119605804142434, 0.09270793396436929901, 0.09362467187069718755, 0.09545814768335282585, 0.09729162349600846416, 0.09912509930866411634, 0.1027920509339755040, 0.1046255267466312117, 0.1064590025592869194, 0.1101259541845985845, 0.1119594299972544171, 0.1137929058099102358, 0.1156263816225660546, 0.1174598574352218872 ),
 .UNSPECIFIED. ) ;
#4738 = EDGE_CURVE ( 'NONE', #9760, #8867, #2091, .T. ) ;
#4739 = CARTESIAN_POINT ( 'NONE',  ( -24.15350686365602684, 570.1717771874200480, 569.0157809826481525 ) ) ;
#4740 = VERTEX_POINT ( 'NONE', #8380 ) ;
#4741 = CARTESIAN_POINT ( 'NONE',  ( -1132.807944931304519, 928.7093197963547482, -149.8625354325472472 ) ) ;
#4742 = CARTESIAN_POINT ( 'NONE',  ( -1129.402093651887071, 649.7592490191515253, -552.9458773792296142 ) ) ;
#4743 = CARTESIAN_POINT ( 'NONE',  ( -9.786782400097377987, 601.5345934385669580, -558.0280678863080084 ) ) ;
#4744 = DIRECTION ( 'NONE',  ( 0.000000000000000000, 0.000000000000000000, 1.000000000000000000 ) ) ;
#4745 = FACE_OUTER_BOUND ( 'NONE', #8699, .T. ) ;
#4746 = ORIENTED_EDGE ( 'NONE', *, *, #8592, .T. ) ;
#4747 = CARTESIAN_POINT ( 'NONE',  ( -17.97978174758448233, 107.8554877027035133, -662.6278952987539697 ) ) ;
#4748 = EDGE_LOOP ( 'NONE', ( #1116, #4349, #1789, #7573 ) ) ;
#4749 = AXIS2_PLACEMENT_3D ( 'NONE', #2219, #1287, #2115 ) ;
#4750 = VERTEX_POINT ( 'NONE', #8222 ) ;
#4751 = CARTESIAN_POINT ( 'NONE',  ( -1171.025937349214018, 669.4038615300460151, 538.1828375780014539 ) ) ;
#4752 = CARTESIAN_POINT ( 'NONE',  ( -1147.663443782547802, 912.7067528237846545, -163.3734063492243820 ) ) ;
#4753 = FACE_OUTER_BOUND ( 'NONE', #9796, .T. ) ;
#4754 = STYLED_ITEM ( 'NONE', ( #531 ), #7538 ) ;
#4755 = CARTESIAN_POINT ( 'NONE',  ( -23.60860318799747759, 85.69273418932833408, 671.7558837358176334 ) ) ;
#4756 =( LENGTH_UNIT ( ) NAMED_UNIT ( * ) SI_UNIT ( .MILLI., .METRE. ) );
#4757 = EDGE_CURVE ( 'NONE', #5745, #617, #2270, .T. ) ;
#4758 = ORIENTED_EDGE ( 'NONE', *, *, #1080, .F. ) ;
#4759 = ORIENTED_EDGE ( 'NONE', *, *, #3064, .T. ) ;
#4760 = DIRECTION ( 'NONE',  ( 0.000000000000000000, 1.000000000000000000, 0.000000000000000000 ) ) ;
#4761 = DIRECTION ( 'NONE',  ( -0.000000000000000000, -0.000000000000000000, -1.000000000000000000 ) ) ;
#4762 = EDGE_CURVE ( 'NONE', #9781, #5561, #4483, .T. ) ;
#4763 = CARTESIAN_POINT ( 'NONE',  ( -1174.356822246436650, 933.1802325875302131, -150.9394335759529042 ) ) ;
#4764 = DIRECTION ( 'NONE',  ( 0.000000000000000000, 0.6207195780578259603, 0.7840326558350197983 ) ) ;
#4765 = DIRECTION ( 'NONE',  ( 0.9991514412379745025, -0.04118683579675160716, 0.0002050100731055823692 ) ) ;
#4766 = CARTESIAN_POINT ( 'NONE',  ( -1131.916231871909758, 204.9212823366922009, -667.2626752905437115 ) ) ;
#4767 = CARTESIAN_POINT ( 'NONE',  ( -1166.809607171836205, 921.6884727078872857, 133.5576061432701067 ) ) ;
#4768 = ORIENTED_EDGE ( 'NONE', *, *, #3615, .T. ) ;
#4769 = VECTOR ( 'NONE', #1288, 1000.000000000000000 ) ;
#4770 = CARTESIAN_POINT ( 'NONE',  ( -23.75000000000028066, 40.00000000000000000, -656.2500000000000000 ) ) ;
#4771 = EDGE_CURVE ( 'NONE', #8524, #8867, #5329, .T. ) ;
#4772 = FACE_OUTER_BOUND ( 'NONE', #4951, .T. ) ;
#4773 = CARTESIAN_POINT ( 'NONE',  ( -1158.625482852178266, 916.8965177375899884, -131.0029282498836665 ) ) ;
#4774 = CARTESIAN_POINT ( 'NONE',  ( -19.82137926058628352, 114.0692934109844430, -695.2431659122865995 ) ) ;
#4775 = AXIS2_PLACEMENT_3D ( 'NONE', #8141, #4151, #4922 ) ;
#4776 = ORIENTED_EDGE ( 'NONE', *, *, #3651, .T. ) ;
#4777 = CARTESIAN_POINT ( 'NONE',  ( -1131.343190892864186, 186.4906471418030094, -666.6471731304341120 ) ) ;
#4778 = AXIS2_PLACEMENT_3D ( 'NONE', #7709, #1573, #3254 ) ;
#4779 = CARTESIAN_POINT ( 'NONE',  ( -1172.258658359680112, 926.2553570675340779, 163.4605844105186065 ) ) ;
#4780 = CARTESIAN_POINT ( 'NONE',  ( -497.5169563597821707, 921.0593019252423801, -165.3177641110570164 ) ) ;
#4781 = CARTESIAN_POINT ( 'NONE',  ( -1133.753927487744249, 957.5286003921813744, 155.3207506532626212 ) ) ;
#4782 = CARTESIAN_POINT ( 'NONE',  ( -24.69447825014072251, 594.6842272959146385, 531.5101816223848346 ) ) ;
#4783 = FACE_OUTER_BOUND ( 'NONE', #5927, .T. ) ;
#4784 = ORIENTED_EDGE ( 'NONE', *, *, #4392, .T. ) ;
#4785 = CARTESIAN_POINT ( 'NONE',  ( -1479.774980188727795, 345.0000000000000568, -173.1926445299029638 ) ) ;
#4786 = CARTESIAN_POINT ( 'NONE',  ( -1140.725453715041340, 915.8555884463563643, 147.2008263313626628 ) ) ;
#4787 = CARTESIAN_POINT ( 'NONE',  ( -7.934471601945561225, 594.8632756908353940, -567.9822157909524094 ) ) ;
#4788 = CARTESIAN_POINT ( 'NONE',  ( -480.8667994638531127, 891.3287080863029814, 150.0000000000000284 ) ) ;
#4789 = CARTESIAN_POINT ( 'NONE',  ( -500.0430627306078009, 923.4138252860708462, -129.2477933790881082 ) ) ;
#4790 = CARTESIAN_POINT ( 'NONE',  ( -1174.861398704618750, 936.2455522494981324, 150.3782231075887239 ) ) ;
#4791 = VERTEX_POINT ( 'NONE', #9269 ) ;
#4792 = CARTESIAN_POINT ( 'NONE',  ( -19.32164740243422330, 92.27699023268903034, -664.1307499192673731 ) ) ;
#4793 = VERTEX_POINT ( 'NONE', #6200 ) ;
#4794 = EDGE_CURVE ( 'NONE', #5372, #6603, #5084, .T. ) ;
#4795 = VECTOR ( 'NONE', #5460, 1000.000000000000000 ) ;
#4796 = VECTOR ( 'NONE', #2988, 1000.000000000000000 ) ;
#4797 = VERTEX_POINT ( 'NONE', #9660 ) ;
#4798 = DIRECTION ( 'NONE',  ( 0.5786626424054297502, 0.8155670090706009789, -3.083952846180990872E-15 ) ) ;
#4799 = CARTESIAN_POINT ( 'NONE',  ( -494.2436988790143459, 925.4338376405477220, 138.0652252435562559 ) ) ;
#4800 = CARTESIAN_POINT ( 'NONE',  ( -1126.250000000000455, 30.00000000000000711, -667.7499999999994316 ) ) ;
#4801 = TOROIDAL_SURFACE ( 'NONE', #7774, 149.9999999999998579, 18.00000000000003197 ) ;
#4802 = DIRECTION ( 'NONE',  ( 0.000000000000000000, 0.000000000000000000, -1.000000000000000000 ) ) ;
#4803 = DIRECTION ( 'NONE',  ( 4.872322894325868391E-15, -0.2000000000001065370, -0.9797958971132496586 ) ) ;
#4804 = CARTESIAN_POINT ( 'NONE',  ( -1126.320286709054699, 948.3778591218248266, 132.7812256601273759 ) ) ;
#4805 = VERTEX_POINT ( 'NONE', #5535 ) ;
#4806 = ORIENTED_EDGE ( 'NONE', *, *, #7268, .F. ) ;
#4807 = CARTESIAN_POINT ( 'NONE',  ( 23.74999999999972289, 40.00000000000000000, -703.7500000000000000 ) ) ;
#4808 = CARTESIAN_POINT ( 'NONE',  ( -1150.000000000000227, 39.99999999999997868, -650.0000000000011369 ) ) ;
#4809 = FACE_OUTER_BOUND ( 'NONE', #5246, .T. ) ;
#4810 = LINE ( 'NONE', #8694, #3346 ) ;
#4811 = CARTESIAN_POINT ( 'NONE',  ( -1125.000000000000000, 660.0000000000000000, -562.9128703017762518 ) ) ;
#4812 = VECTOR ( 'NONE', #9310, 1000.000000000000000 ) ;
#4813 = DIRECTION ( 'NONE',  ( 0.000000000000000000, 1.000000000000000000, 0.000000000000000000 ) ) ;
#4814 = VERTEX_POINT ( 'NONE', #797 ) ;
#4815 = CARTESIAN_POINT ( 'NONE',  ( -25.00261388723580680, 566.2637801017184529, -563.8818950095146647 ) ) ;
#4816 = AXIS2_PLACEMENT_3D ( 'NONE', #8175, #9003, #4289 ) ;
#4817 = DIRECTION ( 'NONE',  ( -0.5106616124301164295, -0.8590958568053638222, 0.03433695400194440583 ) ) ;
#4818 = CARTESIAN_POINT ( 'NONE',  ( -1163.755535589766396, 919.5102355417017179, -130.7331555775377012 ) ) ;
#4819 = CARTESIAN_POINT ( 'NONE',  ( -1131.642359069198847, 922.6638724337308304, 140.6876596430818154 ) ) ;
#4820 = EDGE_CURVE ( 'NONE', #2040, #1527, #1913, .T. ) ;
#4821 = DIRECTION ( 'NONE',  ( 1.000000000000000000, 0.000000000000000000, -2.220446049250312292E-15 ) ) ;
#4822 = ORIENTED_EDGE ( 'NONE', *, *, #5929, .F. ) ;
#4823 = DIRECTION ( 'NONE',  ( 1.084036547835517478E-17, -1.000000000000000000, -0.000000000000000000 ) ) ;
#4824 = CARTESIAN_POINT ( 'NONE',  ( -1163.936336378766100, 916.3206599611785350, 168.8062309406188319 ) ) ;
#4825 = DIRECTION ( 'NONE',  ( 0.000000000000000000, -1.000000000000000000, 0.000000000000000000 ) ) ;
#4826 = CARTESIAN_POINT ( 'NONE',  ( -1129.929821693764325, 952.6735110216683324, 163.5921723664645242 ) ) ;
#4827 = EDGE_CURVE ( 'NONE', #2645, #9173, #994, .T. ) ;
#4828 = EDGE_CURVE ( 'NONE', #3514, #1101, #4124, .T. ) ;
#4829 = CARTESIAN_POINT ( 'NONE',  ( -23.71827001476165364, 563.0164934223863611, 555.8082063573192499 ) ) ;
#4830 = ORIENTED_EDGE ( 'NONE', *, *, #9331, .F. ) ;
#4831 = EDGE_CURVE ( 'NONE', #5954, #4178, #4047, .T. ) ;
#4832 = FACE_OUTER_BOUND ( 'NONE', #4084, .T. ) ;
#4833 = CARTESIAN_POINT ( 'NONE',  ( -1140.558692070467941, 915.7871094678438340, 148.7832916040497935 ) ) ;
#4834 = DIRECTION ( 'NONE',  ( 0.000000000000000000, 1.000000000000000000, 0.000000000000000000 ) ) ;
#4835 = CARTESIAN_POINT ( 'NONE',  ( -1173.750000000000000, 40.00000000000000000, -632.2500000000002274 ) ) ;
#4836 = CARTESIAN_POINT ( 'NONE',  ( -1146.945056631441730, 637.1905649879093971, 549.3081931493873071 ) ) ;
#4837 = ORIENTED_EDGE ( 'NONE', *, *, #9889, .F. ) ;
#4838 = CARTESIAN_POINT ( 'NONE',  ( -16.94979796607905698, 103.1524663407067948, -661.6232375497041858 ) ) ;
#4839 = AXIS2_PLACEMENT_3D ( 'NONE', #9537, #1641, #3183 ) ;
#4840 = ORIENTED_EDGE ( 'NONE', *, *, #1922, .F. ) ;
#4841 = EDGE_CURVE ( 'NONE', #283, #1417, #7695, .T. ) ;
#4842 = CIRCLE ( 'NONE', #3039, 23.00000000000002132 ) ;
#4843 = CIRCLE ( 'NONE', #8829, 23.00000000000002132 ) ;
#4844 = ORIENTED_EDGE ( 'NONE', *, *, #164, .F. ) ;
#4845 = CARTESIAN_POINT ( 'NONE',  ( 23.74999999999988276, 30.00000000000000711, 697.7500000000002274 ) ) ;
#4846 = CARTESIAN_POINT ( 'NONE',  ( -24.32144026619064903, 118.9803823008737282, 685.8129630499936411 ) ) ;
#4847 = LINE ( 'NONE', #6436, #8598 ) ;
#4848 = CARTESIAN_POINT ( 'NONE',  ( -491.2297011882877200, 894.7296703688198249, -143.8673859735896485 ) ) ;
#4849 = CARTESIAN_POINT ( 'NONE',  ( -1135.812246365420606, 918.3267480870679265, 149.1799926295345529 ) ) ;
#4850 = ORIENTED_EDGE ( 'NONE', *, *, #4730, .F. ) ;
#4851 = B_SPLINE_CURVE_WITH_KNOTS ( 'NONE', 3,
 ( #1218, #9893, #10101, #5898, #9061, #9119, #4411, #485, #3635, #6777, #3116, #4669, #8650, #1622, #2449, #6260, #24, #1472, #4767, #9334, #699, #4622, #5583, #7089, #2256, #806, #3891, #7042, #3986, #7137, #3161, #1577, #3842, #902, #6356, #8547, #9431, #9518, #4723, #3938, #7769, #8744, #7185, #7875, #6308, #5392 ),
 .UNSPECIFIED., .F., .F.,
 ( 4, 2, 2, 2, 2, 2, 2, 2, 2, 2, 2, 2, 2, 2, 2, 2, 2, 2, 2, 2, 2, 2, 4 ),
 ( 0.1024220725883861066, 0.1050931349828373856, 0.1077641973772886508, 0.1104352597717399298, 0.1117707909689656248, 0.1131063221661913198, 0.1157773845606431679, 0.1184484469550950297, 0.1211195093495468778, 0.1224550405467728087, 0.1237905717439987396, 0.1264616341384509901, 0.1277971653356768378, 0.1291326965329026577, 0.1318037589273546306, 0.1344748213218066035, 0.1358103525190324512, 0.1371458837162583266, 0.1398169461107101608, 0.1411524773079360084, 0.1424880085051618561, 0.1438235397023877038, 0.1451590708996135515 ),
 .UNSPECIFIED. ) ;
#4852 = CARTESIAN_POINT ( 'NONE',  ( -1131.913430446030134, 956.0382773852383025, 152.3389473316794351 ) ) ;
#4853 = CARTESIAN_POINT ( 'NONE',  ( -1166.218819591588044, 918.0903164239306307, -168.4934555518845514 ) ) ;
#4854 = COLOUR_RGB ( '',0.6470588235294117974, 0.6196078431372549211, 0.5882352941176470784 ) ;
#4855 = EDGE_CURVE ( 'NONE', #2405, #5608, #3153, .T. ) ;
#4856 = FACE_OUTER_BOUND ( 'NONE', #3675, .T. ) ;
#4857 = LINE ( 'NONE', #6495, #9894 ) ;
#4858 = AXIS2_PLACEMENT_3D ( 'NONE', #6306, #7873, #6354 ) ;
#4859 = CARTESIAN_POINT ( 'NONE',  ( -22.27939591511578143, 562.6910609938313428, -551.2697047565220601 ) ) ;
#4860 = EDGE_LOOP ( 'NONE', ( #3915, #7256, #5178, #10079 ) ) ;
#4861 = DIRECTION ( 'NONE',  ( -1.457987752832361557E-15, 1.276756478318930021E-15, -1.000000000000000000 ) ) ;
#4862 = DIRECTION ( 'NONE',  ( 0.000000000000000000, 1.000000000000000000, 0.000000000000000000 ) ) ;
#4863 = ORIENTED_EDGE ( 'NONE', *, *, #8879, .F. ) ;
#4864 = CARTESIAN_POINT ( 'NONE',  ( -1131.862066493884640, 956.1961863224056515, 149.8661049336600684 ) ) ;
#4865 = CARTESIAN_POINT ( 'NONE',  ( 23.74999999999972289, 30.00000000000000711, -656.2500000000000000 ) ) ;
#4866 = CARTESIAN_POINT ( 'NONE',  ( -1163.132595859677394, 915.8014882668612699, 168.8042909543462144 ) ) ;
#4867 = CYLINDRICAL_SURFACE ( 'NONE', #738, 25.00000000000002132 ) ;
#4868 = CARTESIAN_POINT ( 'NONE',  ( -20.29682186741955618, 111.5413697024780504, -694.6010903563999364 ) ) ;
#4869 = VECTOR ( 'NONE', #1613, 1000.000000000000000 ) ;
#4870 = CARTESIAN_POINT ( 'NONE',  ( -24.97971813329060708, 591.7333614609487995, 531.3208645911234953 ) ) ;
#4871 = EDGE_CURVE ( 'NONE', #3488, #31, #105, .T. ) ;
#4872 = CARTESIAN_POINT ( 'NONE',  ( -494.9765681789460814, 897.9999340817089433, 138.5673340617937299 ) ) ;
#4873 = ORIENTED_EDGE ( 'NONE', *, *, #9502, .T. ) ;
#4874 = DIRECTION ( 'NONE',  ( -0.000000000000000000, 1.000000000000000000, 3.663341854709201164E-15 ) ) ;
#4875 = CARTESIAN_POINT ( 'NONE',  ( -1145.694916600460601, 915.1766131874015855, 138.2449951132580281 ) ) ;
#4876 = CARTESIAN_POINT ( 'NONE',  ( -1482.101636300528753, 344.9999999999999432, 173.2334895884946206 ) ) ;
#4877 = CARTESIAN_POINT ( 'NONE',  ( -1145.456883302877031, 914.8673461371548683, 142.6181997820507945 ) ) ;
#4878 = EDGE_CURVE ( 'NONE', #2405, #5939, #844, .T. ) ;
#4879 = CARTESIAN_POINT ( 'NONE',  ( -1140.576189127961925, 915.6406531067979131, -150.3848731943131725 ) ) ;
#4880 = CARTESIAN_POINT ( 'NONE',  ( -1162.359019441204282, 640.5876881757727688, 550.5481645301583740 ) ) ;
#4881 = AXIS2_PLACEMENT_3D ( 'NONE', #10017, #8306, #3598 ) ;
#4882 = ORIENTED_EDGE ( 'NONE', *, *, #153, .T. ) ;
#4883 = CARTESIAN_POINT ( 'NONE',  ( -20.93614767120240572, 114.2326386650561290, -666.3294730590819199 ) ) ;
#4884 = ORIENTED_EDGE ( 'NONE', *, *, #1441, .F. ) ;
#4885 = CARTESIAN_POINT ( 'NONE',  ( -12.05582537550572297, 603.7873664448662794, 552.5165400981571793 ) ) ;
#4886 = ADVANCED_FACE ( 'NONE', ( #3345 ), #2397, .F. ) ;
#4887 = EDGE_LOOP ( 'NONE', ( #5089, #3726, #9041, #5416 ) ) ;
#4888 = DIRECTION ( 'NONE',  ( 1.000000000000000000, 0.000000000000000000, 0.000000000000000000 ) ) ;
#4889 = CARTESIAN_POINT ( 'NONE',  ( -1166.022369156134801, 676.5604830344229867, 525.2663288038767178 ) ) ;
#4890 = CARTESIAN_POINT ( 'NONE',  ( -24.18571238658801192, 118.7510367974036996, 686.3520214424544292 ) ) ;
#4891 = DIRECTION ( 'NONE',  ( -1.084036547835517478E-17, 1.000000000000000000, 6.123233995736766036E-17 ) ) ;
#4892 = DIRECTION ( 'NONE',  ( 0.000000000000000000, 0.000000000000000000, 1.000000000000000000 ) ) ;
#4893 = CARTESIAN_POINT ( 'NONE',  ( -1135.351889306216435, 919.0579206426660903, -144.4247787552273508 ) ) ;
#4894 = UNCERTAINTY_MEASURE_WITH_UNIT (LENGTH_MEASURE( 1.000000000000000082E-05 ), #3327, 'distance_accuracy_value', 'NONE');
#4895 = CARTESIAN_POINT ( 'NONE',  ( -385.5549505783706081, 844.2703537956053879, -448.7780475532336482 ) ) ;
#4896 = VECTOR ( 'NONE', #7719, 999.9999999999998863 ) ;
#4897 = CARTESIAN_POINT ( 'NONE',  ( -1128.513943228925427, 952.8641990484720736, 136.4096804044485225 ) ) ;
#4898 = ORIENTED_EDGE ( 'NONE', *, *, #4242, .F. ) ;
#4899 = CARTESIAN_POINT ( 'NONE',  ( -1131.729326279778206, 955.6859865487324441, 154.1408330703260674 ) ) ;
#4900 = CARTESIAN_POINT ( 'NONE',  ( -20.19885087837007731, 578.7636131792389733, 572.0734825645553201 ) ) ;
#4901 = CARTESIAN_POINT ( 'NONE',  ( -1167.546791302457223, 919.3750316499896371, -168.0290977521874254 ) ) ;
#4902 = ADVANCED_BREP_SHAPE_REPRESENTATION ( 'Rollbar_RollCage_tasar\X2\0131\X0\m\X2\0131\X0\_Varsay\X2\0131\X0\lan<As Welded>', ( #7518, #740, #918, #7568, #4294, #4373, #4391, #7658, #7602, #850, #7538, #4222, #4351, #940, #4085, #1000, #4261 ), #6089 ) ;
#4903 = CARTESIAN_POINT ( 'NONE',  ( -10.68294319048249541, 595.2359931882762112, 565.7919797615287507 ) ) ;
#4904 = EDGE_CURVE ( 'NONE', #10187, #5661, #6864, .T. ) ;
#4905 = CARTESIAN_POINT ( 'NONE',  ( -21.44876169839894686, 571.4275110870967183, -538.5106072519365625 ) ) ;
#4906 = VERTEX_POINT ( 'NONE', #895 ) ;
#4907 = DIRECTION ( 'NONE',  ( 5.551115123125780730E-16, -1.000000000000000000, 0.000000000000000000 ) ) ;
#4908 = CARTESIAN_POINT ( 'NONE',  ( -1174.853562084979785, 935.9455831169373141, -152.9626429701948780 ) ) ;
#4909 = VERTEX_POINT ( 'NONE', #6490 ) ;
#4910 = CARTESIAN_POINT ( 'NONE',  ( -13.32693934981064210, 588.2492105783537681, -571.5894639715914991 ) ) ;
#4911 = CARTESIAN_POINT ( 'NONE',  ( -1190.000000000000227, 30.00000000000000711, 0.000000000000000000 ) ) ;
#4912 = CARTESIAN_POINT ( 'NONE',  ( -1131.730441036235106, 955.6888062140938018, -154.1222751287336905 ) ) ;
#4913 = CARTESIAN_POINT ( 'NONE',  ( -497.5785623856006055, 901.6791442571236530, 164.7361413986411094 ) ) ;
#4914 = CARTESIAN_POINT ( 'NONE',  ( -23.98523865504594710, 85.72437057629051083, -687.0738125140172770 ) ) ;
#4915 = AXIS2_PLACEMENT_3D ( 'NONE', #2915, #3730, #641 ) ;
#4916 = EDGE_LOOP ( 'NONE', ( #5032, #7981, #930, #917 ) ) ;
#4917 = DIRECTION ( 'NONE',  ( 1.000000000000000000, 0.000000000000000000, 0.000000000000000000 ) ) ;
#4918 = CIRCLE ( 'NONE', #4274, 23.00000000000003553 ) ;
#4919 = CARTESIAN_POINT ( 'NONE',  ( -1165.912607042218724, 643.3758839578983952, -551.4647523597875534 ) ) ;
#4920 = CARTESIAN_POINT ( 'NONE',  ( -9.075066759283503259, 600.3547095529260105, -560.2099660428187917 ) ) ;
#4921 = CARTESIAN_POINT ( 'NONE',  ( -492.1937282297151341, 891.7956246476031765, 138.6611273999474179 ) ) ;
#4922 = DIRECTION ( 'NONE',  ( 0.000000000000000000, 0.000000000000000000, -1.000000000000000000 ) ) ;
#4923 = CARTESIAN_POINT ( 'NONE',  ( -1172.028587684039621, 653.3752231358411109, 553.0775492332302292 ) ) ;
#4924 = VECTOR ( 'NONE', #9046, 1000.000000000000000 ) ;
#4925 = ORIENTED_EDGE ( 'NONE', *, *, #5007, .F. ) ;
#4926 = CARTESIAN_POINT ( 'NONE',  ( -1131.421143993355599, 203.7353390569692522, 633.2715851136304082 ) ) ;
#4927 = ORIENTED_EDGE ( 'NONE', *, *, #7731, .T. ) ;
#4928 = CARTESIAN_POINT ( 'NONE',  ( -1129.585907337672097, 184.9290438971441404, 635.5602126133462662 ) ) ;
#4929 = CARTESIAN_POINT ( 'NONE',  ( -16.98974589266583024, 99.43604778710479764, 661.6600527826608413 ) ) ;
#4930 = VERTEX_POINT ( 'NONE', #4026 ) ;
#4931 =( LENGTH_UNIT ( ) NAMED_UNIT ( * ) SI_UNIT ( .MILLI., .METRE. ) );
#4932 = FACE_OUTER_BOUND ( 'NONE', #1359, .T. ) ;
#4933 = CARTESIAN_POINT ( 'NONE',  ( -24.66405664596948810, 119.5664991044620677, 684.1263039580362602 ) ) ;
#4934 = DIRECTION ( 'NONE',  ( -1.541976423090493898E-14, -1.000000000000000000, 0.000000000000000000 ) ) ;
#4935 = DIRECTION ( 'NONE',  ( -0.000000000000000000, 1.000000000000000000, -0.000000000000000000 ) ) ;
#4936 = CARTESIAN_POINT ( 'NONE',  ( -1129.237590193764163, 926.2644050946229299, -133.6967181910671627 ) ) ;
#4937 = EDGE_CURVE ( 'NONE', #1726, #4968, #2424, .T. ) ;
#4938 = CARTESIAN_POINT ( 'NONE',  ( -1132.235335822370644, 957.1294084384767302, 143.3423664266957758 ) ) ;
#4939 = CARTESIAN_POINT ( 'NONE',  ( -1125.698061465706360, 946.2873494869591013, 131.6923966395486048 ) ) ;
#4940 = ADVANCED_FACE ( 'NONE', ( #67 ), #3207, .F. ) ;
#4941 = ORIENTED_EDGE ( 'NONE', *, *, #9297, .T. ) ;
#4942 = VECTOR ( 'NONE', #3146, 999.9999999999998863 ) ;
#4943 = CARTESIAN_POINT ( 'NONE',  ( -1133.744384611632313, 957.5196928743332592, -155.3139017066655754 ) ) ;
#4944 = PRESENTATION_STYLE_ASSIGNMENT (( #7271 ) ) ;
#4945 = CARTESIAN_POINT ( 'NONE',  ( -1168.169644159767131, 920.0422280379453923, -167.7372374315823436 ) ) ;
#4946 = DIRECTION ( 'NONE',  ( 1.000000000000000000, 0.000000000000000000, 0.000000000000000000 ) ) ;
#4947 = CARTESIAN_POINT ( 'NONE',  ( -11.64888228708628937, 591.4438321651063006, 569.5201346558867499 ) ) ;
#4948 = PLANE ( 'NONE',  #5434 ) ;
#4949 = CARTESIAN_POINT ( 'NONE',  ( -20.53956189276662059, 566.4323080689603103, -542.8002133336963198 ) ) ;
#4950 = EDGE_LOOP ( 'NONE', ( #7018, #1, #4208, #5211 ) ) ;
#4951 = EDGE_LOOP ( 'NONE', ( #8848, #8915, #8033, #9375 ) ) ;
#4952 = DIRECTION ( 'NONE',  ( 0.000000000000000000, 0.000000000000000000, -1.000000000000000000 ) ) ;
#4953 = AXIS2_PLACEMENT_3D ( 'NONE', #3654, #9198, #1292 ) ;
#4954 = DIRECTION ( 'NONE',  ( 1.000000000000000000, -0.000000000000000000, 0.000000000000000000 ) ) ;
#4955 = CARTESIAN_POINT ( 'NONE',  ( -1132.805098833248621, 921.2224507488335803, 143.8708359931183054 ) ) ;
#4956 = CARTESIAN_POINT ( 'NONE',  ( -1134.527150438173976, 929.7312456376706677, -149.8625354325472472 ) ) ;
#4957 = EDGE_LOOP ( 'NONE', ( #4358, #8394 ) ) ;
#4958 = AXIS2_PLACEMENT_3D ( 'NONE', #2581, #9549, #10 ) ;
#4959 = EDGE_LOOP ( 'NONE', ( #1141, #6109, #7117, #2336 ) ) ;
#4960 = CARTESIAN_POINT ( 'NONE',  ( -12.45611885485806880, 589.7463258317775399, -570.7454858267324198 ) ) ;
#4961 = DIRECTION ( 'NONE',  ( -1.000000000000000000, -1.698300684540304970E-17, 0.000000000000000000 ) ) ;
#4962 = EDGE_CURVE ( 'NONE', #15, #8970, #1418, .T. ) ;
#4963 = LINE ( 'NONE', #9892, #66 ) ;
#4964 = CARTESIAN_POINT ( 'NONE',  ( -24.89261371099074438, 119.9764908225947693, -682.3911201421938131 ) ) ;
#4965 = CIRCLE ( 'NONE', #7452, 25.00000000000002132 ) ;
#4966 = VECTOR ( 'NONE', #9900, 1000.000000000000000 ) ;
#4967 = CARTESIAN_POINT ( 'NONE',  ( -25.00120339557695459, 590.6238238033599828, 531.3683947423107838 ) ) ;
#4968 = VERTEX_POINT ( 'NONE', #462 ) ;
#4969 = AXIS2_PLACEMENT_3D ( 'NONE', #46, #7064, #927 ) ;
#4970 = ORIENTED_EDGE ( 'NONE', *, *, #3006, .F. ) ;
#4971 = CYLINDRICAL_SURFACE ( 'NONE', #4657, 18.00000000000001421 ) ;
#4972 = CARTESIAN_POINT ( 'NONE',  ( -1140.332141153395924, 639.1168113640870843, -550.0249904707526412 ) ) ;
#4973 = DIRECTION ( 'NONE',  ( -1.000000000000000000, -1.850371707708592867E-14, 0.000000000000000000 ) ) ;
#4974 = CARTESIAN_POINT ( 'NONE',  ( -1125.009595787835224, 179.7589966031966355, 650.6926018427853933 ) ) ;
#4975 = VECTOR ( 'NONE', #2661, 1000.000000000000000 ) ;
#4976 = ORIENTED_EDGE ( 'NONE', *, *, #4061, .F. ) ;
#4977 = CARTESIAN_POINT ( 'NONE',  ( -1126.734298316763216, 213.1865475736805422, 640.8353892043530777 ) ) ;
#4978 = EDGE_LOOP ( 'NONE', ( #260, #5327, #7289, #3697, #3461 ) ) ;
#4979 = DIRECTION ( 'NONE',  ( 0.000000000000000000, 1.000000000000000000, 0.000000000000000000 ) ) ;
#4980 = CARTESIAN_POINT ( 'NONE',  ( -1149.999999999999545, 912.6723582046643060, -162.6455621457648135 ) ) ;
#4981 = ORIENTED_EDGE ( 'NONE', *, *, #408, .T. ) ;
#4982 = SURFACE_STYLE_USAGE ( .BOTH. , #7359 ) ;
#4983 = ORIENTED_EDGE ( 'NONE', *, *, #7468, .F. ) ;
#4984 = CARTESIAN_POINT ( 'NONE',  ( 3.038872858745772902E-14, 479.2893218813452449, -650.7106781186548687 ) ) ;
#4985 = CARTESIAN_POINT ( 'NONE',  ( -19.37446305159983240, 93.96786815998125064, 695.8034019507928178 ) ) ;
#4986 = CARTESIAN_POINT ( 'NONE',  ( -18.55384458403107573, 111.7905184226248139, 696.7788878012720488 ) ) ;
#4987 = DIRECTION ( 'NONE',  ( -0.000000000000000000, 1.000000000000000000, -0.000000000000000000 ) ) ;
#4988 = DIRECTION ( 'NONE',  ( 0.000000000000000000, 0.000000000000000000, -1.000000000000000000 ) ) ;
#4989 = CARTESIAN_POINT ( 'NONE',  ( -24.99780592538273538, 590.1096770431943241, -533.4577088282660497 ) ) ;
#4990 = CIRCLE ( 'NONE', #8960, 20.00000000000001776 ) ;
#4991 = FACE_OUTER_BOUND ( 'NONE', #4244, .T. ) ;
#4992 = CARTESIAN_POINT ( 'NONE',  ( -1131.156093972515009, 923.5653428332419708, 136.1559359056954008 ) ) ;
#4993 = ORIENTED_EDGE ( 'NONE', *, *, #3622, .T. ) ;
#4994 = CLOSED_SHELL ( 'NONE', ( #8747, #1267, #100, #1685, #3004, #7326, #173, #929, #1929, #1700, #9196, #9458, #4995, #4409 ) ) ;
#4995 = ADVANCED_FACE ( 'NONE', ( #306, #3446, #9763, #6964, #2136 ), #4442, .T. ) ;
#4996 = CARTESIAN_POINT ( 'NONE',  ( -1132.641693907738954, 921.4258114610253187, -143.3006256583461777 ) ) ;
#4997 = CARTESIAN_POINT ( 'NONE',  ( -1125.316833612926075, 933.1487123943433062, -169.2862218312053244 ) ) ;
#4998 = DIRECTION ( 'NONE',  ( 1.084036547835517478E-17, -1.000000000000000000, -0.000000000000000000 ) ) ;
#4999 = AXIS2_PLACEMENT_3D ( 'NONE', #9404, #9975, #777 ) ;
#5000 = CARTESIAN_POINT ( 'NONE',  ( 23.74999999999988276, 30.00000000000000711, 697.7500000000002274 ) ) ;
#5001 = EDGE_CURVE ( 'NONE', #9649, #336, #3244, .T. ) ;
#5002 = EDGE_CURVE ( 'NONE', #283, #1568, #4563, .T. ) ;
#5003 = EDGE_CURVE ( 'NONE', #527, #8094, #787, .T. ) ;
#5004 = CARTESIAN_POINT ( 'NONE',  ( -1443.041541306736235, 345.0000000000000000, -143.6010951158150704 ) ) ;
#5005 = CARTESIAN_POINT ( 'NONE',  ( -1174.999999999999773, 710.0000000000002274, -459.5549574651162175 ) ) ;
#5006 = CARTESIAN_POINT ( 'NONE',  ( -21.81098660152820656, 562.8401723028308652, -549.8638171159511785 ) ) ;
#5007 = EDGE_CURVE ( 'NONE', #4056, #5744, #2579, .T. ) ;
#5008 = ORIENTED_EDGE ( 'NONE', *, *, #5325, .T. ) ;
#5009 = VERTEX_POINT ( 'NONE', #9600 ) ;
#5010 = DIRECTION ( 'NONE',  ( 0.000000000000000000, 0.7071067811865463515, 0.7071067811865486830 ) ) ;
#5011 = EDGE_CURVE ( 'NONE', #9178, #6159, #7028, .T. ) ;
#5012 = CARTESIAN_POINT ( 'NONE',  ( -480.0430627306077440, 911.3117373309970617, 302.7158385259953661 ) ) ;
#5013 = EDGE_LOOP ( 'NONE', ( #1891, #3843, #9503, #5471 ) ) ;
#5014 = VERTEX_POINT ( 'NONE', #8725 ) ;
#5015 = CARTESIAN_POINT ( 'NONE',  ( -11.68067179223312912, 600.1151966964428084, -558.4837253388183171 ) ) ;
#5016 = DIRECTION ( 'NONE',  ( 0.000000000000000000, 0.000000000000000000, 1.000000000000000000 ) ) ;
#5017 = DIRECTION ( 'NONE',  ( -1.000000000000000000, 1.656660919557851022E-16, 0.000000000000000000 ) ) ;
#5018 = DIRECTION ( 'NONE',  ( 5.551115123125780730E-16, -1.000000000000000000, 0.000000000000000000 ) ) ;
#5019 = VECTOR ( 'NONE', #9038, 1000.000000000000000 ) ;
#5020 = CARTESIAN_POINT ( 'NONE',  ( -16.15583212140100855, 605.1754744071823779, 544.4197244725238534 ) ) ;
#5021 = ORIENTED_EDGE ( 'NONE', *, *, #7683, .F. ) ;
#5022 = VERTEX_POINT ( 'NONE', #2480 ) ;
#5023 = DIRECTION ( 'NONE',  ( -0.000000000000000000, 1.000000000000000000, -0.000000000000000000 ) ) ;
#5024 = EDGE_CURVE ( 'NONE', #4797, #6057, #8350, .T. ) ;
#5025 = CARTESIAN_POINT ( 'NONE',  ( -1172.992136321914359, 659.3785058642135937, -550.8845095515997627 ) ) ;
#5026 = CARTESIAN_POINT ( 'NONE',  ( 23.74999999999967315, 40.00000000000000000, 656.2500000000000000 ) ) ;
#5027 = FACE_BOUND ( 'NONE', #10103, .T. ) ;
#5028 = LINE ( 'NONE', #8193, #1154 ) ;
#5029 = CARTESIAN_POINT ( 'NONE',  ( -1134.657263152837231, 642.8610363192227624, 551.3023541535961840 ) ) ;
#5030 = ORIENTED_EDGE ( 'NONE', *, *, #461, .F. ) ;
#5031 = CARTESIAN_POINT ( 'NONE',  ( -1131.478004129048713, 193.2069173855680049, 633.2049135705779008 ) ) ;
#5032 = ORIENTED_EDGE ( 'NONE', *, *, #3248, .T. ) ;
#5033 = CARTESIAN_POINT ( 'NONE',  ( -1134.359120010531569, 196.6925423451459665, 630.4970501739916244 ) ) ;
#5034 = DIRECTION ( 'NONE',  ( -1.065464638161417581E-15, -0.7071067811865467956, -0.7071067811865482389 ) ) ;
#5035 = CARTESIAN_POINT ( 'NONE',  ( -22.12264247214182689, 116.2042399191227275, 668.3455103317271551 ) ) ;
#5036 = EDGE_CURVE ( 'NONE', #3335, #795, #9012, .T. ) ;
#5037 = EDGE_LOOP ( 'NONE', ( #9113, #3189 ) ) ;
#5038 = CARTESIAN_POINT ( 'NONE',  ( -40.00000000000028422, 30.00000000000000711, -640.0000000000000000 ) ) ;
#5039 = ORIENTED_EDGE ( 'NONE', *, *, #9746, .F. ) ;
#5040 = DIRECTION ( 'NONE',  ( 1.091107039334787751E-15, -2.115144935513907174E-15, 1.000000000000000000 ) ) ;
#5041 =( LENGTH_UNIT ( ) NAMED_UNIT ( * ) SI_UNIT ( .MILLI., .METRE. ) );
#5042 = VECTOR ( 'NONE', #8203, 1000.000000000000000 ) ;
#5043 = CARTESIAN_POINT ( 'NONE',  ( -15.61889972481271904, 99.50044713552748021, 699.5205451148284510 ) ) ;
#5044 = CARTESIAN_POINT ( 'NONE',  ( -1135.360425841176493, 196.4313016039164097, 670.2654371999536806 ) ) ;
#5045 = CARTESIAN_POINT ( 'NONE',  ( -23.01701623644354910, 119.8731221799451845, -670.2229458054408724 ) ) ;
#5046 = CARTESIAN_POINT ( 'NONE',  ( -1125.759276330473085, 946.5279374184812013, -131.7938039089395090 ) ) ;
#5047 = ORIENTED_EDGE ( 'NONE', *, *, #4730, .T. ) ;
#5048 = EDGE_LOOP ( 'NONE', ( #6659, #2332 ) ) ;
#5049 = CARTESIAN_POINT ( 'NONE',  ( -1133.078221389836926, 920.8713241979752411, -145.0094557901129235 ) ) ;
#5050 = CARTESIAN_POINT ( 'NONE',  ( -1127.436015762676107, 948.2336881901474044, -167.0913442276456919 ) ) ;
#5051 = CARTESIAN_POINT ( 'NONE',  ( -22.50588644458699505, 566.6782284165376495, 547.6992732986741430 ) ) ;
#5052 = CARTESIAN_POINT ( 'NONE',  ( -1171.770289512206546, 927.5713825300764483, -138.0230732816210946 ) ) ;
#5053 = CARTESIAN_POINT ( 'NONE',  ( -10.72294111256477400, 594.8147313440711059, 566.2789356753610264 ) ) ;
#5054 = CARTESIAN_POINT ( 'NONE',  ( -14.64127770052292909, 99.05449960923736796, 659.7357815240318359 ) ) ;
#5055 = CARTESIAN_POINT ( 'NONE',  ( -22.09522849884622175, 573.8525385767763964, -536.9711791996454622 ) ) ;
#5056 = EDGE_LOOP ( 'NONE', ( #134, #458 ) ) ;
#5057 = ORIENTED_EDGE ( 'NONE', *, *, #2164, .F. ) ;
#5058 = CARTESIAN_POINT ( 'NONE',  ( -496.1926543738846931, 899.5029555928889522, 136.9988205610488876 ) ) ;
#5059 = CARTESIAN_POINT ( 'NONE',  ( -17.90824928144204975, 579.7098487280110248, -574.9647410454888359 ) ) ;
#5060 = CARTESIAN_POINT ( 'NONE',  ( -1172.291070861283742, 926.0707443770736518, -166.1882641727081023 ) ) ;
#5061 = DIRECTION ( 'NONE',  ( -0.000000000000000000, -0.000000000000000000, -1.000000000000000000 ) ) ;
#5062 = ORIENTED_EDGE ( 'NONE', *, *, #5489, .F. ) ;
#5063 = ORIENTED_EDGE ( 'NONE', *, *, #2879, .T. ) ;
#5064 = CARTESIAN_POINT ( 'NONE',  ( -10.79318224392210368, 597.5472380477999650, -562.7642108520282136 ) ) ;
#5065 = CARTESIAN_POINT ( 'NONE',  ( -499.3692334827637751, 916.4984312627926784, 167.4650952253559524 ) ) ;
#5066 = CARTESIAN_POINT ( 'NONE',  ( -499.8109546487932562, 908.2137741879898840, 167.5768560175466177 ) ) ;
#5067 = CARTESIAN_POINT ( 'NONE',  ( -19.65010407088588451, 110.0330783660113383, -695.4594964273379674 ) ) ;
#5068 = DIRECTION ( 'NONE',  ( 0.000000000000000000, 0.000000000000000000, 1.000000000000000000 ) ) ;
#5069 = ADVANCED_FACE ( 'NONE', ( #5614 ), #3728, .F. ) ;
#5070 = VERTEX_POINT ( 'NONE', #7956 ) ;
#5071 = CARTESIAN_POINT ( 'NONE',  ( -1149.999999999999545, 877.7696337518954124, -361.1688817075472571 ) ) ;
#5072 = CARTESIAN_POINT ( 'NONE',  ( -1167.499618596237951, 644.9982488611659619, -551.9474845672339143 ) ) ;
#5073 = DIRECTION ( 'NONE',  ( 0.000000000000000000, 0.000000000000000000, -1.000000000000000000 ) ) ;
#5074 = CARTESIAN_POINT ( 'NONE',  ( -480.0430627306076872, 911.3117373309971754, 302.7158385259953093 ) ) ;
#5075 = DIRECTION ( 'NONE',  ( 0.000000000000000000, 0.000000000000000000, -1.000000000000000000 ) ) ;
#5076 = PRESENTATION_STYLE_ASSIGNMENT (( #1835 ) ) ;
#5077 = CIRCLE ( 'NONE', #4089, 24.99999999999998579 ) ;
#5078 = EDGE_LOOP ( 'NONE', ( #2105, #2010, #481, #3637 ) ) ;
#5079 = CARTESIAN_POINT ( 'NONE',  ( -2.930484299292126870E-13, 408.5786437626904899, -580.0000000000001137 ) ) ;
#5080 = ORIENTED_EDGE ( 'NONE', *, *, #7486, .T. ) ;
#5081 = CARTESIAN_POINT ( 'NONE',  ( -1134.457374385201774, 197.7312562867479926, 630.4187053753064447 ) ) ;
#5082 = DIRECTION ( 'NONE',  ( 0.000000000000000000, 1.000000000000000000, 0.000000000000000000 ) ) ;
#5083 = CARTESIAN_POINT ( 'NONE',  ( -1147.219699562070218, 913.1103725660426562, -159.6079342758856683 ) ) ;
#5084 = B_SPLINE_CURVE_WITH_KNOTS ( 'NONE', 3,
 ( #9218, #7818, #1517, #8539, #2346, #8642, #1420, #3063, #5431, #1463, #2247, #4561, #2911, #9322, #6978, #4662, #753, #7760, #5276, #7707, #4716, #530, #3885, #3677, #639, #4508, #8435, #9993, #1362, #3776, #7660, #7033, #587, #3727, #10196, #6049, #6828, #10092, #3110, #6249, #6875, #688, #2147, #10038, #2959, #3013, #6100, #2198, #6923, #6147, #4609, #3832, #16, #3250, #4899, #5623, #4852, #2487, #1810, #2587, #7866, #9557 ),
 .UNSPECIFIED., .F., .F.,
 ( 4, 2, 2, 2, 2, 2, 2, 2, 2, 2, 2, 2, 2, 2, 2, 2, 2, 2, 2, 2, 2, 2, 2, 2, 2, 2, 2, 2, 2, 2, 4 ),
 ( 0.1169970699778337536, 0.1188294016562218558, 0.1206617333346099441, 0.1224940650129980324, 0.1243263966913861346, 0.1279910600481625749, 0.1298233917265509407, 0.1316557234049392788, 0.1353203867617160105, 0.1371527184401042099, 0.1389850501184924370, 0.1408173817968806640, 0.1417335476360749302, 0.1426497134752691687, 0.1463143768320464000, 0.1472305426712409437, 0.1481467085104354875, 0.1499790401888242697, 0.1518113718672130519, 0.1536437035456018063, 0.1554760352239905885, 0.1573083669023793707, 0.1609730302591571294, 0.1628053619375458561, 0.1646376936159346105, 0.1683023569727121194, 0.1701346886511009571, 0.1719670203294897948, 0.1737993520078786047, 0.1747155178470730097, 0.1756316836862673592 ),
 .UNSPECIFIED. ) ;
#5085 = CARTESIAN_POINT ( 'NONE',  ( -2.873344195592006673E-13, 5.551115123125782702E-14, 680.0000000000000000 ) ) ;
#5086 = AXIS2_PLACEMENT_3D ( 'NONE', #7110, #4007, #3186 ) ;
#5087 = VERTEX_POINT ( 'NONE', #147 ) ;
#5088 =( NAMED_UNIT ( * ) PLANE_ANGLE_UNIT ( ) SI_UNIT ( $, .RADIAN. ) );
#5089 = ORIENTED_EDGE ( 'NONE', *, *, #7870, .F. ) ;
#5090 = CYLINDRICAL_SURFACE ( 'NONE', #2913, 4.999999999999838352 ) ;
#5091 = AXIS2_PLACEMENT_3D ( 'NONE', #4357, #9013, #5068 ) ;
#5092 = DIRECTION ( 'NONE',  ( 0.7941567930305997169, -0.5634716255418393827, -0.2276284588811126608 ) ) ;
#5093 = CARTESIAN_POINT ( 'NONE',  ( -1132.874081536238464, 189.1853481195568634, 668.2273257182139332 ) ) ;
#5094 = DIRECTION ( 'NONE',  ( -1.000000000000000000, -5.551115123125780730E-16, 0.000000000000000000 ) ) ;
#5095 = CARTESIAN_POINT ( 'NONE',  ( -1127.750668802752443, 928.8683954453725846, -132.0177038117205655 ) ) ;
#5096 = EDGE_CURVE ( 'NONE', #2821, #9805, #9413, .T. ) ;
#5098 = VERTEX_POINT ( 'NONE', #1751 ) ;
#5097 = VECTOR ( 'NONE', #3018, 1000.000000000000000 ) ;
#5099 = VECTOR ( 'NONE', #2039, 1000.000000000000000 ) ;
#5100 = EDGE_LOOP ( 'NONE', ( #8327, #9705, #2945, #3099 ) ) ;
#5101 = CARTESIAN_POINT ( 'NONE',  ( -1126.177265338682446, 929.6447879511005112, -168.0595240639813710 ) ) ;
#5102 = DIRECTION ( 'NONE',  ( -1.000000000000000000, 1.144917494144692189E-16, 1.387778780781445059E-17 ) ) ;
#5103 = CARTESIAN_POINT ( 'NONE',  ( -1174.214340088585686, 932.9009075498371431, -147.3531145490186134 ) ) ;
#5104 = B_SPLINE_CURVE_WITH_KNOTS ( 'NONE', 3,
 ( #3763, #9922, #673, #6907, #6959, #9205, #10074, #2187, #3714, #3606, #10130, #5984, #4439, #2994, #5313, #6037, #1298, #9363, #6863, #7743, #2233, #3050, #5368, #2130, #5262, #1347, #3662, #9980, #8475, #10026, #516, #5417 ),
 .UNSPECIFIED., .F., .F.,
 ( 4, 2, 2, 2, 2, 2, 2, 2, 2, 2, 2, 2, 2, 2, 2, 4 ),
 ( 0.000000000000000000, 0.001976116926785308203, 0.002964175390178018683, 0.003952233853570729163, 0.005928350780356164001, 0.007904467707141597105, 0.009880584633927030208, 0.01185670156071246678, 0.01580893541428345442, 0.01778505234106907140, 0.01976116926785468839, 0.02173728619464030537, 0.02371340312142592235, 0.02568952004821153934, 0.02766563697499715632, 0.03161787082856806069 ),
 .UNSPECIFIED. ) ;
#5105 = CARTESIAN_POINT ( 'NONE',  ( -1168.558715849122564, 920.2724924295304163, 169.6983371513607324 ) ) ;
#5106 = CARTESIAN_POINT ( 'NONE',  ( -19.43003306710637546, 88.69320091406954987, 664.2603732988116008 ) ) ;
#5107 = DIRECTION ( 'NONE',  ( 0.000000000000000000, -3.663341854709234296E-15, 1.000000000000000000 ) ) ;
#5108 = ORIENTED_EDGE ( 'NONE', *, *, #53, .F. ) ;
#5109 = EDGE_LOOP ( 'NONE', ( #975, #2772, #3766, #1234 ) ) ;
#5110 = CARTESIAN_POINT ( 'NONE',  ( -1149.999999999999545, 515.2069385598509825, 649.9999999999974989 ) ) ;
#5111 = CARTESIAN_POINT ( 'NONE',  ( -11.57325284810865007, 554.3993379372429899, 559.2893218813455860 ) ) ;
#5112 = CARTESIAN_POINT ( 'NONE',  ( -479.2193259973622048, 931.2947665756913693, -149.7250708650966828 ) ) ;
#5113 = MECHANICAL_DESIGN_GEOMETRIC_PRESENTATION_REPRESENTATION (  '', ( #7940 ), #340 ) ;
#5114 = CYLINDRICAL_SURFACE ( 'NONE', #8076, 4.999999999999809930 ) ;
#5115 = DIRECTION ( 'NONE',  ( -0.000000000000000000, 1.000000000000000000, 3.663341854709201164E-15 ) ) ;
#5116 = EDGE_LOOP ( 'NONE', ( #4976, #6428, #4844, #1818, #1252 ) ) ;
#5117 = CARTESIAN_POINT ( 'NONE',  ( -1157.394609174132711, 681.7839423941868517, -515.2010686920842772 ) ) ;
#5118 = CARTESIAN_POINT ( 'NONE',  ( -1131.911654766078527, 189.1134244140965563, -632.7271529485421979 ) ) ;
#5119 = CARTESIAN_POINT ( 'NONE',  ( -489.8142825018197755, 893.8605474046166819, 152.4801516038633906 ) ) ;
#5120 = CARTESIAN_POINT ( 'NONE',  ( -22.99999999999998224, 600.0000000000000000, 488.5786437626904899 ) ) ;
#5121 = CARTESIAN_POINT ( 'NONE',  ( -12.65464280825357157, 604.1845081806029611, 551.2183688390985026 ) ) ;
#5122 = EDGE_LOOP ( 'NONE', ( #9540, #8653, #9105, #9584, #7406, #4227 ) ) ;
#5123 = ORIENTED_EDGE ( 'NONE', *, *, #3261, .T. ) ;
#5124 = EDGE_CURVE ( 'NONE', #1284, #5966, #2337, .T. ) ;
#5125 = DIRECTION ( 'NONE',  ( 0.000000000000000000, 0.6207195780579074507, 0.7840326558349552943 ) ) ;
#5127 = CARTESIAN_POINT ( 'NONE',  ( -1143.885547008238746, 637.7733960042068020, -549.5287794801123482 ) ) ;
#5126 = VECTOR ( 'NONE', #4802, 1000.000000000000000 ) ;
#5128 = DIRECTION ( 'NONE',  ( -0.000000000000000000, 1.000000000000000000, -0.000000000000000000 ) ) ;
#5129 = CARTESIAN_POINT ( 'NONE',  ( -1149.999999999999773, 577.2788963656116721, 628.4032655834996604 ) ) ;
#5130 = DIRECTION ( 'NONE',  ( 1.000000000000000000, 0.000000000000000000, 0.000000000000000000 ) ) ;
#5131 = DIRECTION ( 'NONE',  ( 1.000000000000000000, 0.000000000000000000, 0.000000000000000000 ) ) ;
#5133 = EDGE_CURVE ( 'NONE', #3344, #1554, #3557, .T. ) ;
#5132 = VERTEX_POINT ( 'NONE', #4845 ) ;
#5134 = CARTESIAN_POINT ( 'NONE',  ( -1127.498803670104735, 215.2277489130322294, -660.9127607302020806 ) ) ;
#5135 = ORIENTED_EDGE ( 'NONE', *, *, #2867, .T. ) ;
#5137 = ADVANCED_FACE ( 'NONE', ( #5475 ), #103, .F. ) ;
#5136 = AXIS2_PLACEMENT_3D ( 'NONE', #9068, #4147, #331 ) ;
#5138 = CARTESIAN_POINT ( 'NONE',  ( -1131.332554273927371, 187.9919615572763973, 633.3461301533729966 ) ) ;
#5139 = CARTESIAN_POINT ( 'NONE',  ( -17.71034764705170161, 106.9859263343942644, 662.3546341372579036 ) ) ;
#5140 = AXIS2_PLACEMENT_3D ( 'NONE', #5769, #6535, #4988 ) ;
#5141 = CARTESIAN_POINT ( 'NONE',  ( -1150.000000000000227, 200.0000000000000284, -650.0000000000011369 ) ) ;
#5142 = EDGE_CURVE ( 'NONE', #7144, #8818, #6434, .T. ) ;
#5143 = DIRECTION ( 'NONE',  ( 0.000000000000000000, 0.000000000000000000, 1.000000000000000000 ) ) ;
#5144 = EDGE_LOOP ( 'NONE', ( #8736, #7097 ) ) ;
#5145 = DIRECTION ( 'NONE',  ( 1.000000000000000000, 0.000000000000000000, 0.000000000000000000 ) ) ;
#5146 = CARTESIAN_POINT ( 'NONE',  ( -1132.162710538331567, 197.3695672175166749, -632.4833874852590725 ) ) ;
#5147 = CARTESIAN_POINT ( 'NONE',  ( -16.33524267565066168, 106.5085175492377516, 698.9264997195589331 ) ) ;
#5148 = CARTESIAN_POINT ( 'NONE',  ( -1135.566764217145419, 199.5688896968489132, 670.4128728914446356 ) ) ;
#5149 = AXIS2_PLACEMENT_3D ( 'NONE', #2214, #2924, #9341 ) ;
#5150 = CYLINDRICAL_SURFACE ( 'NONE', #1531, 25.00000000000002132 ) ;
#5151 = DIRECTION ( 'NONE',  ( 0.000000000000000000, 1.000000000000000000, 0.000000000000000000 ) ) ;
#5152 = EDGE_CURVE ( 'NONE', #9895, #6275, #8684, .T. ) ;
#5153 = VERTEX_POINT ( 'NONE', #345 ) ;
#5154 = APPLICATION_PROTOCOL_DEFINITION ( 'draft international standard', 'automotive_design', 1998, #7703 ) ;
#5155 = CIRCLE ( 'NONE', #718, 5.999999999999894307 ) ;
#5156 = ORIENTED_EDGE ( 'NONE', *, *, #6268, .T. ) ;
#5157 = CARTESIAN_POINT ( 'NONE',  ( -1132.471234542079628, 920.2405824331784743, -158.7007498961867213 ) ) ;
#5158 = LINE ( 'NONE', #2025, #2186 ) ;
#5159 = LINE ( 'NONE', #8322, #2839 ) ;
#5160 = EDGE_CURVE ( 'NONE', #6145, #1340, #401, .T. ) ;
#5161 = CARTESIAN_POINT ( 'NONE',  ( -1125.690330461433405, 946.1125429283504218, -133.8122631930797581 ) ) ;
#5162 = CIRCLE ( 'NONE', #6157, 6.000000000000227374 ) ;
#5163 = DIRECTION ( 'NONE',  ( 0.000000000000000000, 0.000000000000000000, 1.000000000000000000 ) ) ;
#5164 = CARTESIAN_POINT ( 'NONE',  ( -24.99841419795772168, 120.2394507878801306, 679.6546490816865571 ) ) ;
#5165 = DIRECTION ( 'NONE',  ( -1.387778780781445676E-17, 5.204170427930421283E-18, 1.000000000000000000 ) ) ;
#5166 = ORIENTED_EDGE ( 'NONE', *, *, #2464, .T. ) ;
#5167 = CIRCLE ( 'NONE', #4999, 22.99999999999999645 ) ;
#5168 = EDGE_CURVE ( 'NONE', #687, #7668, #6685, .T. ) ;
#5169 = ORIENTED_EDGE ( 'NONE', *, *, #4059, .T. ) ;
#5170 = AXIS2_PLACEMENT_3D ( 'NONE', #3698, #3745, #2113 ) ;
#5171 = ORIENTED_EDGE ( 'NONE', *, *, #8313, .T. ) ;
#5172 = DIRECTION ( 'NONE',  ( -0.000000000000000000, 1.000000000000000000, -0.000000000000000000 ) ) ;
#5173 = CARTESIAN_POINT ( 'NONE',  ( -1548.041541306736235, 334.9999999999999432, -153.6010951158152409 ) ) ;
#5174 = CARTESIAN_POINT ( 'NONE',  ( -24.90659820027820714, 591.8144926602202531, -533.4231983717653520 ) ) ;
#5175 = AXIS2_PLACEMENT_3D ( 'NONE', #7961, #1425, #2207 ) ;
#5176 = DIRECTION ( 'NONE',  ( 0.000000000000000000, 0.000000000000000000, 1.000000000000000000 ) ) ;
#5177 = VERTEX_POINT ( 'NONE', #1952 ) ;
#5178 = ORIENTED_EDGE ( 'NONE', *, *, #6985, .T. ) ;
#5179 = CARTESIAN_POINT ( 'NONE',  ( -1166.282577468784439, 676.2476954257081161, -525.8503897345397036 ) ) ;
#5180 = CARTESIAN_POINT ( 'NONE',  ( -1125.019392007704482, 177.8253756335656419, -648.9561019516952456 ) ) ;
#5181 = CARTESIAN_POINT ( 'NONE',  ( -1149.999999999999545, 861.0102051443361688, -339.9999999999997158 ) ) ;
#5182 = CARTESIAN_POINT ( 'NONE',  ( -1150.000000000000227, 515.2069385598401823, -625.0000000000015916 ) ) ;
#5183 = ORIENTED_EDGE ( 'NONE', *, *, #609, .F. ) ;
#5184 = ORIENTED_EDGE ( 'NONE', *, *, #3511, .T. ) ;
#5185 = DIRECTION ( 'NONE',  ( -0.000000000000000000, -0.000000000000000000, -1.000000000000000000 ) ) ;
#5186 = LINE ( 'NONE', #4417, #2983 ) ;
#5187 = CARTESIAN_POINT ( 'NONE',  ( 23.74999999999972289, 30.00000000000000711, -662.2500000000000000 ) ) ;
#5188 = PLANE ( 'NONE',  #8231 ) ;
#5189 = CARTESIAN_POINT ( 'NONE',  ( -1173.750000000000000, 30.00000000000000711, 632.2500000000002274 ) ) ;
#5190 = EDGE_LOOP ( 'NONE', ( #4941, #7194, #8457, #6778 ) ) ;
#5191 = CARTESIAN_POINT ( 'NONE',  ( -1133.155508616355746, 207.2573407856801566, -668.4880960281222997 ) ) ;
#5192 = AXIS2_PLACEMENT_3D ( 'NONE', #1194, #5151, #4327 ) ;
#5193 = EDGE_LOOP ( 'NONE', ( #6048, #3292 ) ) ;
#5194 = CARTESIAN_POINT ( 'NONE',  ( -1128.444006033090318, 183.0801769747778565, 637.2945547337900507 ) ) ;
#5195 = EDGE_CURVE ( 'NONE', #6753, #8526, #8014, .T. ) ;
#5196 = DIRECTION ( 'NONE',  ( 1.000000000000000000, 0.000000000000000000, 0.000000000000000000 ) ) ;
#5197 = CARTESIAN_POINT ( 'NONE',  ( -1143.606309453915856, 914.5134972912035209, 151.6409750579812510 ) ) ;
#5198 = CIRCLE ( 'NONE', #1734, 131.9999999999998010 ) ;
#5199 = FACE_OUTER_BOUND ( 'NONE', #473, .T. ) ;
#5200 = CARTESIAN_POINT ( 'NONE',  ( -18.87088383576677586, 578.5585540266230282, 574.6532056653875316 ) ) ;
#5201 = EDGE_CURVE ( 'NONE', #6299, #167, #3893, .T. ) ;
#5202 = EDGE_LOOP ( 'NONE', ( #6134, #7817, #5263, #6221 ) ) ;
#5203 = DIRECTION ( 'NONE',  ( 0.000000000000000000, 0.6207195780578259603, -0.7840326558350197983 ) ) ;
#5204 = CARTESIAN_POINT ( 'NONE',  ( -20.02115438761412847, 92.49143942732671064, 694.9766737931596481 ) ) ;
#5205 = CARTESIAN_POINT ( 'NONE',  ( -1548.041541306736235, 334.9999999999999432, -183.6010951158152409 ) ) ;
#5206 = CARTESIAN_POINT ( 'NONE',  ( -1129.274307904533089, 213.0420646211779570, 663.9918626305714042 ) ) ;
#5207 = DIRECTION ( 'NONE',  ( 0.000000000000000000, -1.000000000000000000, 0.000000000000000000 ) ) ;
#5208 = ORIENTED_EDGE ( 'NONE', *, *, #5852, .F. ) ;
#5209 = CARTESIAN_POINT ( 'NONE',  ( 3.320541622549663742E-14, 463.0258659140546342, -634.4472221513643717 ) ) ;
#5210 = AXIS2_PLACEMENT_3D ( 'NONE', #9750, #2676, #5818 ) ;
#5211 = ORIENTED_EDGE ( 'NONE', *, *, #4392, .F. ) ;
#5212 = ADVANCED_FACE ( 'NONE', ( #4932 ), #4322, .F. ) ;
#5213 = CARTESIAN_POINT ( 'NONE',  ( -1127.168803158882838, 662.8069376288000285, 547.6993333948630607 ) ) ;
#5214 = DIRECTION ( 'NONE',  ( -0.000000000000000000, 1.000000000000000000, 3.663341854709201164E-15 ) ) ;
#5215 = DIRECTION ( 'NONE',  ( -0.7941567930305997169, 0.5634716255418393827, -0.2276284588811126608 ) ) ;
#5216 = VECTOR ( 'NONE', #10005, 1000.000000000000000 ) ;
#5217 = AXIS2_PLACEMENT_3D ( 'NONE', #2275, #3227, #41 ) ;
#5218 = CARTESIAN_POINT ( 'NONE',  ( -494.9765681789457972, 897.9999340817088296, -161.1577368033029813 ) ) ;
#5219 = CARTESIAN_POINT ( 'NONE',  ( -24.96831871830869432, 82.10489861930867050, 678.6942332188951923 ) ) ;
#5220 = DIRECTION ( 'NONE',  ( 0.000000000000000000, -0.6207195780577426936, 0.7840326558350856345 ) ) ;
#5221 = B_SPLINE_CURVE_WITH_KNOTS ( 'NONE', 3,
 ( #999, #6657, #5164, #1151, #9163 ),
 .UNSPECIFIED., .F., .F.,
 ( 4, 1, 4 ),
 ( 0.000000000000000000, 0.0003420942409974398130, 0.0006841884819948796260 ),
 .UNSPECIFIED. ) ;
#5222 = ORIENTED_EDGE ( 'NONE', *, *, #408, .F. ) ;
#5223 = ORIENTED_EDGE ( 'NONE', *, *, #8115, .T. ) ;
#5224 = CARTESIAN_POINT ( 'NONE',  ( -40.00000000000034106, 30.00000000000000711, 0.000000000000000000 ) ) ;
#5225 = DIRECTION ( 'NONE',  ( 0.9991514412379745025, -0.04118683579675176676, 0.0002050100731056651480 ) ) ;
#5226 = CARTESIAN_POINT ( 'NONE',  ( -1150.000000000000227, 577.2788963656059877, -628.4032655835093237 ) ) ;
#5227 = CARTESIAN_POINT ( 'NONE',  ( -1131.510329235852623, 956.0208122378066946, 147.4471373248992450 ) ) ;
#5228 = DIRECTION ( 'NONE',  ( -1.084036547835517478E-17, 1.000000000000000000, 6.123233995736766036E-17 ) ) ;
#5229 = CARTESIAN_POINT ( 'NONE',  ( 23.74999999999972289, 30.00000000000000711, -656.2500000000000000 ) ) ;
#5230 = ADVANCED_FACE ( 'NONE', ( #1084 ), #5090, .F. ) ;
#5231 = EDGE_LOOP ( 'NONE', ( #852, #6504, #9392, #1875 ) ) ;
#5232 = CARTESIAN_POINT ( 'NONE',  ( -1127.752022450735694, 665.8683418034701162, -543.7146662790069058 ) ) ;
#5233 = CARTESIAN_POINT ( 'NONE',  ( -1131.513207925118877, 956.0265537870358230, -147.4230158770107835 ) ) ;
#5234 = CARTESIAN_POINT ( 'NONE',  ( -497.2266217161389363, 921.5610347868040435, 134.7165086833608427 ) ) ;
#5235 = CARTESIAN_POINT ( 'NONE',  ( -1174.999999999999545, 660.0000000000000000, 562.9128703017760245 ) ) ;
#5236 = MECHANICAL_DESIGN_GEOMETRIC_PRESENTATION_REPRESENTATION (  '', ( #128 ), #4074 ) ;
#5237 = ORIENTED_EDGE ( 'NONE', *, *, #8695, .T. ) ;
#5238 = EDGE_LOOP ( 'NONE', ( #3354, #5381 ) ) ;
#5239 = DIRECTION ( 'NONE',  ( 9.733805423170623998E-15, 0.7840326558349542951, -0.6207195780579085609 ) ) ;
#5240 = DIRECTION ( 'NONE',  ( -0.5786626424054275297, -0.8155670090706024222, 0.000000000000000000 ) ) ;
#5241 = CARTESIAN_POINT ( 'NONE',  ( -1150.000000000000909, 938.9285782095131481, 149.8625354325497483 ) ) ;
#5242 = DIRECTION ( 'NONE',  ( -1.000000000000000000, -5.551115123125780730E-16, 0.000000000000000000 ) ) ;
#5243 = CARTESIAN_POINT ( 'NONE',  ( -16.37487164559788155, 106.6374626742918679, -698.8923366843742997 ) ) ;
#5245 =( LENGTH_UNIT ( ) NAMED_UNIT ( * ) SI_UNIT ( .MILLI., .METRE. ) );
#5244 =( GEOMETRIC_REPRESENTATION_CONTEXT ( 3 ) GLOBAL_UNCERTAINTY_ASSIGNED_CONTEXT ( ( #9589 ) ) GLOBAL_UNIT_ASSIGNED_CONTEXT ( ( #798, #1518, #2299 ) ) REPRESENTATION_CONTEXT ( 'NONE', 'WORKASPACE' ) );
#5246 = EDGE_LOOP ( 'NONE', ( #6810, #8820, #5773, #2355 ) ) ;
#5247 = CARTESIAN_POINT ( 'NONE',  ( -1127.776931907300650, 214.8981210778887885, -661.4673019229076090 ) ) ;
#5248 = ORIENTED_EDGE ( 'NONE', *, *, #9091, .F. ) ;
#5249 = DIRECTION ( 'NONE',  ( 0.000000000000000000, 0.000000000000000000, 1.000000000000000000 ) ) ;
#5250 = CARTESIAN_POINT ( 'NONE',  ( -1133.007705373668841, 200.5846290054417977, 668.3375898051027661 ) ) ;
#5251 = CARTESIAN_POINT ( 'NONE',  ( -1526.308102424745812, 344.9999999999999432, 174.0095457017271769 ) ) ;
#5252 = DIRECTION ( 'NONE',  ( 0.000000000000000000, -1.000000000000000000, 0.000000000000000000 ) ) ;
#5253 = CARTESIAN_POINT ( 'NONE',  ( -1150.000000000000227, 592.7968858170471549, -648.0040819793834999 ) ) ;
#5254 = ORIENTED_EDGE ( 'NONE', *, *, #8682, .F. ) ;
#5255 = DIRECTION ( 'NONE',  ( 0.000000000000000000, 0.6207195780578245170, 0.7840326558350209085 ) ) ;
#5256 = CARTESIAN_POINT ( 'NONE',  ( -1125.981179670515758, 181.5311984385767516, -643.0415638424993858 ) ) ;
#5257 = CARTESIAN_POINT ( 'NONE',  ( -24.12444010353588553, 83.34685630582062288, 686.5905428395650461 ) ) ;
#5258 = CARTESIAN_POINT ( 'NONE',  ( -1173.750000000000000, 30.00000000000000711, 626.2500000000001137 ) ) ;
#5259 = CARTESIAN_POINT ( 'NONE',  ( -23.90967798779117004, 83.16907113501758886, -672.6666940494056917 ) ) ;
#5260 = CARTESIAN_POINT ( 'NONE',  ( -1127.102763614992682, 930.3503561223116094, -131.3666039773956413 ) ) ;
#5261 = EDGE_LOOP ( 'NONE', ( #6745, #3286, #7165, #5893 ) ) ;
#5262 = CARTESIAN_POINT ( 'NONE',  ( -498.3252763991027336, 919.4444807658188665, -133.2961769474192408 ) ) ;
#5263 = ORIENTED_EDGE ( 'NONE', *, *, #8560, .F. ) ;
#5264 = TOROIDAL_SURFACE ( 'NONE', #4915, 99.99999999999920419, 25.00000000000000711 ) ;
#5265 = CARTESIAN_POINT ( 'NONE',  ( -1126.999999999999773, 660.8831247046541648, 549.7168233154931158 ) ) ;
#5266 = DIRECTION ( 'NONE',  ( -1.000000000000000000, 0.000000000000000000, 0.000000000000000000 ) ) ;
#5267 = EDGE_CURVE ( 'NONE', #7488, #7337, #4283, .T. ) ;
#5268 = CARTESIAN_POINT ( 'NONE',  ( -1163.339160158466939, 919.1069270111321430, -132.7156840864974754 ) ) ;
#5269 = VECTOR ( 'NONE', #9390, 1000.000000000000114 ) ;
#5270 = CARTESIAN_POINT ( 'NONE',  ( -498.9413502092966155, 904.7406348533356777, -166.1729296127797966 ) ) ;
#5271 = EDGE_CURVE ( 'NONE', #9511, #3676, #5868, .T. ) ;
#5272 = CARTESIAN_POINT ( 'NONE',  ( -17.47192953482522526, 91.65591992142852007, 662.0943973294769194 ) ) ;
#5273 = CARTESIAN_POINT ( 'NONE',  ( -488.3071275465760550, 929.5246841668842990, 152.2844079450416928 ) ) ;
#5274 = ORIENTED_EDGE ( 'NONE', *, *, #7043, .F. ) ;
#5275 = VERTEX_POINT ( 'NONE', #8099 ) ;
#5276 = CARTESIAN_POINT ( 'NONE',  ( -1126.600069025374296, 928.6744469722460735, 165.3012026951574285 ) ) ;
#5277 = CARTESIAN_POINT ( 'NONE',  ( 22.99999999999971578, 408.5786437626904899, -680.0000000000000000 ) ) ;
#5278 = DIRECTION ( 'NONE',  ( -0.000000000000000000, -0.000000000000000000, -1.000000000000000000 ) ) ;
#5279 = CYLINDRICAL_SURFACE ( 'NONE', #2626, 6.000000000000005329 ) ;
#5280 = CARTESIAN_POINT ( 'NONE',  ( -23.75000000000028066, 30.00000000000000711, -697.7500000000000000 ) ) ;
#5281 = CARTESIAN_POINT ( 'NONE',  ( -1150.000000000000000, 909.9999999999622560, -350.0000000001863327 ) ) ;
#5282 =( GEOMETRIC_REPRESENTATION_CONTEXT ( 3 ) GLOBAL_UNCERTAINTY_ASSIGNED_CONTEXT ( ( #2532 ) ) GLOBAL_UNIT_ASSIGNED_CONTEXT ( ( #3805, #8605, #8554 ) ) REPRESENTATION_CONTEXT ( 'NONE', 'WORKASPACE' ) );
#5283 = CARTESIAN_POINT ( 'NONE',  ( -1144.696302602857486, 682.4022420770509143, -513.9908652630872439 ) ) ;
#5284 = CARTESIAN_POINT ( 'NONE',  ( -1130.173660106780062, 185.9221882724167472, -634.7633170465641115 ) ) ;
#5285 = FACE_OUTER_BOUND ( 'NONE', #252, .T. ) ;
#5286 = ORIENTED_EDGE ( 'NONE', *, *, #8506, .F. ) ;
#5287 = CARTESIAN_POINT ( 'NONE',  ( -1133.332566695667538, 920.2262297074245225, -149.8589634229015246 ) ) ;
#5288 = AXIS2_PLACEMENT_3D ( 'NONE', #3756, #8360, #2279 ) ;
#5289 = CARTESIAN_POINT ( 'NONE',  ( -24.99999999999998579, 600.0000000000000000, 488.5786437626905467 ) ) ;
#5290 = CYLINDRICAL_SURFACE ( 'NONE', #5957, 24.99999999999998934 ) ;
#5291 = CARTESIAN_POINT ( 'NONE',  ( -385.5549505783704944, 844.2703537956053879, -448.7780475532337050 ) ) ;
#5292 = CARTESIAN_POINT ( 'NONE',  ( -24.53207677046009394, 82.80685640189703633, -684.8609645928615919 ) ) ;
#5293 =( NAMED_UNIT ( * ) SI_UNIT ( $, .STERADIAN. ) SOLID_ANGLE_UNIT ( ) );
#5294 = EDGE_CURVE ( 'NONE', #7456, #9760, #9033, .T. ) ;
#5295 = ORIENTED_EDGE ( 'NONE', *, *, #6454, .F. ) ;
#5296 = CARTESIAN_POINT ( 'NONE',  ( 4.611732140009356469E-14, 575.0000000000000000, 488.5786437626904899 ) ) ;
#5297 = ORIENTED_EDGE ( 'NONE', *, *, #3439, .F. ) ;
#5298 = CARTESIAN_POINT ( 'NONE',  ( -1173.654881447706430, 929.9538056442460174, 159.3093774133892850 ) ) ;
#5299 = CARTESIAN_POINT ( 'NONE',  ( -1125.274759611930222, 180.0343738995313743, 653.7451171607751803 ) ) ;
#5300 = DIRECTION ( 'NONE',  ( 5.551115123125780730E-16, -1.000000000000000000, 0.000000000000000000 ) ) ;
#5301 = DIRECTION ( 'NONE',  ( 0.000000000000000000, 0.000000000000000000, -1.000000000000000000 ) ) ;
#5302 = CARTESIAN_POINT ( 'NONE',  ( -20.00844349846963866, 577.1163340941296838, 574.0872709433014052 ) ) ;
#5303 = ORIENTED_EDGE ( 'NONE', *, *, #1011, .T. ) ;
#5304 = FACE_OUTER_BOUND ( 'NONE', #817, .T. ) ;
#5305 = CARTESIAN_POINT ( 'NONE',  ( -1131.998429716407372, 195.8486317003834074, -632.6521893026105090 ) ) ;
#5306 = CARTESIAN_POINT ( 'NONE',  ( -22.87575130863155692, 84.98934090504607752, 690.1030218435004144 ) ) ;
#5307 = CARTESIAN_POINT ( 'NONE',  ( -1144.610515567755101, 914.9008258693271500, -144.2976931467250097 ) ) ;
#5308 = TOROIDAL_SURFACE ( 'NONE', #9278, 99.99999999999997158, 23.00000000000000711 ) ;
#5309 = CARTESIAN_POINT ( 'NONE',  ( -14.63728502488755545, 103.5535302748162394, -659.7329089879771118 ) ) ;
#5311 = CARTESIAN_POINT ( 'NONE',  ( -1169.002360424565040, 924.0260181784899487, 132.6206742270665018 ) ) ;
#5310 = VECTOR ( 'NONE', #3180, 1000.000000000000000 ) ;
#5312 = ORIENTED_EDGE ( 'NONE', *, *, #3761, .T. ) ;
#5313 = CARTESIAN_POINT ( 'NONE',  ( -492.4356954994312332, 927.0165743613296172, -140.0404829227130108 ) ) ;
#5314 = VECTOR ( 'NONE', #6837, 999.9999999999998863 ) ;
#5315 = VECTOR ( 'NONE', #9638, 1000.000000000000000 ) ;
#5316 = VERTEX_POINT ( 'NONE', #8256 ) ;
#5317 = AXIS2_PLACEMENT_3D ( 'NONE', #1368, #9271, #2201 ) ;
#5318 = CARTESIAN_POINT ( 'NONE',  ( -1150.489922173598416, 682.9965194746346242, 512.8241562036861296 ) ) ;
#5319 = DIRECTION ( 'NONE',  ( -0.000000000000000000, 1.000000000000000000, -0.000000000000000000 ) ) ;
#5320 = CARTESIAN_POINT ( 'NONE',  ( -1154.099378463067069, 915.4230087223741066, -134.7396859985833828 ) ) ;
#5321 = CARTESIAN_POINT ( 'NONE',  ( -1125.250810445241086, 936.6295408204516661, -131.8603057191380117 ) ) ;
#5322 = CIRCLE ( 'NONE', #2028, 4.999999999999838352 ) ;
#5323 = FACE_BOUND ( 'NONE', #3152, .T. ) ;
#5324 = CARTESIAN_POINT ( 'NONE',  ( -22.09154312113118834, 87.73742700103159109, 668.2859920539896166 ) ) ;
#5325 = EDGE_CURVE ( 'NONE', #2040, #1290, #3072, .T. ) ;
#5326 = FACE_BOUND ( 'NONE', #5037, .T. ) ;
#5327 = ORIENTED_EDGE ( 'NONE', *, *, #1306, .T. ) ;
#5328 = VERTEX_POINT ( 'NONE', #1031 ) ;
#5329 = LINE ( 'NONE', #9377, #1097 ) ;
#5330 = PRESENTATION_STYLE_ASSIGNMENT (( #10148 ) ) ;
#5331 = ADVANCED_FACE ( 'NONE', ( #3432 ), #4376, .F. ) ;
#5332 = EDGE_CURVE ( 'NONE', #4906, #7201, #4387, .T. ) ;
#5333 = EDGE_CURVE ( 'NONE', #8049, #7051, #10181, .T. ) ;
#5334 = CARTESIAN_POINT ( 'NONE',  ( -22.94435281808253890, 599.3182623421239441, -535.7084741586812697 ) ) ;
#5335 = CARTESIAN_POINT ( 'NONE',  ( -1125.706140307845772, 946.1743058750237196, 133.8535356706621826 ) ) ;
#5336 = CARTESIAN_POINT ( 'NONE',  ( -1149.999999999999773, 40.00000000000000000, 624.9999999999996589 ) ) ;
#5337 = CARTESIAN_POINT ( 'NONE',  ( -1152.358461246237312, 682.8855139473718054, -513.0422512165343960 ) ) ;
#5338 = ADVANCED_FACE ( 'NONE', ( #9859 ), #2781, .F. ) ;
#5339 = CARTESIAN_POINT ( 'NONE',  ( -1125.908847796621558, 179.2336339450597507, -643.3125101864267208 ) ) ;
#5340 = CARTESIAN_POINT ( 'NONE',  ( -1174.999999999999318, 710.0000000000001137, 459.5549574651159901 ) ) ;
#5341 = AXIS2_PLACEMENT_3D ( 'NONE', #3735, #3786, #10047 ) ;
#5342 = VERTEX_POINT ( 'NONE', #9085 ) ;
#5343 = CARTESIAN_POINT ( 'NONE',  ( -1132.946873985924640, 920.3658873868538421, -152.2955203931142876 ) ) ;
#5344 = CLOSED_SHELL ( 'NONE', ( #2159, #8053, #561, #8629, #9161, #6590, #9841, #1374, #2523, #7770, #4461, #9821, #1498, #2738 ) ) ;
#5345 = EDGE_CURVE ( 'NONE', #6772, #3939, #6792, .T. ) ;
#5346 = CARTESIAN_POINT ( 'NONE',  ( 22.99999999999971223, 408.5786437626905467, 680.0000000000000000 ) ) ;
#5347 = CYLINDRICAL_SURFACE ( 'NONE', #4143, 18.00000000000003908 ) ;
#5348 = VECTOR ( 'NONE', #10201, 1000.000000000000114 ) ;
#5349 = CARTESIAN_POINT ( 'NONE',  ( -18.34302661670705703, 91.72483962964911086, -697.0119229194876880 ) ) ;
#5350 = DIRECTION ( 'NONE',  ( 0.000000000000000000, 0.000000000000000000, 1.000000000000000000 ) ) ;
#5351 = VERTEX_POINT ( 'NONE', #2277 ) ;
#5352 = DIRECTION ( 'NONE',  ( 0.000000000000000000, 1.000000000000000000, 0.000000000000000000 ) ) ;
#5353 = DIRECTION ( 'NONE',  ( 0.000000000000000000, 0.000000000000000000, 1.000000000000000000 ) ) ;
#5354 = CARTESIAN_POINT ( 'NONE',  ( -1125.060991113777163, 215.8669572573652431, 651.8489002542444268 ) ) ;
#5355 = CARTESIAN_POINT ( 'NONE',  ( -1143.529997453521901, 914.5855828698508958, 151.0567258658857668 ) ) ;
#5356 = CARTESIAN_POINT ( 'NONE',  ( -1149.999999999999545, 907.5641734986737674, -398.8024491876261095 ) ) ;
#5357 = ADVANCED_FACE ( 'NONE', ( #9355 ), #9937, .T. ) ;
#5358 = DIRECTION ( 'NONE',  ( 0.000000000000000000, 1.000000000000000000, 0.000000000000000000 ) ) ;
#5359 = VERTEX_POINT ( 'NONE', #4541 ) ;
#5360 = CARTESIAN_POINT ( 'NONE',  ( -385.5549505783706081, 844.2703537956053879, -448.7780475532336482 ) ) ;
#5361 = CARTESIAN_POINT ( 'NONE',  ( -1124.998099693500762, 215.8857225629870129, -649.9896169605183331 ) ) ;
#5362 = CARTESIAN_POINT ( 'NONE',  ( -21.83992057658003816, 86.38138398208228352, 692.2224269092482700 ) ) ;
#5363 = CARTESIAN_POINT ( 'NONE',  ( -1443.041541306736235, 334.9999999999999432, 203.6010951158156104 ) ) ;
#5364 = CIRCLE ( 'NONE', #2242, 23.00000000000002132 ) ;
#5365 = CARTESIAN_POINT ( 'NONE',  ( -14.83194253970944132, 98.03811732998026685, -659.8747978481300152 ) ) ;
#5366 = CARTESIAN_POINT ( 'NONE',  ( -1173.219046727375144, 930.5952676841177436, 138.1125609632842952 ) ) ;
#5367 = VERTEX_POINT ( 'NONE', #2225 ) ;
#5368 = CARTESIAN_POINT ( 'NONE',  ( -497.5167029310547377, 921.0599421427256175, -134.1399547479375940 ) ) ;
#5369 = VERTEX_POINT ( 'NONE', #3754 ) ;
#5370 = ADVANCED_FACE ( 'NONE', ( #9914, #9246 ), #8570, .F. ) ;
#5371 = PRESENTATION_LAYER_ASSIGNMENT (  '', '', ( #1741 ) ) ;
#5372 = VERTEX_POINT ( 'NONE', #2179 ) ;
#5373 = CARTESIAN_POINT ( 'NONE',  ( -1137.336415764291132, 679.2144141618678077, 520.1924716660005288 ) ) ;
#5374 = CARTESIAN_POINT ( 'NONE',  ( 2.308085168284950998E-14, 600.0000000000000000, 488.5786437626908878 ) ) ;
#5375 = DIRECTION ( 'NONE',  ( 0.000000000000000000, 0.000000000000000000, 1.000000000000000000 ) ) ;
#5376 = CARTESIAN_POINT ( 'NONE',  ( -1125.105707473080201, 942.7153574415198136, -132.5009251543396260 ) ) ;
#5377 = CARTESIAN_POINT ( 'NONE',  ( -7.933819102864124950, 594.8701278734494053, 567.9743729105271086 ) ) ;
#5378 = CARTESIAN_POINT ( 'NONE',  ( -1140.558641308249435, 915.7872324831930655, -148.7821194168531349 ) ) ;
#5379 = AXIS2_PLACEMENT_3D ( 'NONE', #2527, #7855, #5567 ) ;
#5380 = CARTESIAN_POINT ( 'NONE',  ( -498.0664522326817973, 920.0015606757266369, 166.1619183763303340 ) ) ;
#5381 = ORIENTED_EDGE ( 'NONE', *, *, #3012, .T. ) ;
#5382 = EDGE_LOOP ( 'NONE', ( #2866, #5312 ) ) ;
#5383 = CARTESIAN_POINT ( 'NONE',  ( -499.5874487648590616, 907.0241887478258604, 132.7196319104762665 ) ) ;
#5384 = FILL_AREA_STYLE ('',( #10039 ) ) ;
#5385 = AXIS2_PLACEMENT_3D ( 'NONE', #3516, #3321, #8032 ) ;
#5386 = CARTESIAN_POINT ( 'NONE',  ( -23.88855348252937105, 597.0885669829293647, -534.4495089972741653 ) ) ;
#5387 = CARTESIAN_POINT ( 'NONE',  ( -1125.005925680482278, 940.9892130775288024, 132.1318602110218023 ) ) ;
#5388 = CARTESIAN_POINT ( 'NONE',  ( -1458.041541306736235, 334.9999999999999432, -158.6010951158150704 ) ) ;
#5389 = DIRECTION ( 'NONE',  ( 0.000000000000000000, 0.000000000000000000, 1.000000000000000000 ) ) ;
#5390 = CARTESIAN_POINT ( 'NONE',  ( -12.05582537550572297, 603.7873664448662794, 552.5165400981571793 ) ) ;
#5391 = CARTESIAN_POINT ( 'NONE',  ( -1125.159901143746538, 215.7798957291629165, -653.0694628434667948 ) ) ;
#5392 = CARTESIAN_POINT ( 'NONE',  ( -1174.349892816519059, 933.1918901008195917, 150.4594289888323431 ) ) ;
#5393 = ORIENTED_EDGE ( 'NONE', *, *, #5160, .T. ) ;
#5394 = CARTESIAN_POINT ( 'NONE',  ( -1132.272767760054876, 920.8131436305244506, -154.6158900822271960 ) ) ;
#5395 = CARTESIAN_POINT ( 'NONE',  ( -1149.999999999999773, 40.00000000000000000, 672.9999999999996589 ) ) ;
#5396 = CARTESIAN_POINT ( 'NONE',  ( 24.99999999999972289, 40.00000000000000000, 680.0000000000000000 ) ) ;
#5397 = CARTESIAN_POINT ( 'NONE',  ( -15.50128848220469813, 101.2209312080321695, -699.6140575772169541 ) ) ;
#5398 = SURFACE_SIDE_STYLE ('',( #10007 ) ) ;
#5399 = VERTEX_POINT ( 'NONE', #1341 ) ;
#5400 = CARTESIAN_POINT ( 'NONE',  ( -1132.265495004464583, 188.0624294806435728, -667.6438921370028083 ) ) ;
#5401 = AXIS2_PLACEMENT_3D ( 'NONE', #8172, #5785, #6718 ) ;
#5402 = CARTESIAN_POINT ( 'NONE',  ( -1174.363860670801387, 933.1683917107911839, 151.4269882551486148 ) ) ;
#5403 = CARTESIAN_POINT ( 'NONE',  ( -1128.392893670904186, 211.5579584848609898, 662.5852723383377452 ) ) ;
#5404 = DIRECTION ( 'NONE',  ( 0.000000000000000000, 0.000000000000000000, 1.000000000000000000 ) ) ;
#5405 = EDGE_CURVE ( 'NONE', #8422, #7211, #5480, .T. ) ;
#5406 = DIRECTION ( 'NONE',  ( 1.000000000000000000, 0.000000000000000000, 0.000000000000000000 ) ) ;
#5407 = CARTESIAN_POINT ( 'NONE',  ( -1563.041541306736235, 345.0000000000000000, 143.6010951158155535 ) ) ;
#5408 = VERTEX_POINT ( 'NONE', #6028 ) ;
#5409 = AXIS2_PLACEMENT_3D ( 'NONE', #5733, #7284, #6406 ) ;
#5410 = CARTESIAN_POINT ( 'NONE',  ( -381.8420253505898927, 841.6359520855492065, 429.3030863496021539 ) ) ;
#5411 = CARTESIAN_POINT ( 'NONE',  ( -1125.061025994831198, 215.7404863375271020, -648.1503719790090372 ) ) ;
#5412 = CARTESIAN_POINT ( 'NONE',  ( -1548.041541306736235, 334.9999999999999432, 188.6010951158155819 ) ) ;
#5413 = CARTESIAN_POINT ( 'NONE',  ( -10.57270275787514358, 588.4683428753260159, -573.5396001611833299 ) ) ;
#5414 = CARTESIAN_POINT ( 'NONE',  ( -24.26325890624065806, 82.78897308610999062, -673.9659387844677667 ) ) ;
#5415 = CARTESIAN_POINT ( 'NONE',  ( -1174.756383839297996, 935.7099451852159291, 146.5621960274727655 ) ) ;
#5416 = ORIENTED_EDGE ( 'NONE', *, *, #10099, .F. ) ;
#5417 = CARTESIAN_POINT ( 'NONE',  ( -500.0430627306077440, 911.3117373309971754, -131.7480254829412729 ) ) ;
#5418 = ORIENTED_EDGE ( 'NONE', *, *, #5634, .F. ) ;
#5419 = VERTEX_POINT ( 'NONE', #7581 ) ;
#5420 = CARTESIAN_POINT ( 'NONE',  ( -1131.811559748177160, 674.0922553141995195, 529.8673252470134685 ) ) ;
#5421 = CARTESIAN_POINT ( 'NONE',  ( 2.732711158958931245E-14, 408.5786437626904899, 580.0000000000001137 ) ) ;
#5422 = ADVANCED_FACE ( 'NONE', ( #1445 ), #38, .T. ) ;
#5423 = CARTESIAN_POINT ( 'NONE',  ( -16.69005467016618383, 603.6963231652343893, 546.2171170647529834 ) ) ;
#5424 = CARTESIAN_POINT ( 'NONE',  ( -1151.413642623217356, 914.9906630034979571, -136.3250635834232014 ) ) ;
#5425 = MECHANICAL_DESIGN_GEOMETRIC_PRESENTATION_REPRESENTATION (  '', ( #647 ), #146 ) ;
#5426 = FACE_BOUND ( 'NONE', #5382, .T. ) ;
#5427 = CARTESIAN_POINT ( 'NONE',  ( -20.58713869271028329, 90.01304911984640000, 665.7851008684856424 ) ) ;
#5428 = DIRECTION ( 'NONE',  ( 0.000000000000000000, 0.6207195780578259603, -0.7840326558350197983 ) ) ;
#5429 = ORIENTED_EDGE ( 'NONE', *, *, #7683, .T. ) ;
#5430 = ORIENTED_EDGE ( 'NONE', *, *, #6344, .F. ) ;
#5431 = CARTESIAN_POINT ( 'NONE',  ( -1131.641033121622968, 921.3248559011294674, 156.2686932320144706 ) ) ;
#5432 = AXIS2_PLACEMENT_3D ( 'NONE', #8719, #4102, #6472 ) ;
#5433 = FACE_OUTER_BOUND ( 'NONE', #573, .T. ) ;
#5434 = AXIS2_PLACEMENT_3D ( 'NONE', #8066, #8743, #8840 ) ;
#5435 = CARTESIAN_POINT ( 'NONE',  ( -23.96999147455697354, 565.6887507640593640, -554.2673945267500812 ) ) ;
#5436 = DIRECTION ( 'NONE',  ( 1.659227894316332837E-15, 0.7840326558350207975, -0.6207195780578245170 ) ) ;
#5437 = DIRECTION ( 'NONE',  ( -1.000000000000000000, -5.551115123125780730E-16, 0.000000000000000000 ) ) ;
#5438 = CARTESIAN_POINT ( 'NONE',  ( -1129.413460248911178, 209.9718933641321996, -664.1911860227347688 ) ) ;
#5439 = AXIS2_PLACEMENT_3D ( 'NONE', #2857, #5228, #7554 ) ;
#5440 = CARTESIAN_POINT ( 'NONE',  ( -1149.999999999999773, 40.00000000000000000, 674.9999999999996589 ) ) ;
#5441 = EDGE_LOOP ( 'NONE', ( #2077, #1975 ) ) ;
#5442 = B_SPLINE_CURVE_WITH_KNOTS ( 'NONE', 3,
 ( #4458, #690, #6148, #8331, #9220, #9326, #4509, #589, #1264, #7763, #3679, #9110, #6877, #2150, #10093, #640, #7661, #3834, #6981, #8437, #5334, #2804, #3015, #5386, #8490, #2038, #3729, #2961, #1422, #4564, #7708, #3778, #5174, #6925, #4989, #249, #3065, #1035, #3155, #2631, #9605, #8878, #6203, #7820, #2349, #10199, #4663, #19, #5770, #8927, #4165, #6487, #1089, #7319, #7038, #8057, #6303, #754, #3933, #1854, #8157, #8828, #987, #5435 ),
 .UNSPECIFIED., .F., .F.,
 ( 4, 2, 2, 2, 2, 2, 2, 2, 2, 2, 2, 2, 2, 2, 2, 2, 2, 2, 2, 2, 2, 2, 2, 2, 2, 2, 2, 2, 2, 2, 2, 4 ),
 ( 0.04867514977493320877, 0.05071859902576451168, 0.05276204827659581459, 0.05684894677825817061, 0.05889239602908920290, 0.06093584527992023520, 0.06297929453075126749, 0.06502274378158229284, 0.06706619303241331820, 0.06808791765782884475, 0.06910964228324435743, 0.07115309153407539666, 0.07217481615949075668, 0.07319654078490611671, 0.07523999003573686450, 0.07626171466115225228, 0.07728343928656764006, 0.07932688853739809642, 0.08137033778822853891, 0.08545723628988975695, 0.08954413479155097499, 0.09158758404238165340, 0.09363103329321234569, 0.09771793179487396619, 0.09976138104570489440, 0.1018048302965358087, 0.1038482795473667231, 0.1048700041727821525, 0.1058917287981975819, 0.1099786272998599934, 0.1120220765506910465, 0.1140655258015220996 ),
 .UNSPECIFIED. ) ;
#5443 = CARTESIAN_POINT ( 'NONE',  ( 0.000000000000000000, 30.00000000000000711, -640.0000000000000000 ) ) ;
#5444 = LINE ( 'NONE', #4574, #9939 ) ;
#5445 =( NAMED_UNIT ( * ) SI_UNIT ( $, .STERADIAN. ) SOLID_ANGLE_UNIT ( ) );
#5446 = CARTESIAN_POINT ( 'NONE',  ( -1128.399156738645615, 927.4878545824866478, 135.2654628781204735 ) ) ;
#5447 = CARTESIAN_POINT ( 'NONE',  ( -20.69674141853240101, 115.5352979718808797, -694.0327285265319688 ) ) ;
#5448 = DIRECTION ( 'NONE',  ( 0.9991514412379745025, -0.04118683579675176676, 0.0002050100731056651480 ) ) ;
#5449 = ORIENTED_EDGE ( 'NONE', *, *, #7870, .T. ) ;
#5450 = FACE_OUTER_BOUND ( 'NONE', #3689, .T. ) ;
#5451 = DIRECTION ( 'NONE',  ( -2.209795180075059144E-15, 1.000000000000000000, 3.114345657676548060E-15 ) ) ;
#5452 = CARTESIAN_POINT ( 'NONE',  ( -1131.841989099806142, 191.6356787172908582, 667.1865390074800644 ) ) ;
#5453 = CARTESIAN_POINT ( 'NONE',  ( -1125.339983668053719, 941.3021505091484187, 169.5901994296435760 ) ) ;
#5454 = CYLINDRICAL_SURFACE ( 'NONE', #9062, 4.999999999999809930 ) ;
#5455 = ADVANCED_FACE ( 'NONE', ( #5304 ), #2122, .F. ) ;
#5456 = AXIS2_PLACEMENT_3D ( 'NONE', #1559, #5672, #2482 ) ;
#5457 = CARTESIAN_POINT ( 'NONE',  ( -24.64733265854776079, 568.6859086048726795, 567.3296774084367371 ) ) ;
#5458 = ORIENTED_EDGE ( 'NONE', *, *, #7831, .F. ) ;
#5459 = LINE ( 'NONE', #2373, #1684 ) ;
#5460 = DIRECTION ( 'NONE',  ( 0.000000000000000000, 1.000000000000000000, 0.000000000000000000 ) ) ;
#5461 = CARTESIAN_POINT ( 'NONE',  ( -1127.768906229711547, 654.0901184318660171, -553.0029618464926671 ) ) ;
#5462 = LINE ( 'NONE', #5363, #5809 ) ;
#5463 = EDGE_CURVE ( 'NONE', #8970, #6365, #6855, .T. ) ;
#5464 = ADVANCED_FACE ( 'NONE', ( #618 ), #508, .F. ) ;
#5465 = CARTESIAN_POINT ( 'NONE',  ( -14.49428593782577934, 102.1661363223875156, -659.6305156855891028 ) ) ;
#5467 = EDGE_CURVE ( 'NONE', #9296, #3883, #6951, .T. ) ;
#5466 = CARTESIAN_POINT ( 'NONE',  ( -1169.852075478142069, 925.0115915378524960, 133.2401053972628802 ) ) ;
#5468 = ORIENTED_EDGE ( 'NONE', *, *, #4841, .F. ) ;
#5469 = CIRCLE ( 'NONE', #9582, 6.000000000000005329 ) ;
#5470 = CARTESIAN_POINT ( 'NONE',  ( -17.47680420364327958, 106.1383844527338738, -662.1233871221074878 ) ) ;
#5471 = ORIENTED_EDGE ( 'NONE', *, *, #4738, .T. ) ;
#5472 = B_SPLINE_CURVE_WITH_KNOTS ( 'NONE', 3,
 ( #3962, #3328, #5560, #7111, #9498, #2423, #96, #8720, #3278, #4923, #9591, #1743, #6427, #1599, #9687, #881, #8091, #1021, #7253, #2614, #9539, #4103, #6473, #4880, #4008, #2473, #236, #7159, #189, #9643, #3234, #5706, #4152, #7303, #5607, #3373, #8765, #4836, #7994, #928, #4054, #2518, #9131, #3538, #6788, #9960, #5029, #6681, #5907, #5808, #3420, #1177, #8967, #6573, #3589, #4422, #2875, #7352, #5963, #1999, #9735, #5859, #4252, #2719, #6625, #8911, #7570, #9022, #8142, #7405 ),
 .UNSPECIFIED., .F., .F.,
 ( 4, 2, 2, 2, 2, 2, 2, 2, 2, 2, 2, 2, 2, 2, 2, 2, 2, 2, 2, 2, 2, 2, 2, 2, 2, 2, 2, 2, 2, 2, 2, 2, 2, 2, 4 ),
 ( 0.000000000000000000, 0.002303348150741184926, 0.003455022226111777606, 0.004606696301482369853, 0.006910044452223460670, 0.008061718527593990033, 0.009213392602964519396, 0.01151674075370612109, 0.01382008890444772452, 0.01612343705518932621, 0.01842678520593092964, 0.02303348150741337669, 0.02533682965815427582, 0.02764017780889517495, 0.02994352595963607061, 0.03224687411037697321, 0.03685357041185931964, 0.03800524448723040238, 0.03915691856260148512, 0.04146026671334362979, 0.04606696301482732236, 0.05067365931631102188, 0.05297700746705247959, 0.05412868154242354846, 0.05528035561779462426, 0.05988705191927887195, 0.06219040007002085702, 0.06449374822076284208, 0.06564542229613368196, 0.06679709637150452184, 0.06910044452224588241, 0.07025211859761651412, 0.07140379267298713195, 0.07255546674835776366, 0.07370714082372839537 ),
 .UNSPECIFIED. ) ;
#5473 = ADVANCED_FACE ( 'NONE', ( #4487 ), #9298, .F. ) ;
#5474 = VERTEX_POINT ( 'NONE', #567 ) ;
#5475 = FACE_OUTER_BOUND ( 'NONE', #8239, .T. ) ;
#5476 = CARTESIAN_POINT ( 'NONE',  ( -24.99839276461203497, 122.2471953640208682, 679.6523475962929979 ) ) ;
#5477 = CYLINDRICAL_SURFACE ( 'NONE', #1171, 23.00000000000002132 ) ;
#5478 = DIRECTION ( 'NONE',  ( 0.9991514412379743915, -0.04118683579675160022, 0.0002050100731055823420 ) ) ;
#5479 = CARTESIAN_POINT ( 'NONE',  ( -1150.408745857970416, 912.3819625334430157, 165.6834272296453037 ) ) ;
#5480 = CIRCLE ( 'NONE', #8107, 75.00000000000007105 ) ;
#5481 = CARTESIAN_POINT ( 'NONE',  ( -23.90365203403445093, 121.0173700249701909, 672.5678335878197913 ) ) ;
#5482 = CARTESIAN_POINT ( 'NONE',  ( 0.000000000000000000, 40.00000000000000000, 0.000000000000000000 ) ) ;
#5483 = AXIS2_PLACEMENT_3D ( 'NONE', #2647, #1873, #5010 ) ;
#5484 = ORIENTED_EDGE ( 'NONE', *, *, #3789, .T. ) ;
#5485 = TOROIDAL_SURFACE ( 'NONE', #8283, 50.00000000000027711, 23.00000000000000711 ) ;
#5486 = VERTEX_POINT ( 'NONE', #2939 ) ;
#5487 = CARTESIAN_POINT ( 'NONE',  ( -499.8967856389276108, 908.8189881428547778, 132.2916993188370611 ) ) ;
#5488 = CARTESIAN_POINT ( 'NONE',  ( -1149.999999999999773, 40.00000000000000000, 626.9999999999996589 ) ) ;
#5489 = EDGE_CURVE ( 'NONE', #4292, #8582, #1355, .T. ) ;
#5490 = B_SPLINE_CURVE_WITH_KNOTS ( 'NONE', 3,
 ( #2411, #1630, #3996, #6611, #4910, #9723, #4960, #6505, #9576, #9782, #5646, #175, #2652, #8127, #1774, #7240, #5064, #9674, #323, #5015, #3360, #1109, #8849, #8078, #7290, #9628 ),
 .UNSPECIFIED., .F., .F.,
 ( 4, 2, 2, 2, 2, 2, 2, 2, 2, 2, 2, 2, 4 ),
 ( 0.01823993513948959921, 0.02204433696891994893, 0.02394653788363525215, 0.02584873879835055885, 0.02775093971306586554, 0.02965314062778116877, 0.03345754245721156012, 0.03535974337192662742, 0.03726194428664168778, 0.04106634611607209995, 0.04296854703078730603, 0.04487074794550251211, 0.04867514977493320877 ),
 .UNSPECIFIED. ) ;
#5491 = LINE ( 'NONE', #801, #171 ) ;
#5492 = CARTESIAN_POINT ( 'NONE',  ( -1135.895796583037736, 918.3301921786759294, -148.4702718290332939 ) ) ;
#5493 = AXIS2_PLACEMENT_3D ( 'NONE', #2228, #4693, #3710 ) ;
#5494 =( LENGTH_UNIT ( ) NAMED_UNIT ( * ) SI_UNIT ( .MILLI., .METRE. ) );
#5495 = CARTESIAN_POINT ( 'NONE',  ( -1150.741363059921014, 920.9438518892884531, 149.8625354325496630 ) ) ;
#5496 = CARTESIAN_POINT ( 'NONE',  ( -1129.927990856712313, 209.1031402598814282, -664.9100579679225120 ) ) ;
#5497 = CARTESIAN_POINT ( 'NONE',  ( -13.27056039396926046, 604.5111308979245450, -549.9374218871072344 ) ) ;
#5498 = VERTEX_POINT ( 'NONE', #6177 ) ;
#5499 = CARTESIAN_POINT ( 'NONE',  ( -1126.322037488405385, 945.5240083054283105, -166.2012255461991685 ) ) ;
#5500 = LINE ( 'NONE', #3218, #2680 ) ;
#5501 = CARTESIAN_POINT ( 'NONE',  ( -1174.756813134248887, 935.7123681184203861, -146.5707378452104592 ) ) ;
#5502 = CIRCLE ( 'NONE', #381, 5.999999999999894307 ) ;
#5503 = CARTESIAN_POINT ( 'NONE',  ( -1173.750000000000227, 40.00000000000000000, 673.7499999999997726 ) ) ;
#5504 = VERTEX_POINT ( 'NONE', #5410 ) ;
#5505 = CARTESIAN_POINT ( 'NONE',  ( -1133.687997153622746, 190.9395739766207782, -668.9459204403071908 ) ) ;
#5506 = AXIS2_PLACEMENT_3D ( 'NONE', #8067, #9665, #5220 ) ;
#5507 = CARTESIAN_POINT ( 'NONE',  ( -499.9131309282608981, 913.9400341408355644, -167.6866109220873113 ) ) ;
#5508 = DIRECTION ( 'NONE',  ( -1.000000000000000000, -5.551115123125780730E-16, 0.000000000000000000 ) ) ;
#5509 = CLOSED_SHELL ( 'NONE', ( #752, #7545, #4115, #4441, #1045, #4386, #5212, #6712, #8836, #5455, #8527, #1761, #6969, #1501 ) ) ;
#5510 = DIRECTION ( 'NONE',  ( 0.000000000000000000, 0.000000000000000000, 1.000000000000000000 ) ) ;
#5511 = DIRECTION ( 'NONE',  ( -1.084036547835517787E-17, 0.7840326558350858566, 0.6207195780577426936 ) ) ;
#5512 = ORIENTED_EDGE ( 'NONE', *, *, #4455, .T. ) ;
#5513 = VECTOR ( 'NONE', #470, 1000.000000000000000 ) ;
#5514 = AXIS2_PLACEMENT_3D ( 'NONE', #33, #6316, #9486 ) ;
#5515 = CARTESIAN_POINT ( 'NONE',  ( -2.880137398330167607E-13, 40.00000000000000000, 680.0000000000000000 ) ) ;
#5516 = CARTESIAN_POINT ( 'NONE',  ( -1142.355057370976283, 915.6437139998954535, 142.6992040164144555 ) ) ;
#5517 = LINE ( 'NONE', #8668, #1377 ) ;
#5518 = CARTESIAN_POINT ( 'NONE',  ( -1150.000000000000000, -804.6428199482242007, 0.000000000000000000 ) ) ;
#5519 = DIRECTION ( 'NONE',  ( 0.000000000000000000, 1.000000000000000000, 0.000000000000000000 ) ) ;
#5520 = EDGE_LOOP ( 'NONE', ( #3216, #2814, #266, #7079 ) ) ;
#5521 = ADVANCED_FACE ( 'NONE', ( #3042 ), #7734, .T. ) ;
#5522 = CARTESIAN_POINT ( 'NONE',  ( -20.69236117906118722, 113.8032512520654791, -665.9640998160251684 ) ) ;
#5523 = VERTEX_POINT ( 'NONE', #2831 ) ;
#5524 = EDGE_CURVE ( 'NONE', #446, #216, #7119, .T. ) ;
#5525 = VERTEX_POINT ( 'NONE', #721 ) ;
#5526 = CARTESIAN_POINT ( 'NONE',  ( -1149.999999999999545, 515.2069385598298368, 549.9999999999982947 ) ) ;
#5527 = DIRECTION ( 'NONE',  ( 0.000000000000000000, 0.000000000000000000, 1.000000000000000000 ) ) ;
#5528 = CARTESIAN_POINT ( 'NONE',  ( 39.99999999999965894, 30.00000000000000711, 0.000000000000000000 ) ) ;
#5529 = CARTESIAN_POINT ( 'NONE',  ( -1125.009721370613988, 177.7514603268095641, 650.6971183727841890 ) ) ;
#5530 = AXIS2_PLACEMENT_3D ( 'NONE', #5751, #3187, #1786 ) ;
#5531 = CARTESIAN_POINT ( 'NONE',  ( -1143.650324993146796, 915.4320234980405075, -140.6848824360448305 ) ) ;
#5532 = EDGE_CURVE ( 'NONE', #9186, #8759, #10223, .T. ) ;
#5533 = ORIENTED_EDGE ( 'NONE', *, *, #3947, .T. ) ;
#5534 = ORIENTED_EDGE ( 'NONE', *, *, #3184, .T. ) ;
#5535 = CARTESIAN_POINT ( 'NONE',  ( -500.0430627306077440, 911.3117373309971754, -129.7461379228402336 ) ) ;
#5536 = CYLINDRICAL_SURFACE ( 'NONE', #2019, 25.00000000000003197 ) ;
#5537 = CYLINDRICAL_SURFACE ( 'NONE', #4858, 17.99999999999999645 ) ;
#5538 = CARTESIAN_POINT ( 'NONE',  ( -1126.392892681385092, 214.3053439769354611, -658.2481898583557722 ) ) ;
#5539 = CARTESIAN_POINT ( 'NONE',  ( -1150.000000000000227, 515.2069385598407507, -625.0000000000015916 ) ) ;
#5540 = VERTEX_POINT ( 'NONE', #8812 ) ;
#5541 = ORIENTED_EDGE ( 'NONE', *, *, #915, .F. ) ;
#5542 = AXIS2_PLACEMENT_3D ( 'NONE', #4161, #6584, #7314 ) ;
#5543 = CARTESIAN_POINT ( 'NONE',  ( -24.44223145126975894, 563.8009616567823059, -558.7086452869904178 ) ) ;
#5544 = EDGE_CURVE ( 'NONE', #3499, #3524, #919, .T. ) ;
#5545 = CARTESIAN_POINT ( 'NONE',  ( -21.83722700993002164, 576.3477558213330667, -570.9522045519324820 ) ) ;
#5546 = CARTESIAN_POINT ( 'NONE',  ( -1150.802727533395455, 915.1322443669624818, -134.1604067571958581 ) ) ;
#5547 = CYLINDRICAL_SURFACE ( 'NONE', #4610, 23.00000000000000711 ) ;
#5548 = EDGE_LOOP ( 'NONE', ( #5222, #4830, #7771, #4660 ) ) ;
#5549 = LINE ( 'NONE', #9393, #2393 ) ;
#5550 = FACE_OUTER_BOUND ( 'NONE', #10008, .T. ) ;
#5551 = CARTESIAN_POINT ( 'NONE',  ( -489.3798071982984084, 928.9993241588842920, -154.7485872576589543 ) ) ;
#5552 = CARTESIAN_POINT ( 'NONE',  ( -1126.303005231426141, 929.2752003751902521, 167.8940553362556898 ) ) ;
#5553 = CARTESIAN_POINT ( 'NONE',  ( -24.89432288801263837, 587.3064304495878787, 531.7440878485701887 ) ) ;
#5554 = DIRECTION ( 'NONE',  ( 0.000000000000000000, 0.000000000000000000, 1.000000000000000000 ) ) ;
#5555 = ORIENTED_EDGE ( 'NONE', *, *, #2023, .T. ) ;
#5556 = CYLINDRICAL_SURFACE ( 'NONE', #1839, 20.00000000000001776 ) ;
#5557 = DIRECTION ( 'NONE',  ( -4.614472616192960960E-16, 0.7071067811865479058, -0.7071067811865470176 ) ) ;
#5558 = DIRECTION ( 'NONE',  ( 0.8155670090706015340, -0.5786626424054288620, 0.000000000000000000 ) ) ;
#5559 = DIRECTION ( 'NONE',  ( -1.000000000000000000, 0.000000000000000000, 0.000000000000000000 ) ) ;
#5560 = CARTESIAN_POINT ( 'NONE',  ( -1172.975817251511444, 658.7483297218598182, 551.3334943792824561 ) ) ;
#5561 = VERTEX_POINT ( 'NONE', #8618 ) ;
#5562 = CARTESIAN_POINT ( 'NONE',  ( -24.95590231544194637, 120.2380032318710050, -678.0625034833524296 ) ) ;
#5563 = ORIENTED_EDGE ( 'NONE', *, *, #3200, .T. ) ;
#5564 = AXIS2_PLACEMENT_3D ( 'NONE', #3904, #5451, #10217 ) ;
#5565 = ORIENTED_EDGE ( 'NONE', *, *, #1306, .F. ) ;
#5566 = ADVANCED_FACE ( 'NONE', ( #43 ), #5556, .F. ) ;
#5567 = DIRECTION ( 'NONE',  ( -1.776356839400261509E-15, 0.000000000000000000, 1.000000000000000000 ) ) ;
#5568 = CARTESIAN_POINT ( 'NONE',  ( -491.0077518789655073, 928.0431203095598676, 142.2673381027265975 ) ) ;
#5569 = CARTESIAN_POINT ( 'NONE',  ( -1141.347702490032361, 915.0098917666218767, -154.1140721386846053 ) ) ;
#5570 = CARTESIAN_POINT ( 'NONE',  ( -496.1977570899346119, 899.4812632068943685, -136.7188038227052971 ) ) ;
#5571 = CARTESIAN_POINT ( 'NONE',  ( -1173.750000000000000, 30.00000000000000711, -620.2500000000000000 ) ) ;
#5572 = CARTESIAN_POINT ( 'NONE',  ( -1135.515986882008065, 918.8850111948602262, 145.0762753861289980 ) ) ;
#5573 = ORIENTED_EDGE ( 'NONE', *, *, #676, .T. ) ;
#5574 = EDGE_CURVE ( 'NONE', #6199, #7636, #9534, .T. ) ;
#5575 = EDGE_LOOP ( 'NONE', ( #8045, #8171, #4463, #2135 ) ) ;
#5576 = DIRECTION ( 'NONE',  ( -9.284440173834540666E-15, -1.000000000000000000, 2.116085084935547861E-13 ) ) ;
#5577 = DIRECTION ( 'NONE',  ( 0.000000000000000000, 0.000000000000000000, -1.000000000000000000 ) ) ;
#5578 = CARTESIAN_POINT ( 'NONE',  ( -1173.655744304799327, 929.9569295556017323, -159.3045879450443749 ) ) ;
#5579 = ADVANCED_FACE ( 'NONE', ( #1737 ), #2020, .F. ) ;
#5580 = DIRECTION ( 'NONE',  ( 0.08662961636484152461, 0.9962405881956829523, 0.000000000000000000 ) ) ;
#5581 = B_SPLINE_CURVE_WITH_KNOTS ( 'NONE', 3,
 ( #4711, #10193, #6095, #7076, #2193, #2955, #6244, #10140, #9420, #5531, #6919, #1609, #7757, #2342, #10086, #3007, #2243, #634, #8683, #3058, #5378, #6143, #8590, #8638 ),
 .UNSPECIFIED., .F., .F.,
 ( 4, 2, 2, 2, 2, 2, 2, 2, 2, 2, 2, 4 ),
 ( 0.07826242137619393580, 0.08064108262166094776, 0.08301974386712797360, 0.08539840511259499944, 0.08658773573532850543, 0.08777706635806201141, 0.09015572760352899562, 0.09134505822626251548, 0.09253438884899603534, 0.09491305009446307506, 0.09610238071719655328, 0.09729171133993003151 ),
 .UNSPECIFIED. ) ;
#5582 = FACE_OUTER_BOUND ( 'NONE', #2665, .T. ) ;
#5583 = CARTESIAN_POINT ( 'NONE',  ( -1169.161584001048595, 924.0218926335726337, 134.9348633522922398 ) ) ;
#5584 = EDGE_CURVE ( 'NONE', #7942, #3676, #3910, .T. ) ;
#5585 = TOROIDAL_SURFACE ( 'NONE', #1149, 50.00000000000027711, 23.00000000000000711 ) ;
#5586 = ORIENTED_EDGE ( 'NONE', *, *, #8105, .F. ) ;
#5587 = EDGE_LOOP ( 'NONE', ( #8486, #3817 ) ) ;
#5588 = CARTESIAN_POINT ( 'NONE',  ( -24.96394332988002773, 565.4967547364695974, -562.5353731467895386 ) ) ;
#5589 = ADVANCED_FACE ( 'NONE', ( #3135 ), #4050, .F. ) ;
#5590 = LINE ( 'NONE', #8748, #7964 ) ;
#5591 = CARTESIAN_POINT ( 'NONE',  ( -1153.332476957019480, 915.4574029879354384, -132.8023556595052526 ) ) ;
#5592 = CIRCLE ( 'NONE', #6409, 17.99999999999999645 ) ;
#5593 = CARTESIAN_POINT ( 'NONE',  ( -24.84774419777650678, 121.9350894399104419, -682.7765146752363989 ) ) ;
#5594 = CIRCLE ( 'NONE', #2158, 123.0000000000000000 ) ;
#5595 = ORIENTED_EDGE ( 'NONE', *, *, #6035, .F. ) ;
#5596 = CARTESIAN_POINT ( 'NONE',  ( -1132.865122172313249, 189.1671510261314779, -668.2191534578480514 ) ) ;
#5597 = DIRECTION ( 'NONE',  ( 1.000000000000000000, 0.000000000000000000, 0.000000000000000000 ) ) ;
#5598 = DIRECTION ( 'NONE',  ( -2.498001805406602216E-16, 4.718447854656915297E-16, -1.000000000000000000 ) ) ;
#5599 = CARTESIAN_POINT ( 'NONE',  ( -1126.100619101176108, 944.5803737618906553, 168.7389198116508737 ) ) ;
#5600 = CARTESIAN_POINT ( 'NONE',  ( -23.92323509516974767, 563.1619206327941356, 556.5328080543920350 ) ) ;
#5601 = ORIENTED_EDGE ( 'NONE', *, *, #869, .T. ) ;
#5602 = CARTESIAN_POINT ( 'NONE',  ( -1110.000000000000000, 40.00000000000000000, -689.9999999999997726 ) ) ;
#5603 = CARTESIAN_POINT ( 'NONE',  ( -1140.539604672221003, 915.7257157138570847, 149.5815157749454443 ) ) ;
#5604 = DIRECTION ( 'NONE',  ( -1.659227894316332837E-15, -0.7840326558350207975, -0.6207195780578245170 ) ) ;
#5605 = B_SPLINE_CURVE_WITH_KNOTS ( 'NONE', 3,
 ( #9134, #9187, #8508, #6736, #4366, #606, #9905, #1437, #6117, #10057, #6169, #5134, #5247, #1332, #4579, #445, #2061, #8402, #7727, #2822, #5191, #3645, #8348, #9288, #8300, #1285, #4424, #6790, #9962, #4477, #7626, #2458, #8753, #7934, #3170, #818, #4678, #83, #3080, #8559, #1588, #5505, #7195, #5596, #5400, #4777, #1483, #8706, #10216, #7003, #8659, #10167, #9527, #7837, #7982, #8610, #3222, #2268, #4731, #862, #6366, #7145 ),
 .UNSPECIFIED., .F., .F.,
 ( 4, 2, 2, 2, 2, 2, 2, 2, 2, 2, 2, 2, 2, 2, 2, 2, 2, 2, 2, 2, 2, 2, 2, 2, 2, 2, 2, 2, 2, 2, 4 ),
 ( 0.000000000000000000, 0.004145714931414829808, 0.005182143664268694036, 0.006218572397122557396, 0.008291429862829834824, 0.01036428732853711225, 0.01243714479424438794, 0.01658285972565893759, 0.01865571719136636941, 0.02072857465707379776, 0.02487428958848865793, 0.02694714705419603076, 0.02902000451990340360, 0.03005643325275701369, 0.03109286198561062031, 0.03316571945131784049, 0.03420214818417150610, 0.03523857691702517170, 0.03731143438273264168, 0.03938429184844011860, 0.04042072058129397155, 0.04145714931414781756, 0.04560286424556206364, 0.04767572171126922137, 0.04974857917697637910, 0.05389429410839113865, 0.05596715157409851149, 0.05700358030695222566, 0.05804000903980593290, 0.06218572397122067164, 0.06633143890263541731 ),
 .UNSPECIFIED. ) ;
#5606 = DIRECTION ( 'NONE',  ( -0.7941567930305997169, 0.5634716255418394937, -0.2276284588811126608 ) ) ;
#5607 = CARTESIAN_POINT ( 'NONE',  ( -1149.266362505400821, 637.0084434232137482, 549.2387946143039699 ) ) ;
#5608 = VERTEX_POINT ( 'NONE', #5602 ) ;
#5609 = CARTESIAN_POINT ( 'NONE',  ( -17.52938538183205353, 96.78588399436496559, -662.1748905645390550 ) ) ;
#5610 = ORIENTED_EDGE ( 'NONE', *, *, #3040, .F. ) ;
#5611 = AXIS2_PLACEMENT_3D ( 'NONE', #1954, #9701, #5871 ) ;
#5612 = EDGE_CURVE ( 'NONE', #944, #1846, #8760, .T. ) ;
#5613 = EDGE_LOOP ( 'NONE', ( #4850, #7718, #2041, #6098 ) ) ;
#5614 = FACE_OUTER_BOUND ( 'NONE', #7464, .T. ) ;
#5615 = CARTESIAN_POINT ( 'NONE',  ( -489.9920626260967538, 928.6651707514070040, 143.8531611623624258 ) ) ;
#5616 = CARTESIAN_POINT ( 'NONE',  ( -2.902317422911738039E-13, 408.5786437626903762, -680.0000000000000000 ) ) ;
#5617 = VECTOR ( 'NONE', #9415, 1000.000000000000000 ) ;
#5618 = CARTESIAN_POINT ( 'NONE',  ( -498.9408586253302929, 904.7391275103578892, -133.2854672936746852 ) ) ;
#5619 = UNCERTAINTY_MEASURE_WITH_UNIT (LENGTH_MEASURE( 1.000000000000000082E-05 ), #4931, 'distance_accuracy_value', 'NONE');
#5620 = B_SPLINE_CURVE_WITH_KNOTS ( 'NONE', 3,
 ( #6351, #1614, #3931, #896, #2537, #7968, #845, #4900, #7083, #3251, #7913, #6395, #3980, #160, #7132, #7222, #3208, #8012, #2488, #5624, #1712, #947, #3296, #6443, #9611, #5681, #8835, #8062 ),
 .UNSPECIFIED., .F., .F.,
 ( 4, 2, 2, 2, 2, 2, 2, 2, 2, 2, 2, 2, 2, 4 ),
 ( 1.291175088092316414E-16, 0.003730203391818192552, 0.005595305087727220524, 0.006527855935681602453, 0.007460406783635983516, 0.01119061017545425023, 0.01305571187136326389, 0.01492081356727227755, 0.01678591526318129121, 0.01865101695909030313, 0.02238122035090832351, 0.02424632204681710992, 0.02611142374272589634, 0.02984162713454358018 ),
 .UNSPECIFIED. ) ;
#5621 = CARTESIAN_POINT ( 'NONE',  ( -1135.810474520526896, 918.5078657750405000, 147.0902455299468841 ) ) ;
#5622 = VERTEX_POINT ( 'NONE', #7991 ) ;
#5623 = CARTESIAN_POINT ( 'NONE',  ( -1131.871197078241494, 955.9414322993353608, 152.9457934742425493 ) ) ;
#5624 = CARTESIAN_POINT ( 'NONE',  ( -24.87090883609019443, 569.5423324110420253, 564.4543645404203289 ) ) ;
#5625 = CARTESIAN_POINT ( 'NONE',  ( -1163.941806427605570, 916.3430634532554677, -168.7858674368711149 ) ) ;
#5626 = DIRECTION ( 'NONE',  ( -1.065464638161417581E-15, -0.7071067811865467956, -0.7071067811865482389 ) ) ;
#5627 = AXIS2_PLACEMENT_3D ( 'NONE', #135, #5655, #6620 ) ;
#5628 = EDGE_CURVE ( 'NONE', #3079, #5759, #9759, .T. ) ;
#5629 = CARTESIAN_POINT ( 'NONE',  ( -10.64204095594103627, 596.4531393239649333, 564.3054499314796431 ) ) ;
#5630 = FACE_OUTER_BOUND ( 'NONE', #1689, .T. ) ;
#5631 = AXIS2_PLACEMENT_3D ( 'NONE', #5518, #5559, #7993 ) ;
#5632 = CARTESIAN_POINT ( 'NONE',  ( -25.01189185925144187, 591.7025590373942805, -531.2780668368727675 ) ) ;
#5633 = ORIENTED_EDGE ( 'NONE', *, *, #2322, .T. ) ;
#5634 = EDGE_CURVE ( 'NONE', #9944, #6198, #5459, .T. ) ;
#5635 = EDGE_CURVE ( 'NONE', #4570, #4262, #3982, .T. ) ;
#5636 = ORIENTED_EDGE ( 'NONE', *, *, #3821, .F. ) ;
#5637 = AXIS2_PLACEMENT_3D ( 'NONE', #6886, #4416, #489 ) ;
#5638 = DIRECTION ( 'NONE',  ( 1.000000000000000000, 0.000000000000000000, 0.000000000000000000 ) ) ;
#5639 = AXIS2_PLACEMENT_3D ( 'NONE', #9170, #5278, #2094 ) ;
#5640 = CARTESIAN_POINT ( 'NONE',  ( -24.99457425425011081, 567.6736726287699639, -561.2167781729642684 ) ) ;
#5641 = CARTESIAN_POINT ( 'NONE',  ( -1133.189397802819258, 920.7188749297966979, 145.6167583137820429 ) ) ;
#5642 = DIRECTION ( 'NONE',  ( 0.000000000000000000, 0.000000000000000000, -1.000000000000000000 ) ) ;
#5643 = EDGE_CURVE ( 'NONE', #8759, #1169, #4700, .T. ) ;
#5644 = AXIS2_PLACEMENT_3D ( 'NONE', #6527, #9079, #2004 ) ;
#5645 = ORIENTED_EDGE ( 'NONE', *, *, #6873, .F. ) ;
#5646 = CARTESIAN_POINT ( 'NONE',  ( -11.21560367111687917, 592.5953360364911759, -568.5437729931800277 ) ) ;
#5647 = FACE_OUTER_BOUND ( 'NONE', #4318, .T. ) ;
#5648 = CARTESIAN_POINT ( 'NONE',  ( -1165.100527651165521, 917.1835617488754906, 168.6895374036944304 ) ) ;
#5649 = DIRECTION ( 'NONE',  ( 0.9991514412379743915, -0.04118683579675160022, 0.0002050100731055823420 ) ) ;
#5650 = CARTESIAN_POINT ( 'NONE',  ( -1126.396324179085241, 945.5192945170715575, 168.3874119377212253 ) ) ;
#5651 = CARTESIAN_POINT ( 'NONE',  ( -24.05960459001153140, 581.7154478834756901, 533.2879858434591824 ) ) ;
#5652 = EDGE_CURVE ( 'NONE', #2851, #6884, #1595, .T. ) ;
#5653 = CARTESIAN_POINT ( 'NONE',  ( -490.4265470563756253, 894.2165248420894841, 145.7790046691252144 ) ) ;
#5654 = ORIENTED_EDGE ( 'NONE', *, *, #6388, .F. ) ;
#5655 = DIRECTION ( 'NONE',  ( 4.614472616192961946E-16, -0.7071067811865480168, -0.7071067811865471286 ) ) ;
#5656 = CYLINDRICAL_SURFACE ( 'NONE', #680, 4.999999999999809930 ) ;
#5657 = LINE ( 'NONE', #384, #4153 ) ;
#5658 = CARTESIAN_POINT ( 'NONE',  ( -1144.141067611535163, 914.9085296850554414, 145.4891833032715169 ) ) ;
#5659 = DIRECTION ( 'NONE',  ( 1.457987752832361557E-15, -1.276756478318930021E-15, 1.000000000000000000 ) ) ;
#5660 = LINE ( 'NONE', #7208, #8165 ) ;
#5661 = VERTEX_POINT ( 'NONE', #3958 ) ;
#5662 = CARTESIAN_POINT ( 'NONE',  ( -1173.750000000000227, 30.00000000000000711, 679.7499999999997726 ) ) ;
#5663 = AXIS2_PLACEMENT_3D ( 'NONE', #3418, #9957, #3536 ) ;
#5664 = EDGE_LOOP ( 'NONE', ( #7851, #4768, #7267, #3139 ) ) ;
#5665 = CARTESIAN_POINT ( 'NONE',  ( 23.74999999999972289, 30.00000000000000711, -662.2500000000000000 ) ) ;
#5666 = EDGE_CURVE ( 'NONE', #7306, #7949, #6606, .T. ) ;
#5667 = VECTOR ( 'NONE', #6833, 1000.000000000000000 ) ;
#5668 = AXIS2_PLACEMENT_3D ( 'NONE', #804, #7766, #7824 ) ;
#5669 = ORIENTED_EDGE ( 'NONE', *, *, #1552, .F. ) ;
#5670 = CARTESIAN_POINT ( 'NONE',  ( -1126.250000000000455, 30.00000000000000711, 667.7499999999994316 ) ) ;
#5671 = CARTESIAN_POINT ( 'NONE',  ( -21.30269352045181108, 113.6215432203841971, 693.0906415386361914 ) ) ;
#5672 = DIRECTION ( 'NONE',  ( -1.000000000000000000, 0.000000000000000000, 0.000000000000000000 ) ) ;
#5673 = CARTESIAN_POINT ( 'NONE',  ( -1548.041541306736235, 345.0000000000000000, 158.6010951158155819 ) ) ;
#5674 = CARTESIAN_POINT ( 'NONE',  ( 24.99999999999971223, 408.5786437626905467, 680.0000000000000000 ) ) ;
#5675 = EDGE_CURVE ( 'NONE', #9760, #5939, #9585, .T. ) ;
#5676 = AXIS2_PLACEMENT_3D ( 'NONE', #6494, #4127, #3301 ) ;
#5677 = CYLINDRICAL_SURFACE ( 'NONE', #1404, 6.000000000000005329 ) ;
#5678 = CARTESIAN_POINT ( 'NONE',  ( -1132.136180989586137, 922.3904579521282585, 137.5733578180154097 ) ) ;
#5679 = EDGE_LOOP ( 'NONE', ( #6248, #5563, #4060, #9499, #8238, #4469 ) ) ;
#5680 = CARTESIAN_POINT ( 'NONE',  ( -1134.170678391368710, 958.1120866264947153, -152.6302797018356614 ) ) ;
#5681 = CARTESIAN_POINT ( 'NONE',  ( -24.66905480166242270, 566.3036115028592121, 557.7459032810402277 ) ) ;
#5682 = DIRECTION ( 'NONE',  ( 0.000000000000000000, 0.000000000000000000, 1.000000000000000000 ) ) ;
#5683 = TOROIDAL_SURFACE ( 'NONE', #9335, 100.0000000000031832, 25.00000000000000711 ) ;
#5684 = CARTESIAN_POINT ( 'NONE',  ( -489.8141992437508065, 893.8605039619537820, -152.2081322698053611 ) ) ;
#5685 = CARTESIAN_POINT ( 'NONE',  ( -1458.041541306736235, 334.9999999999999432, -193.6010951158149282 ) ) ;
#5686 = CIRCLE ( 'NONE', #5998, 22.99999999999999289 ) ;
#5687 = CARTESIAN_POINT ( 'NONE',  ( -23.85070185600601533, 598.1346939085161694, -532.4680235967222188 ) ) ;
#5688 = ORIENTED_EDGE ( 'NONE', *, *, #7831, .T. ) ;
#5689 = CARTESIAN_POINT ( 'NONE',  ( -23.75000000000011724, 40.00000000000000000, 703.7500000000002274 ) ) ;
#5690 = CARTESIAN_POINT ( 'NONE',  ( -1174.819725019582847, 935.5157432580748491, -154.4541571307759398 ) ) ;
#5691 = CARTESIAN_POINT ( 'NONE',  ( -1149.999999999999773, 912.4125363088019185, 165.3659685335992435 ) ) ;
#5692 = ORIENTED_EDGE ( 'NONE', *, *, #6263, .T. ) ;
#5693 = CARTESIAN_POINT ( 'NONE',  ( -357.7080113700176867, 824.5123409701822084, -302.7158385259953661 ) ) ;
#5694 = CARTESIAN_POINT ( 'NONE',  ( 39.99999999999971578, 30.00000000000000711, 0.000000000000000000 ) ) ;
#5695 = CARTESIAN_POINT ( 'NONE',  ( -1131.918820507293731, 956.0727647151618385, -152.0044782913559516 ) ) ;
#5696 = CARTESIAN_POINT ( 'NONE',  ( -499.3982674277760339, 916.5178496454509514, -167.2315903759815114 ) ) ;
#5697 = CARTESIAN_POINT ( 'NONE',  ( -24.99252511255038200, 84.10533828360665609, -679.3886993386613540 ) ) ;
#5698 = VECTOR ( 'NONE', #2387, 1000.000000000000000 ) ;
#5699 = CARTESIAN_POINT ( 'NONE',  ( -20.05283701241281946, 603.8356873615834957, 537.8753864059656280 ) ) ;
#5700 = ORIENTED_EDGE ( 'NONE', *, *, #7750, .T. ) ;
#5701 = DIRECTION ( 'NONE',  ( -2.209795180075059144E-15, 1.000000000000000000, 3.114345657676548060E-15 ) ) ;
#5702 = DIRECTION ( 'NONE',  ( 1.000000000000000000, 0.000000000000000000, 0.000000000000000000 ) ) ;
#5703 = CARTESIAN_POINT ( 'NONE',  ( -1523.981446312944854, 345.0000000000000568, 137.9474593829018545 ) ) ;
#5704 = DIRECTION ( 'NONE',  ( 0.000000000000000000, -1.000000000000000000, 0.000000000000000000 ) ) ;
#5705 = CARTESIAN_POINT ( 'NONE',  ( -491.3111448737672049, 931.7932132955694442, -137.6254637056914021 ) ) ;
#5706 = CARTESIAN_POINT ( 'NONE',  ( -1153.101622103810769, 637.1579830732868004, 549.2961674437025295 ) ) ;
#5707 = AXIS2_PLACEMENT_3D ( 'NONE', #8567, #7786, #3858 ) ;
#5708 = ORIENTED_EDGE ( 'NONE', *, *, #1764, .T. ) ;
#5709 = CARTESIAN_POINT ( 'NONE',  ( -1126.015968790461557, 214.2738178181826925, 642.9223292365852558 ) ) ;
#5710 = ORIENTED_EDGE ( 'NONE', *, *, #5524, .T. ) ;
#5711 = ADVANCED_FACE ( 'NONE', ( #4832 ), #7202, .T. ) ;
#5712 = CARTESIAN_POINT ( 'NONE',  ( -1133.049080370270531, 205.4081088599150178, 631.6206414414436949 ) ) ;
#5713 = CARTESIAN_POINT ( 'NONE',  ( -17.45186942468920677, 97.04805674130314230, 662.0978218771663251 ) ) ;
#5714 = EDGE_LOOP ( 'NONE', ( #1506, #7923, #2439, #242, #8951 ) ) ;
#5715 = FACE_OUTER_BOUND ( 'NONE', #6010, .T. ) ;
#5716 = DIRECTION ( 'NONE',  ( 0.8155670090706017561, -0.5786626424054288620, 0.000000000000000000 ) ) ;
#5717 = CARTESIAN_POINT ( 'NONE',  ( -21.92943257061110884, 117.4971529070081431, 692.0569393718711808 ) ) ;
#5718 = CARTESIAN_POINT ( 'NONE',  ( -497.8355331034694586, 902.1611680535102096, -134.6688007308269732 ) ) ;
#5719 = CARTESIAN_POINT ( 'NONE',  ( -1130.518730988957259, 924.3962195033468561, -135.2908893250481697 ) ) ;
#5720 = CARTESIAN_POINT ( 'NONE',  ( -1134.013890461633537, 958.2777398622021110, 149.1792890941643464 ) ) ;
#5721 = AXIS2_PLACEMENT_3D ( 'NONE', #5689, #3217, #9669 ) ;
#5722 = ORIENTED_EDGE ( 'NONE', *, *, #2076, .T. ) ;
#5723 = CARTESIAN_POINT ( 'NONE',  ( -1126.250000000000227, 30.00000000000000711, 632.2499999999997726 ) ) ;
#5724 = CARTESIAN_POINT ( 'NONE',  ( -40.00000000000034106, 40.00000000000000000, 720.0000000000000000 ) ) ;
#5725 = AXIS2_PLACEMENT_3D ( 'NONE', #6301, #2443, #9471 ) ;
#5726 = CARTESIAN_POINT ( 'NONE',  ( -1152.985983475620969, 912.6092195074852498, -165.0657730642737420 ) ) ;
#5727 = B_SPLINE_CURVE_WITH_KNOTS ( 'NONE', 3,
 ( #8767, #5562, #9593, #8819, #8672, #98, #2476, #8722, #2426, #1602, #3095, #6429, #7950, #10183, #51, #4883, #5522, #728, #1698, #3870, #3237, #4698, #4747, #7162, #1645, #5470, #7019, #6235, #783, #931, #4838, #9409, #4057, #7900, #8626, #830, #7210, #1553, #5609, #883, #7852, #6378, #9455, #9500, #4792, #142, #3964, #6283, #2379, #3916, #3281, #7113, #7067, #2, #4010, #3140, #3190, #9541, #5910, #8043, #1179, #6683, #8144, #7255, #6524, #4106 ),
 .UNSPECIFIED., .F., .F.,
 ( 4, 2, 2, 2, 2, 2, 2, 2, 2, 2, 2, 2, 2, 2, 2, 2, 2, 2, 2, 2, 2, 2, 2, 2, 2, 2, 2, 2, 2, 2, 2, 2, 4 ),
 ( 0.000000000000000000, 0.003673997903401304745, 0.004592497379251628438, 0.005510996855101952564, 0.007347995806802890516, 0.009184994758503827600, 0.01102199371020476555, 0.01469599161360686697, 0.01653299056530801656, 0.01836998951700917482, 0.02204398742041147746, 0.02388098637211267042, 0.02479948584796322006, 0.02571798532381376623, 0.02755498427551483082, 0.02847348375136537005, 0.02939198322721589887, 0.03306598113061811478, 0.03398448060646863667, 0.03490298008231916549, 0.03673997903402020926, 0.03857697798572124609, 0.04041397693742228986, 0.04408797484082455087, 0.04592497379252566403, 0.04776197274422677719, 0.04959897169592790422, 0.05051747117177832896, 0.05143597064762876064, 0.05510996855103073022, 0.05602846802688114802, 0.05694696750273156582, 0.05878396645443272756 ),
 .UNSPECIFIED. ) ;
#5728 = CARTESIAN_POINT ( 'NONE',  ( -14.65947738996691108, 586.2473370862502406, 572.3826008289161109 ) ) ;
#5729 = DIRECTION ( 'NONE',  ( -0.5786626424054287510, -0.8155670090706016451, 0.000000000000000000 ) ) ;
#5730 =( BOUNDED_CURVE ( )  B_SPLINE_CURVE ( 3, ( #9031, #2673, #1899, #6582 ),
 .UNSPECIFIED., .F., .F. ) 
 B_SPLINE_CURVE_WITH_KNOTS ( ( 4, 4 ),
 ( 1.570796326794895004, 4.712388980384687898 ),
 .UNSPECIFIED. ) 
 CURVE ( )  GEOMETRIC_REPRESENTATION_ITEM ( )  RATIONAL_B_SPLINE_CURVE ( ( 1.000000000000000000, 0.3333333333333333703, 0.3333333333333333703, 1.000000000000000000 ) ) 
 REPRESENTATION_ITEM ( '' )  );
#5731 = CARTESIAN_POINT ( 'NONE',  ( -25.03023994357486615, 590.2301233439106909, -531.3561241902688153 ) ) ;
#5732 = ORIENTED_EDGE ( 'NONE', *, *, #7010, .F. ) ;
#5733 = CARTESIAN_POINT ( 'NONE',  ( -480.0430627306076872, 911.3117373309971754, 302.7158385259952524 ) ) ;
#5734 = FACE_OUTER_BOUND ( 'NONE', #3421, .T. ) ;
#5735 = CARTESIAN_POINT ( 'NONE',  ( -1129.417751210698725, 925.7675752511206611, 136.7147756957773197 ) ) ;
#5736 = CARTESIAN_POINT ( 'NONE',  ( -489.4948262968726453, 893.6860695284022995, 149.9982127635803124 ) ) ;
#5737 = ORIENTED_EDGE ( 'NONE', *, *, #10107, .T. ) ;
#5738 = DIRECTION ( 'NONE',  ( 0.000000000000000000, 1.000000000000000000, 0.000000000000000000 ) ) ;
#5739 = CARTESIAN_POINT ( 'NONE',  ( -1149.999999999999773, 561.7609069141655027, 608.8024491876245747 ) ) ;
#5740 = CYLINDRICAL_SURFACE ( 'NONE', #6313, 4.999999999999809930 ) ;
#5741 = DIRECTION ( 'NONE',  ( 0.000000000000000000, 0.000000000000000000, -1.000000000000000000 ) ) ;
#5742 = VECTOR ( 'NONE', #4484, 1000.000000000000000 ) ;
#5743 = CARTESIAN_POINT ( 'NONE',  ( -21.67171080445807974, 602.2425201632094058, 535.4354821146461063 ) ) ;
#5744 = VERTEX_POINT ( 'NONE', #5071 ) ;
#5745 = VERTEX_POINT ( 'NONE', #5746 ) ;
#5746 = CARTESIAN_POINT ( 'NONE',  ( -382.2133178733681120, 841.8993922565545063, -431.2505824699651384 ) ) ;
#5747 = AXIS2_PLACEMENT_3D ( 'NONE', #8910, #5906, #1940 ) ;
#5748 = FACE_OUTER_BOUND ( 'NONE', #1701, .T. ) ;
#5749 = CARTESIAN_POINT ( 'NONE',  ( -1125.007474887449689, 215.8946617163933581, 650.6113006613398966 ) ) ;
#5750 = CARTESIAN_POINT ( 'NONE',  ( -1127.000000000000000, 660.0000000000000000, 562.9128703017762518 ) ) ;
#5751 = CARTESIAN_POINT ( 'NONE',  ( -357.7080113700174024, 824.5123409701826631, 302.7158385259953661 ) ) ;
#5752 = AXIS2_PLACEMENT_3D ( 'NONE', #7309, #6528, #241 ) ;
#5753 = ORIENTED_EDGE ( 'NONE', *, *, #4715, .T. ) ;
#5754 = CARTESIAN_POINT ( 'NONE',  ( -1129.918531833574889, 188.9404470659837045, 635.1050864769447344 ) ) ;
#5755 = ORIENTED_EDGE ( 'NONE', *, *, #637, .T. ) ;
#5756 = CARTESIAN_POINT ( 'NONE',  ( -1125.057368396004676, 217.7597779654904571, 647.8289280177425553 ) ) ;
#5757 = EDGE_CURVE ( 'NONE', #3431, #7548, #353, .T. ) ;
#5758 = CARTESIAN_POINT ( 'NONE',  ( -1144.529947625003842, 913.9793588068500867, -155.0628473365337925 ) ) ;
#5759 = VERTEX_POINT ( 'NONE', #4195 ) ;
#5760 = PRESENTATION_STYLE_ASSIGNMENT (( #7416 ) ) ;
#5761 = EDGE_CURVE ( 'NONE', #6261, #6036, #1831, .T. ) ;
#5762 = ORIENTED_EDGE ( 'NONE', *, *, #8578, .F. ) ;
#5763 = EDGE_CURVE ( 'NONE', #316, #7230, #2840, .T. ) ;
#5764 = EDGE_CURVE ( 'NONE', #2821, #6333, #2508, .T. ) ;
#5765 = CARTESIAN_POINT ( 'NONE',  ( -1443.041541306736235, 334.9999999999999432, -203.6010951158150704 ) ) ;
#5766 = CARTESIAN_POINT ( 'NONE',  ( -18.62320443392039238, 96.09325645445582609, 696.6801228567401267 ) ) ;
#5767 = DIRECTION ( 'NONE',  ( 0.000000000000000000, 0.000000000000000000, -1.000000000000000000 ) ) ;
#5768 = CARTESIAN_POINT ( 'NONE',  ( -1126.250000000000227, 40.00000000000000000, 626.2499999999996589 ) ) ;
#5769 = CARTESIAN_POINT ( 'NONE',  ( 23.74999999999967315, 30.00000000000000711, 656.2500000000000000 ) ) ;
#5770 = CARTESIAN_POINT ( 'NONE',  ( -22.43272133673039548, 571.6929306649230966, -541.2583367228169209 ) ) ;
#5771 = EDGE_CURVE ( 'NONE', #7636, #687, #9599, .T. ) ;
#5772 = CARTESIAN_POINT ( 'NONE',  ( -1126.953040996172376, 930.7101161459528385, 131.2294697021013690 ) ) ;
#5773 = ORIENTED_EDGE ( 'NONE', *, *, #2642, .T. ) ;
#5774 = EDGE_CURVE ( 'NONE', #7455, #7949, #5803, .T. ) ;
#5775 = CARTESIAN_POINT ( 'NONE',  ( -1130.940446394763057, 923.5736253161231843, -139.2554062805255057 ) ) ;
#5776 = CARTESIAN_POINT ( 'NONE',  ( -1125.435969959895601, 932.4838844798365471, -169.1100299056739118 ) ) ;
#5777 = CARTESIAN_POINT ( 'NONE',  ( -22.79076020280106007, 573.8092825111584716, 539.5958330676379546 ) ) ;
#5778 = CARTESIAN_POINT ( 'NONE',  ( -1174.178383498141102, 932.7983751458206143, -146.9129643159788827 ) ) ;
#5779 = CARTESIAN_POINT ( 'NONE',  ( -492.4199253144088857, 895.5838168779719126, -157.5978392843112488 ) ) ;
#5780 = CARTESIAN_POINT ( 'NONE',  ( -1125.589511677499559, 180.4354172993164127, -655.5293355127869290 ) ) ;
#5781 = CARTESIAN_POINT ( 'NONE',  ( -22.44138113432331139, 575.0987411134066178, -536.2663289316911914 ) ) ;
#5782 = EDGE_CURVE ( 'NONE', #4399, #9511, #276, .T. ) ;
#5783 = EDGE_LOOP ( 'NONE', ( #6413, #1155, #8809, #7220 ) ) ;
#5784 = ORIENTED_EDGE ( 'NONE', *, *, #307, .T. ) ;
#5785 = DIRECTION ( 'NONE',  ( -0.000000000000000000, -1.000000000000000000, 8.619627893433011024E-16 ) ) ;
#5786 = STYLED_ITEM ( 'NONE', ( #2430 ), #850 ) ;
#5787 = VECTOR ( 'NONE', #8412, 1000.000000000000000 ) ;
#5788 = CARTESIAN_POINT ( 'NONE',  ( -1157.594630353269395, 913.1772417177699026, -169.6434635789379968 ) ) ;
#5789 = CYLINDRICAL_SURFACE ( 'NONE', #4621, 24.99999999999991118 ) ;
#5790 = ORIENTED_EDGE ( 'NONE', *, *, #1357, .T. ) ;
#5791 = ADVANCED_FACE ( 'NONE', ( #1993 ), #4971, .F. ) ;
#5792 = AXIS2_PLACEMENT_3D ( 'NONE', #309, #520, #8990 ) ;
#5793 = ORIENTED_EDGE ( 'NONE', *, *, #3353, .T. ) ;
#5794 = DIRECTION ( 'NONE',  ( 0.000000000000000000, -1.000000000000000000, 0.000000000000000000 ) ) ;
#5795 = DIRECTION ( 'NONE',  ( 0.000000000000000000, -1.000000000000000000, 0.000000000000000000 ) ) ;
#5796 = DIRECTION ( 'NONE',  ( -4.999362528151271919E-51, 0.000000000000000000, -1.000000000000000000 ) ) ;
#5797 = CARTESIAN_POINT ( 'NONE',  ( -23.45731479757889204, 86.52121383839414648, -688.6637144620050321 ) ) ;
#5798 = VECTOR ( 'NONE', #5185, 1000.000000000000000 ) ;
#5799 = AXIS2_PLACEMENT_3D ( 'NONE', #5226, #2855, #3626 ) ;
#5800 = CARTESIAN_POINT ( 'NONE',  ( -16.33597548141395706, 605.1725845899748037, 544.0962800648746907 ) ) ;
#5801 = EDGE_LOOP ( 'NONE', ( #5062, #5223, #8362, #710, #5948, #1893 ) ) ;
#5802 = VERTEX_POINT ( 'NONE', #8907 ) ;
#5803 = LINE ( 'NONE', #8857, #701 ) ;
#5804 = CARTESIAN_POINT ( 'NONE',  ( -1172.998472878560278, 659.6920505553839575, -550.6552226015950282 ) ) ;
#5805 = DIRECTION ( 'NONE',  ( 0.9959043170553905089, -0.08660037539612093493, -0.02598011261883533679 ) ) ;
#5806 = DIRECTION ( 'NONE',  ( -0.5106616124301164295, -0.8590958568053636002, -0.03433695400194736874 ) ) ;
#5807 = CARTESIAN_POINT ( 'NONE',  ( -385.5549505783702671, 844.2703537956056152, 448.7780475532340461 ) ) ;
#5808 = CARTESIAN_POINT ( 'NONE',  ( -1132.511421121068452, 644.9859062252312469, 551.9439710799974819 ) ) ;
#5809 = VECTOR ( 'NONE', #7737, 1000.000000000000000 ) ;
#5810 = ORIENTED_EDGE ( 'NONE', *, *, #6358, .T. ) ;
#5811 = CARTESIAN_POINT ( 'NONE',  ( -1131.657798982834038, 202.8741924058085715, 633.0112189268793372 ) ) ;
#5812 = ORIENTED_EDGE ( 'NONE', *, *, #1961, .F. ) ;
#5813 = CARTESIAN_POINT ( 'NONE',  ( -1134.336381788134759, 200.8464061411220314, 630.5152300989133209 ) ) ;
#5814 = CARTESIAN_POINT ( 'NONE',  ( -17.47245271970737690, 106.1212530059719512, 662.1191366435036798 ) ) ;
#5815 = ORIENTED_EDGE ( 'NONE', *, *, #6390, .F. ) ;
#5816 = DIRECTION ( 'NONE',  ( 0.000000000000000000, 0.000000000000000000, 1.000000000000000000 ) ) ;
#5817 = ORIENTED_EDGE ( 'NONE', *, *, #6035, .T. ) ;
#5818 = DIRECTION ( 'NONE',  ( 0.000000000000000000, -0.7071067811865453523, -0.7071067811865496822 ) ) ;
#5819 = CARTESIAN_POINT ( 'NONE',  ( -25.00000000000005684, 600.0000000000000000, -488.5786437626904899 ) ) ;
#5820 = CARTESIAN_POINT ( 'NONE',  ( -397.1282034264791037, 827.9590136141931680, -448.7780475532337050 ) ) ;
#5821 = CARTESIAN_POINT ( 'NONE',  ( -1127.490788990389774, 180.8015226907432407, 660.8952496973813595 ) ) ;
#5822 = CARTESIAN_POINT ( 'NONE',  ( -1548.041541306736235, 345.0000000000000000, 188.6010951158155819 ) ) ;
#5823 = CARTESIAN_POINT ( 'NONE',  ( -1125.215607778305412, 937.1755143245322870, -129.8589562141597185 ) ) ;
#5824 = AXIS2_PLACEMENT_3D ( 'NONE', #3702, #7576, #501 ) ;
#5825 = EDGE_LOOP ( 'NONE', ( #390, #7344, #9729, #6626 ) ) ;
#5826 = CIRCLE ( 'NONE', #7655, 6.000000000000005329 ) ;
#5827 =( GEOMETRIC_REPRESENTATION_CONTEXT ( 3 ) GLOBAL_UNCERTAINTY_ASSIGNED_CONTEXT ( ( #5619 ) ) GLOBAL_UNIT_ASSIGNED_CONTEXT ( ( #4931, #1845, #291 ) ) REPRESENTATION_CONTEXT ( 'NONE', 'WORKASPACE' ) );
#5828 = CARTESIAN_POINT ( 'NONE',  ( -1132.097836978875193, 922.0966333620400519, -141.6859112088305892 ) ) ;
#5829 = CARTESIAN_POINT ( 'NONE',  ( -1125.248406856934480, 940.7102023126997210, -169.6724835326250513 ) ) ;
#5830 = CARTESIAN_POINT ( 'NONE',  ( -21.92778303740798052, 600.9305228539595873, 537.1861193914658088 ) ) ;
#5831 = CIRCLE ( 'NONE', #8487, 22.99999999999995381 ) ;
#5832 = DIRECTION ( 'NONE',  ( 0.000000000000000000, 1.000000000000000000, 0.000000000000000000 ) ) ;
#5833 = CARTESIAN_POINT ( 'NONE',  ( -1126.250000000000455, 30.00000000000000711, -673.7499999999996589 ) ) ;
#5834 = EDGE_CURVE ( 'NONE', #3402, #4178, #185, .T. ) ;
#5835 = CARTESIAN_POINT ( 'NONE',  ( -24.26660111407725040, 82.78420872875878445, 673.9514412424056218 ) ) ;
#5836 = CARTESIAN_POINT ( 'NONE',  ( -23.61807842198247798, 598.7740797467040466, -532.7603378275899786 ) ) ;
#5837 = ORIENTED_EDGE ( 'NONE', *, *, #3686, .F. ) ;
#5838 = ORIENTED_EDGE ( 'NONE', *, *, #10206, .T. ) ;
#5839 = DIRECTION ( 'NONE',  ( 0.000000000000000000, -2.131628207280298791E-13, -1.000000000000000000 ) ) ;
#5840 = CARTESIAN_POINT ( 'NONE',  ( -16.40724494739905737, 581.4439626073667569, -575.2494218371699617 ) ) ;
#5841 = PLANE ( 'NONE',  #5969 ) ;
#5842 = PLANE ( 'NONE',  #6411 ) ;
#5843 = EDGE_LOOP ( 'NONE', ( #9779, #8714 ) ) ;
#5844 = ORIENTED_EDGE ( 'NONE', *, *, #6773, .F. ) ;
#5845 = FACE_BOUND ( 'NONE', #2726, .T. ) ;
#5846 = CARTESIAN_POINT ( 'NONE',  ( 25.00000000000003197, 600.0000000000000000, 488.5786437626904899 ) ) ;
#5847 = CARTESIAN_POINT ( 'NONE',  ( -491.2297011882878337, 894.7296703688199386, 155.8576848915070627 ) ) ;
#5848 = CARTESIAN_POINT ( 'NONE',  ( -18.65596424989950464, 95.98381525411670623, -696.6435944532132680 ) ) ;
#5849 = TOROIDAL_SURFACE ( 'NONE', #5530, 150.0000000000001421, 20.00000000000003553 ) ;
#5850 = FACE_OUTER_BOUND ( 'NONE', #7424, .T. ) ;
#5851 = ORIENTED_EDGE ( 'NONE', *, *, #8805, .F. ) ;
#5852 = EDGE_CURVE ( 'NONE', #10122, #2600, #196, .T. ) ;
#5853 = ORIENTED_EDGE ( 'NONE', *, *, #4062, .T. ) ;
#5854 = DIRECTION ( 'NONE',  ( 0.000000000000000000, 0.000000000000000000, -1.000000000000000000 ) ) ;
#5855 = CARTESIAN_POINT ( 'NONE',  ( -1171.095887585759101, 650.8043646249551557, -553.0684167794362338 ) ) ;
#5856 = DIRECTION ( 'NONE',  ( -1.000000000000000000, 1.110223024625143327E-15, -1.110223024625143327E-15 ) ) ;
#5857 = CARTESIAN_POINT ( 'NONE',  ( 0.000000000000000000, 30.00000000000000711, 0.000000000000000000 ) ) ;
#5858 = FACE_OUTER_BOUND ( 'NONE', #555, .T. ) ;
#5859 = CARTESIAN_POINT ( 'NONE',  ( -1127.295552502620922, 656.3058014257267132, 552.4889429985715879 ) ) ;
#5860 = EDGE_LOOP ( 'NONE', ( #5468, #3987, #5900, #8781 ) ) ;
#5861 = CARTESIAN_POINT ( 'NONE',  ( -1127.066954478989146, 183.3879476032726075, 640.0331340821862796 ) ) ;
#5862 = ORIENTED_EDGE ( 'NONE', *, *, #5036, .T. ) ;
#5863 = CARTESIAN_POINT ( 'NONE',  ( -1125.351023052431174, 217.3518682120816266, 645.8116140323371610 ) ) ;
#5864 = CARTESIAN_POINT ( 'NONE',  ( -17.30563210252779882, 97.63971396419654525, 661.9572640535387791 ) ) ;
#5865 = DIRECTION ( 'NONE',  ( 0.000000000000000000, 0.000000000000000000, -1.000000000000000000 ) ) ;
#5866 = ORIENTED_EDGE ( 'NONE', *, *, #8268, .T. ) ;
#5867 = ORIENTED_EDGE ( 'NONE', *, *, #5852, .T. ) ;
#5868 = LINE ( 'NONE', #293, #6196 ) ;
#5869 = DIRECTION ( 'NONE',  ( 0.000000000000000000, 1.000000000000000000, 0.000000000000000000 ) ) ;
#5870 = AXIS2_PLACEMENT_3D ( 'NONE', #4344, #1261, #7551 ) ;
#5871 = DIRECTION ( 'NONE',  ( -9.654113257610047681E-15, -2.123904916674210427E-13, -1.000000000000000000 ) ) ;
#5872 = CARTESIAN_POINT ( 'NONE',  ( -1132.520525105480374, 208.3303169556203898, 667.8787480498900777 ) ) ;
#5873 = CARTESIAN_POINT ( 'NONE',  ( 4.492475741328063861E-14, 577.0000000000000000, 488.5786437626908310 ) ) ;
#5874 = CARTESIAN_POINT ( 'NONE',  ( -1173.750000000000000, 30.00000000000000711, -632.2500000000002274 ) ) ;
#5875 = EDGE_LOOP ( 'NONE', ( #3646, #5533, #4033, #9237 ) ) ;
#5876 = ORIENTED_EDGE ( 'NONE', *, *, #2590, .F. ) ;
#5877 = CARTESIAN_POINT ( 'NONE',  ( -1132.732883212216848, 956.3293582265248460, -158.3980614189689220 ) ) ;
#5878 = CARTESIAN_POINT ( 'NONE',  ( -24.90648386061067043, 591.8159689484355113, 533.4232222029792183 ) ) ;
#5879 = CARTESIAN_POINT ( 'NONE',  ( -1172.418592516605713, 928.6877018906071726, -139.2544011266186033 ) ) ;
#5880 = CARTESIAN_POINT ( 'NONE',  ( -498.3342075108855056, 903.1427317474931442, -165.4090563707603678 ) ) ;
#5881 = DIRECTION ( 'NONE',  ( -1.698300684540295726E-17, 1.000000000000000000, -0.000000000000000000 ) ) ;
#5882 = EDGE_CURVE ( 'NONE', #4056, #843, #1528, .T. ) ;
#5883 = CYLINDRICAL_SURFACE ( 'NONE', #9619, 25.00000000000002132 ) ;
#5884 = EDGE_LOOP ( 'NONE', ( #2050, #6123 ) ) ;
#5885 = VERTEX_POINT ( 'NONE', #1117 ) ;
#5886 = CARTESIAN_POINT ( 'NONE',  ( -1190.000000000000227, 30.00000000000000711, -609.9999999999997726 ) ) ;
#5887 = CARTESIAN_POINT ( 'NONE',  ( -14.88159278332336832, 583.1632859833689508, -575.2604725522869558 ) ) ;
#5888 = EDGE_CURVE ( 'NONE', #3331, #6854, #6292, .T. ) ;
#5889 = EDGE_CURVE ( 'NONE', #4399, #7942, #2659, .T. ) ;
#5890 = CARTESIAN_POINT ( 'NONE',  ( -1168.879522428745986, 920.6296551253232110, -169.5513009573318186 ) ) ;
#5891 = CARTESIAN_POINT ( 'NONE',  ( 3.038872858745769746E-14, 408.5786437626904899, 580.0000000000001137 ) ) ;
#5892 = VERTEX_POINT ( 'NONE', #9789 ) ;
#5893 = ORIENTED_EDGE ( 'NONE', *, *, #7151, .T. ) ;
#5894 = CARTESIAN_POINT ( 'NONE',  ( -1155.501237839831674, 682.3385085209314411, -514.1155239724923831 ) ) ;
#5895 = EDGE_CURVE ( 'NONE', #7625, #2645, #2714, .T. ) ;
#5896 = CARTESIAN_POINT ( 'NONE',  ( -1131.379911570430068, 955.9289966006548411, -146.8279655560930905 ) ) ;
#5897 = CARTESIAN_POINT ( 'NONE',  ( -491.5203136930171013, 894.9284937860840046, 156.3724822996686044 ) ) ;
#5898 = CARTESIAN_POINT ( 'NONE',  ( -1152.924096890794544, 915.1986964313049384, 135.3629628325985834 ) ) ;
#5899 = DIRECTION ( 'NONE',  ( 0.7941567930305997169, -0.5634716255418393827, -0.2276284588811126608 ) ) ;
#5900 = ORIENTED_EDGE ( 'NONE', *, *, #1250, .T. ) ;
#5901 = ORIENTED_EDGE ( 'NONE', *, *, #4482, .T. ) ;
#5902 = DIRECTION ( 'NONE',  ( 2.071647322355158349E-38, 0.000000000000000000, 1.000000000000000000 ) ) ;
#5903 = CYLINDRICAL_SURFACE ( 'NONE', #9573, 23.00000000000000711 ) ;
#5904 = LINE ( 'NONE', #2817, #4975 ) ;
#5905 = FACE_OUTER_BOUND ( 'NONE', #4887, .T. ) ;
#5906 = DIRECTION ( 'NONE',  ( -0.000000000000000000, 1.000000000000000000, -0.000000000000000000 ) ) ;
#5907 = CARTESIAN_POINT ( 'NONE',  ( -1133.830025947427202, 643.6392534757197836, 551.5430770483535525 ) ) ;
#5908 = CIRCLE ( 'NONE', #7224, 1724.999999999999545 ) ;
#5909 = EDGE_LOOP ( 'NONE', ( #2800, #6943, #831, #8473, #4837 ) ) ;
#5910 = CARTESIAN_POINT ( 'NONE',  ( -24.42522219935844774, 84.68552230744865028, -674.5342824511729987 ) ) ;
#5911 = ORIENTED_EDGE ( 'NONE', *, *, #149, .F. ) ;
#5912 = CARTESIAN_POINT ( 'NONE',  ( -1125.296456448995286, 217.4265495906257968, 646.1463702073360764 ) ) ;
#5913 = CARTESIAN_POINT ( 'NONE',  ( -1148.327051951551084, 912.8748915509650033, -160.9784566992475732 ) ) ;
#5914 = DIRECTION ( 'NONE',  ( 0.000000000000000000, 1.000000000000000000, 0.000000000000000000 ) ) ;
#5915 = AXIS2_PLACEMENT_3D ( 'NONE', #7143, #3123, #6267 ) ;
#5916 = ORIENTED_EDGE ( 'NONE', *, *, #3349, .F. ) ;
#5917 = CARTESIAN_POINT ( 'NONE',  ( -1142.215241544371338, 914.5153216482210610, 156.2060325016468312 ) ) ;
#5918 = EDGE_LOOP ( 'NONE', ( #1317, #2224, #8291, #2735 ) ) ;
#5919 = DIRECTION ( 'NONE',  ( -4.999362528151271919E-51, 0.000000000000000000, 1.000000000000000000 ) ) ;
#5920 = CARTESIAN_POINT ( 'NONE',  ( -1127.912475928329059, 184.8961785270559801, -638.2803980689626542 ) ) ;
#5921 = AXIS2_PLACEMENT_3D ( 'NONE', #5129, #1939, #9129 ) ;
#5922 = CARTESIAN_POINT ( 'NONE',  ( -1548.041541306736235, 334.9999999999999432, -188.6010951158150704 ) ) ;
#5923 = CARTESIAN_POINT ( 'NONE',  ( -1126.116221513964547, 179.0140397189605039, 657.3939829434260673 ) ) ;
#5924 = CARTESIAN_POINT ( 'NONE',  ( -1149.258636940079214, 956.9133045297378430, 149.8625354325496630 ) ) ;
#5925 = FILL_AREA_STYLE_COLOUR ( '', #4367 ) ;
#5927 = EDGE_LOOP ( 'NONE', ( #3141, #7161, #379, #4983 ) ) ;
#5926 = PRESENTATION_LAYER_ASSIGNMENT (  '', '', ( #9066 ) ) ;
#5928 = AXIS2_PLACEMENT_3D ( 'NONE', #7503, #2205, #7663 ) ;
#5929 = EDGE_CURVE ( 'NONE', #6145, #7144, #9289, .T. ) ;
#5930 = ORIENTED_EDGE ( 'NONE', *, *, #502, .T. ) ;
#5931 = CARTESIAN_POINT ( 'NONE',  ( -1126.279267629194464, 929.3441406069737241, -167.9176143764853180 ) ) ;
#5932 = CARTESIAN_POINT ( 'NONE',  ( -22.74610870402344531, 566.2256041359853498, 548.9680873100612644 ) ) ;
#5933 = CARTESIAN_POINT ( 'NONE',  ( -1150.000000000000000, 909.9999999999622560, -350.0000000001863327 ) ) ;
#5934 = CARTESIAN_POINT ( 'NONE',  ( -1125.562029011014147, 945.5725454395741281, -133.5506858717290299 ) ) ;
#5935 = CARTESIAN_POINT ( 'NONE',  ( -1174.250326511127469, 931.8574270475401136, 160.6639883884845972 ) ) ;
#5936 = CARTESIAN_POINT ( 'NONE',  ( -24.78023936764826018, 82.26156146204542097, 676.6210877766930025 ) ) ;
#5937 = AXIS2_PLACEMENT_3D ( 'NONE', #7262, #9463, #7958 ) ;
#5938 = CARTESIAN_POINT ( 'NONE',  ( -462.0430627306077440, 911.3117373309971754, 302.7158385259953661 ) ) ;
#5939 = VERTEX_POINT ( 'NONE', #4098 ) ;
#5940 = ORIENTED_EDGE ( 'NONE', *, *, #7184, .T. ) ;
#5941 = CARTESIAN_POINT ( 'NONE',  ( -499.1254599643480674, 905.2936680291247740, 133.3186387377421056 ) ) ;
#5942 = DIRECTION ( 'NONE',  ( 0.04118683666227688361, 0.9991514622347079655, 0.000000000000000000 ) ) ;
#5943 = CARTESIAN_POINT ( 'NONE',  ( -22.27939591511578143, 562.6910609938313428, -551.2697047565220601 ) ) ;
#5944 = EDGE_CURVE ( 'NONE', #3725, #9174, #3323, .T. ) ;
#5945 = DIRECTION ( 'NONE',  ( -0.000000000000000000, -0.000000000000000000, -1.000000000000000000 ) ) ;
#5946 = B_SPLINE_CURVE_WITH_KNOTS ( 'NONE', 3,
 ( #3655, #2832, #4323, #509, #8413, #4488, #6856, #5256, #6695, #6747, #619, #6901, #7638, #2940, #5920, #6074, #6804, #10067, #7478, #2987, #3551, #9247, #9086, #2012, #2180, #9860, #5305, #6125, #5146, #8468, #8309, #9973, #7688, #1244, #2782, #4433, #4377, #1953, #7532, #453, #9915, #5978, #2890, #6029, #7735, #667, #6952, #4589, #1546, #9356, #10124, #6178, #3043, #7845, #10175, #2278, #5411, #8571, #775, #5361, #9402, #1495 ),
 .UNSPECIFIED., .F., .F.,
 ( 4, 2, 2, 2, 2, 2, 2, 2, 2, 2, 2, 2, 2, 2, 2, 2, 2, 2, 2, 2, 2, 2, 2, 2, 2, 2, 2, 2, 2, 2, 4 ),
 ( 0.05877268509901659860, 0.06060514331433439900, 0.06243760152965220633, 0.06610251796028812632, 0.06793497617560607937, 0.06976743439092403243, 0.07159989260624197160, 0.07343235082155992466, 0.07709726725219553933, 0.07892972546751314544, 0.08076218368283075155, 0.08442710011346604704, 0.08534332922112485009, 0.08625955832878366702, 0.08809201654410120375, 0.08900824565175993741, 0.08992447475941867108, 0.09175693297473626331, 0.09358939119005385554, 0.09542184940537144777, 0.09908676583600653509, 0.1009192240513240579, 0.1027516822666415808, 0.1045841404819590897, 0.1064165986972765987, 0.1100815151279118942, 0.1119139733432295558, 0.1137464315585471897, 0.1155788897738648513, 0.1164951188815236821, 0.1174113479891825129 ),
 .UNSPECIFIED. ) ;
#5947 = DIRECTION ( 'NONE',  ( 0.08662961636484152461, 0.9962405881956829523, 0.000000000000000000 ) ) ;
#5948 = ORIENTED_EDGE ( 'NONE', *, *, #1640, .F. ) ;
#5949 = CARTESIAN_POINT ( 'NONE',  ( -1128.979417045736682, 669.4158463716877350, -538.1626883569355186 ) ) ;
#5950 = CARTESIAN_POINT ( 'NONE',  ( -1132.236540345895946, 207.1589943041490756, -632.4034388504398976 ) ) ;
#5951 = EDGE_CURVE ( 'NONE', #5661, #1213, #8087, .T. ) ;
#5952 = CARTESIAN_POINT ( 'NONE',  ( -1458.041541306736235, 334.9999999999999432, 158.6010951158156388 ) ) ;
#5953 = FACE_BOUND ( 'NONE', #4645, .T. ) ;
#5954 = VERTEX_POINT ( 'NONE', #231 ) ;
#5955 = EDGE_CURVE ( 'NONE', #6132, #3413, #4965, .T. ) ;
#5956 = DIRECTION ( 'NONE',  ( 4.753142324176451439E-16, 4.015884846886308424E-16, 1.000000000000000000 ) ) ;
#5958 = CARTESIAN_POINT ( 'NONE',  ( -1443.041541306736235, 345.0000000000000000, 203.6010951158156104 ) ) ;
#5957 = AXIS2_PLACEMENT_3D ( 'NONE', #9955, #7084, #3154 ) ;
#5959 = CARTESIAN_POINT ( 'NONE',  ( -1149.999999999999545, 914.8752314534034440, -137.4142310823300761 ) ) ;
#5960 = CARTESIAN_POINT ( 'NONE',  ( -1548.041541306736235, 345.0000000000000000, 163.6010951158153830 ) ) ;
#5961 = EDGE_CURVE ( 'NONE', #1824, #795, #8778, .T. ) ;
#5962 = CARTESIAN_POINT ( 'NONE',  ( -24.97649396316213810, 82.16980633208339668, -681.1375438584658468 ) ) ;
#5963 = CARTESIAN_POINT ( 'NONE',  ( -1127.978302010769085, 653.3521844417164175, 553.0793731977923926 ) ) ;
#5964 = ORIENTED_EDGE ( 'NONE', *, *, #6707, .F. ) ;
#5965 = DIRECTION ( 'NONE',  ( 0.000000000000000000, 1.000000000000000000, 0.000000000000000000 ) ) ;
#5966 = VERTEX_POINT ( 'NONE', #5346 ) ;
#5967 = AXIS2_PLACEMENT_3D ( 'NONE', #1781, #3470, #6566 ) ;
#5968 = DIRECTION ( 'NONE',  ( -0.000000000000000000, 1.000000000000000000, -0.000000000000000000 ) ) ;
#5969 = AXIS2_PLACEMENT_3D ( 'NONE', #9777, #4954, #1977 ) ;
#5970 = DIRECTION ( 'NONE',  ( 0.000000000000000000, 0.000000000000000000, 1.000000000000000000 ) ) ;
#5971 = FACE_OUTER_BOUND ( 'NONE', #1419, .T. ) ;
#5972 = EDGE_CURVE ( 'NONE', #7415, #9077, #2200, .T. ) ;
#5973 = TOROIDAL_SURFACE ( 'NONE', #1036, 150.0000000000001421, 18.00000000000003197 ) ;
#5974 = FACE_BOUND ( 'NONE', #52, .T. ) ;
#5975 = CARTESIAN_POINT ( 'NONE',  ( -14.35730572608023969, 583.7537959722892538, 575.2022792362181463 ) ) ;
#5976 = ORIENTED_EDGE ( 'NONE', *, *, #4129, .F. ) ;
#5977 = CARTESIAN_POINT ( 'NONE',  ( -1126.250000000000455, 30.00000000000000711, 673.7499999999996589 ) ) ;
#5978 = CARTESIAN_POINT ( 'NONE',  ( -1129.445456851186236, 208.5935777809684168, -635.7637040943437796 ) ) ;
#5979 = CARTESIAN_POINT ( 'NONE',  ( -16.24478321970457628, 96.53141910668556136, 699.0049322735793567 ) ) ;
#5980 = CARTESIAN_POINT ( 'NONE',  ( -1125.015865067379764, 217.9029384938855571, 650.9568981193872332 ) ) ;
#5981 = AXIS2_PLACEMENT_3D ( 'NONE', #9990, #6823, #5165 ) ;
#5982 = DIRECTION ( 'NONE',  ( 0.000000000000000000, 0.6207195780578245170, 0.7840326558350209085 ) ) ;
#5983 = ORIENTED_EDGE ( 'NONE', *, *, #263, .F. ) ;
#5984 = CARTESIAN_POINT ( 'NONE',  ( -491.0060172254090389, 928.0442985376845400, -141.9996140729420517 ) ) ;
#5985 = ORIENTED_EDGE ( 'NONE', *, *, #9449, .F. ) ;
#5986 = CARTESIAN_POINT ( 'NONE',  ( -1133.663460409438358, 957.4214245585878871, -155.6376629114172658 ) ) ;
#5987 = EDGE_CURVE ( 'NONE', #141, #1396, #3663, .T. ) ;
#5988 = CARTESIAN_POINT ( 'NONE',  ( -24.80601203826011059, 592.8400571531007017, 533.4719627168749412 ) ) ;
#5989 = CYLINDRICAL_SURFACE ( 'NONE', #6783, 18.00000000000004974 ) ;
#5990 = VECTOR ( 'NONE', #2970, 1000.000000000000000 ) ;
#5991 = CARTESIAN_POINT ( 'NONE',  ( -1174.601399944716377, 933.6992530058432749, 158.1674887326877013 ) ) ;
#5992 = CARTESIAN_POINT ( 'NONE',  ( -23.70312140946524337, 83.39629370379543616, 672.0262389952603144 ) ) ;
#5993 = AXIS2_PLACEMENT_3D ( 'NONE', #4895, #9657, #4166 ) ;
#5994 = CARTESIAN_POINT ( 'NONE',  ( 39.99999999999965894, 30.00000000000000711, 640.0000000000000000 ) ) ;
#5995 = ORIENTED_EDGE ( 'NONE', *, *, #3389, .F. ) ;
#5996 = VECTOR ( 'NONE', #4139, 1000.000000000000000 ) ;
#5997 = EDGE_LOOP ( 'NONE', ( #1943, #9122, #2910, #8160 ) ) ;
#5998 = AXIS2_PLACEMENT_3D ( 'NONE', #267, #4187, #1009 ) ;
#5999 = CARTESIAN_POINT ( 'NONE',  ( -489.5762043740897411, 893.7299122021391895, 148.7523855109197939 ) ) ;
#6000 = LINE ( 'NONE', #9878, #1291 ) ;
#6001 = CYLINDRICAL_SURFACE ( 'NONE', #5639, 20.00000000000001776 ) ;
#6002 = CARTESIAN_POINT ( 'NONE',  ( -500.0430627306077440, 911.3117373309971754, -167.7103096919969403 ) ) ;
#6003 = LINE ( 'NONE', #1424, #9713 ) ;
#6004 = ORIENTED_EDGE ( 'NONE', *, *, #3019, .F. ) ;
#6005 = EDGE_LOOP ( 'NONE', ( #5732, #5039 ) ) ;
#6006 = CARTESIAN_POINT ( 'NONE',  ( -1154.481939790539172, 682.5651234524451638, -513.6712017777970232 ) ) ;
#6007 = CARTESIAN_POINT ( 'NONE',  ( -1127.162758605518093, 181.1173316764614754, -639.8116909078759136 ) ) ;
#6008 = CARTESIAN_POINT ( 'NONE',  ( -498.0598117947542960, 920.0001971504694893, 133.8386307753898734 ) ) ;
#6009 = CARTESIAN_POINT ( 'NONE',  ( -25.00761944636555612, 120.2425003736903903, -679.9285568586641375 ) ) ;
#6010 = EDGE_LOOP ( 'NONE', ( #7659, #5837, #4275, #1429 ) ) ;
#6011 = VERTEX_POINT ( 'NONE', #1224 ) ;
#6012 = CARTESIAN_POINT ( 'NONE',  ( -1479.774980188727795, 344.9999999999999432, 173.1926445299034469 ) ) ;
#6013 = DIRECTION ( 'NONE',  ( 0.000000000000000000, 0.000000000000000000, -1.000000000000000000 ) ) ;
#6014 = DIRECTION ( 'NONE',  ( -0.5786626424054281959, -0.8155670090706020892, 0.000000000000000000 ) ) ;
#6015 = DIRECTION ( 'NONE',  ( 0.000000000000000000, 0.000000000000000000, -1.000000000000000000 ) ) ;
#6016 = CARTESIAN_POINT ( 'NONE',  ( -15.68685072206734255, 103.6420961620565606, -699.4660771552951246 ) ) ;
#6017 = FACE_OUTER_BOUND ( 'NONE', #5116, .T. ) ;
#6018 = EDGE_LOOP ( 'NONE', ( #7295, #5057, #2788, #8042 ) ) ;
#6019 = CARTESIAN_POINT ( 'NONE',  ( -1526.308102424745812, 345.0000000000000568, -133.9859443014667875 ) ) ;
#6020 = ORIENTED_EDGE ( 'NONE', *, *, #5267, .T. ) ;
#6021 = CARTESIAN_POINT ( 'NONE',  ( -1174.352836911687518, 933.0359102602396888, 152.3752708968595471 ) ) ;
#6022 = CARTESIAN_POINT ( 'NONE',  ( -1127.662252050295365, 212.6096755407209287, 661.2384953403767440 ) ) ;
#6023 = CARTESIAN_POINT ( 'NONE',  ( -1135.270606169865232, 918.4438705781753924, 152.2467134468304266 ) ) ;
#6024 = LINE ( 'NONE', #9081, #8731 ) ;
#6025 = EDGE_CURVE ( 'NONE', #7512, #1378, #3988, .T. ) ;
#6026 = DIRECTION ( 'NONE',  ( 9.733805423170623998E-15, 0.7840326558349542951, -0.6207195780579085609 ) ) ;
#6027 = ORIENTED_EDGE ( 'NONE', *, *, #447, .T. ) ;
#6028 = CARTESIAN_POINT ( 'NONE',  ( -1174.999999999999773, 660.0000000000000000, -562.9128703017762518 ) ) ;
#6029 = CARTESIAN_POINT ( 'NONE',  ( -1128.733677072600585, 209.9147905146559765, -636.8495108635247561 ) ) ;
#6030 = CARTESIAN_POINT ( 'NONE',  ( -19.47405407532889399, 89.84920398882530890, 695.6846837175148721 ) ) ;
#6031 = LINE ( 'NONE', #4544, #3670 ) ;
#6032 = EDGE_CURVE ( 'NONE', #5014, #7211, #3490, .T. ) ;
#6033 = CARTESIAN_POINT ( 'NONE',  ( -19.77066071216813370, 88.22350562948365393, -664.6893885047138610 ) ) ;
#6035 = EDGE_CURVE ( 'NONE', #6854, #9688, #532, .T. ) ;
#6034 = CARTESIAN_POINT ( 'NONE',  ( -1133.406566732608553, 957.9834439303092495, -146.4711462970176683 ) ) ;
#6036 = VERTEX_POINT ( 'NONE', #598 ) ;
#6037 = CARTESIAN_POINT ( 'NONE',  ( -493.5177799389258553, 926.1208226682053919, -138.6638964073769387 ) ) ;
#6038 = AXIS2_PLACEMENT_3D ( 'NONE', #8001, #935, #3287 ) ;
#6039 = ORIENTED_EDGE ( 'NONE', *, *, #9967, .T. ) ;
#6040 = CARTESIAN_POINT ( 'NONE',  ( -1143.104325989805602, 681.9475313124260083, 514.8811137203900898 ) ) ;
#6041 = CARTESIAN_POINT ( 'NONE',  ( -17.64772283288712273, 603.6365520681733869, 544.4007933875066101 ) ) ;
#6042 = CARTESIAN_POINT ( 'NONE',  ( -1164.815980036903966, 920.0868489288056935, -132.9167347590728241 ) ) ;
#6043 = CARTESIAN_POINT ( 'NONE',  ( -1125.095592028576903, 938.1704626814188259, -131.8567706265812376 ) ) ;
#6044 = CARTESIAN_POINT ( 'NONE',  ( -493.0598307049105529, 896.1018934227117825, -158.5370302506306075 ) ) ;
#6045 = CARTESIAN_POINT ( 'NONE',  ( -24.89183198473757130, 82.16246397926038014, 677.6513773874256685 ) ) ;
#6046 = CARTESIAN_POINT ( 'NONE',  ( -1126.250000000000455, 30.00000000000000711, 667.7499999999994316 ) ) ;
#6047 = ORIENTED_EDGE ( 'NONE', *, *, #4855, .F. ) ;
#6048 = ORIENTED_EDGE ( 'NONE', *, *, #8998, .T. ) ;
#6049 = CARTESIAN_POINT ( 'NONE',  ( -1125.448404363719874, 942.1059224262972975, 167.3844202789053952 ) ) ;
#6050 = EDGE_CURVE ( 'NONE', #1436, #4058, #9451, .T. ) ;
#6051 = CARTESIAN_POINT ( 'NONE',  ( -1548.041541306736235, 334.9999999999999432, 153.6010951158157809 ) ) ;
#6052 = CARTESIAN_POINT ( 'NONE',  ( 23.74999999999972289, 30.00000000000000711, -656.2500000000000000 ) ) ;
#6053 = DIRECTION ( 'NONE',  ( 0.000000000000000000, 0.000000000000000000, 1.000000000000000000 ) ) ;
#6054 = CARTESIAN_POINT ( 'NONE',  ( -1162.072557156248422, 679.5932466546693149, -519.4609423525508873 ) ) ;
#6055 = CARTESIAN_POINT ( 'NONE',  ( -1134.479247721013508, 199.4750900626852967, -630.4011905976676644 ) ) ;
#6056 = DIRECTION ( 'NONE',  ( -2.209795180075059144E-15, 1.000000000000000000, 3.114345657676548060E-15 ) ) ;
#6057 = VERTEX_POINT ( 'NONE', #6836 ) ;
#6058 = DIRECTION ( 'NONE',  ( 1.000000000000000000, 0.000000000000000000, 0.000000000000000000 ) ) ;
#6059 = CARTESIAN_POINT ( 'NONE',  ( -1148.267407672703257, 219.9248117639137092, 650.0000000000011369 ) ) ;
#6060 = CARTESIAN_POINT ( 'NONE',  ( -1548.041541306736235, 345.0000000000000000, -188.6010951158150704 ) ) ;
#6061 = LINE ( 'NONE', #7833, #2269 ) ;
#6062 = CARTESIAN_POINT ( 'NONE',  ( -19.56563389785958051, 89.70426235827197559, -695.5706954495608443 ) ) ;
#6063 = CYLINDRICAL_SURFACE ( 'NONE', #9812, 17.99999999999999645 ) ;
#6064 = ORIENTED_EDGE ( 'NONE', *, *, #3811, .F. ) ;
#6065 = CARTESIAN_POINT ( 'NONE',  ( -1151.732592327296970, 180.0751882360863192, 650.0000000000011369 ) ) ;
#6066 = VERTEX_POINT ( 'NONE', #10002 ) ;
#6067 = CARTESIAN_POINT ( 'NONE',  ( -1174.179792271856968, 932.0482677009756571, 155.5892406974819835 ) ) ;
#6068 = CARTESIAN_POINT ( 'NONE',  ( -1126.127950816751536, 214.6383190069995806, 657.4301538335679425 ) ) ;
#6069 = CARTESIAN_POINT ( 'NONE',  ( 7.859200291410730545E-14, 500.0000000000000000, 488.5786437626906604 ) ) ;
#6070 = DIRECTION ( 'NONE',  ( -2.498001805406602216E-16, 4.718447854656915297E-16, -1.000000000000000000 ) ) ;
#6071 = CARTESIAN_POINT ( 'NONE',  ( -17.90988263879729914, 579.7121001086624119, 574.9755184321098795 ) ) ;
#6072 = EDGE_LOOP ( 'NONE', ( #2713, #5669, #6403, #3661 ) ) ;
#6073 = DIRECTION ( 'NONE',  ( -0.5786626424054281959, -0.8155670090706020892, 0.000000000000000000 ) ) ;
#6074 = CARTESIAN_POINT ( 'NONE',  ( -1128.575355319178698, 186.1313146029599750, -637.0842825807006875 ) ) ;
#6075 = DIRECTION ( 'NONE',  ( 0.000000000000000000, 1.000000000000000000, 0.000000000000000000 ) ) ;
#6076 = CARTESIAN_POINT ( 'NONE',  ( -1149.999999999999545, 914.8752314534034440, -137.4142310823300761 ) ) ;
#6077 = CARTESIAN_POINT ( 'NONE',  ( -16.04302256361855683, 108.4498509463796836, -660.8240003240276792 ) ) ;
#6078 = CARTESIAN_POINT ( 'NONE',  ( -1167.761322136414492, 922.7291008004685864, 131.8971510897930841 ) ) ;
#6079 = EDGE_LOOP ( 'NONE', ( #4758, #6728, #5940, #9206 ) ) ;
#6080 = ADVANCED_FACE ( 'NONE', ( #6937 ), #3791, .F. ) ;
#6081 = CARTESIAN_POINT ( 'NONE',  ( -385.5549505783706081, 844.2703537956052742, -448.7780475532338187 ) ) ;
#6082 = EDGE_CURVE ( 'NONE', #2600, #10122, #2356, .T. ) ;
#6083 = EDGE_CURVE ( 'NONE', #3322, #9345, #9767, .T. ) ;
#6084 = EDGE_CURVE ( 'NONE', #9944, #6846, #8502, .T. ) ;
#6085 = ORIENTED_EDGE ( 'NONE', *, *, #5635, .T. ) ;
#6086 = CIRCLE ( 'NONE', #5921, 24.99999999999996803 ) ;
#6087 = CARTESIAN_POINT ( 'NONE',  ( -1160.549114872923610, 680.4541624462560776, 517.7930421272654939 ) ) ;
#6088 = CARTESIAN_POINT ( 'NONE',  ( -18.96888528571882659, 603.2908204188051968, 542.0128943055146920 ) ) ;
#6089 =( GEOMETRIC_REPRESENTATION_CONTEXT ( 3 ) GLOBAL_UNCERTAINTY_ASSIGNED_CONTEXT ( ( #6471 ) ) GLOBAL_UNIT_ASSIGNED_CONTEXT ( ( #5494, #4029, #7180 ) ) REPRESENTATION_CONTEXT ( 'NONE', 'WORKASPACE' ) );
#6090 = EDGE_CURVE ( 'NONE', #1290, #3079, #4497, .T. ) ;
#6091 = CARTESIAN_POINT ( 'NONE',  ( -1166.510946634652100, 921.4300400510002191, -133.4365306284930170 ) ) ;
#6092 = AXIS2_PLACEMENT_3D ( 'NONE', #9847, #6733, #1176 ) ;
#6093 = AXIS2_PLACEMENT_3D ( 'NONE', #3303, #6446, #6547 ) ;
#6094 = CARTESIAN_POINT ( 'NONE',  ( -1174.384485075097018, 932.4965341339636780, 159.8572861513412704 ) ) ;
#6095 = CARTESIAN_POINT ( 'NONE',  ( -1148.683358442634699, 915.0452810599796294, -135.6123184472137098 ) ) ;
#6096 = EDGE_CURVE ( 'NONE', #7975, #8212, #2868, .T. ) ;
#6097 = DIRECTION ( 'NONE',  ( -8.881784197001246407E-16, 1.000000000000000000, 2.413528314402511920E-15 ) ) ;
#6098 = ORIENTED_EDGE ( 'NONE', *, *, #1102, .T. ) ;
#6099 = ORIENTED_EDGE ( 'NONE', *, *, #737, .T. ) ;
#6100 = CARTESIAN_POINT ( 'NONE',  ( -1129.039524590649080, 951.5496890800458232, 161.8160354343945926 ) ) ;
#6101 = DIRECTION ( 'NONE',  ( 0.000000000000000000, 0.000000000000000000, -1.000000000000000000 ) ) ;
#6102 = CARTESIAN_POINT ( 'NONE',  ( -1150.741363059921014, 920.9438518892884531, -149.8625354325471051 ) ) ;
#6103 = CARTESIAN_POINT ( 'NONE',  ( -1127.916424005253475, 951.6957993252455026, 138.0957893986774820 ) ) ;
#6104 = CARTESIAN_POINT ( 'NONE',  ( -1190.000000000000227, 30.00000000000000711, 0.000000000000000000 ) ) ;
#6105 = FACE_OUTER_BOUND ( 'NONE', #3271, .T. ) ;
#6106 = CARTESIAN_POINT ( 'NONE',  ( -1129.503674844677789, 670.5069132729412331, -536.2914579609850989 ) ) ;
#6107 = CARTESIAN_POINT ( 'NONE',  ( -1134.358874434627978, 196.6905120980457582, -630.4972468453461261 ) ) ;
#6108 = CARTESIAN_POINT ( 'NONE',  ( -25.00158104198395748, 120.2095845175432771, -680.5503862504061772 ) ) ;
#6109 = ORIENTED_EDGE ( 'NONE', *, *, #3184, .F. ) ;
#6110 = CARTESIAN_POINT ( 'NONE',  ( -1127.442973287491213, 926.8180149701790924, -163.9835265014839649 ) ) ;
#6111 = COLOUR_RGB ( '',0.6470588235294117974, 0.6196078431372549211, 0.5882352941176470784 ) ;
#6112 = DIRECTION ( 'NONE',  ( 0.000000000000000000, -1.000000000000000000, 0.000000000000000000 ) ) ;
#6113 = EDGE_CURVE ( 'NONE', #2232, #9067, #7807, .T. ) ;
#6114 = CARTESIAN_POINT ( 'NONE',  ( -1149.999999999999545, 876.5281945957824519, -359.6008163958750288 ) ) ;
#6115 = CYLINDRICAL_SURFACE ( 'NONE', #7082, 25.00000000000003197 ) ;
#6116 = VERTEX_POINT ( 'NONE', #4523 ) ;
#6117 = CARTESIAN_POINT ( 'NONE',  ( -1126.295376463081766, 216.6053682207712541, -657.9692582473988978 ) ) ;
#6118 = CARTESIAN_POINT ( 'NONE',  ( -1126.179478588825759, 179.6399500667436087, 642.4049760133661948 ) ) ;
#6119 = CARTESIAN_POINT ( 'NONE',  ( -1125.180941087864539, 215.7513262297544259, 653.0638066344348545 ) ) ;
#6120 = FACE_OUTER_BOUND ( 'NONE', #5100, .T. ) ;
#6121 = CARTESIAN_POINT ( 'NONE',  ( -20.87944637903192557, 563.9478576194006791, 546.4567014160278404 ) ) ;
#6122 = CARTESIAN_POINT ( 'NONE',  ( -462.0430627306078009, 911.3117373309971754, -302.7158385259953093 ) ) ;
#6123 = ORIENTED_EDGE ( 'NONE', *, *, #7094, .T. ) ;
#6124 = DIRECTION ( 'NONE',  ( -1.659227894316332837E-15, -0.7840326558350207975, -0.6207195780578245170 ) ) ;
#6125 = CARTESIAN_POINT ( 'NONE',  ( -1132.114013299550379, 196.7583856929701938, -632.5327805755507597 ) ) ;
#6126 = DIRECTION ( 'NONE',  ( -1.698300684540295726E-17, 1.000000000000000000, -0.000000000000000000 ) ) ;
#6127 = CARTESIAN_POINT ( 'NONE',  ( -1148.133838901365607, 914.8038373120263032, -139.1211871110776883 ) ) ;
#6128 = COLOUR_RGB ( '',0.6470588235294117974, 0.6196078431372549211, 0.5882352941176470784 ) ;
#6129 = PLANE ( 'NONE',  #10108 ) ;
#6131 = CARTESIAN_POINT ( 'NONE',  ( -1174.547349462991178, 934.6596308285497798, 143.8653607845193676 ) ) ;
#6130 = AXIS2_PLACEMENT_3D ( 'NONE', #5360, #8357, #6073 ) ;
#6132 = VERTEX_POINT ( 'NONE', #6782 ) ;
#6133 = FACE_OUTER_BOUND ( 'NONE', #2880, .T. ) ;
#6134 = ORIENTED_EDGE ( 'NONE', *, *, #3828, .F. ) ;
#6135 = CIRCLE ( 'NONE', #3001, 22.99999999999998934 ) ;
#6136 = AXIS2_PLACEMENT_3D ( 'NONE', #3690, #2213, #2922 ) ;
#6137 = VERTEX_POINT ( 'NONE', #5289 ) ;
#6138 = CIRCLE ( 'NONE', #6452, 4.999999999999838352 ) ;
#6139 = CARTESIAN_POINT ( 'NONE',  ( -1128.305942717162907, 667.6644821811652264, 540.9885408711668333 ) ) ;
#6140 = FACE_OUTER_BOUND ( 'NONE', #274, .T. ) ;
#6141 = CARTESIAN_POINT ( 'NONE',  ( -24.05150211772245683, 565.7188707413766906, -554.6263302413623251 ) ) ;
#6142 = CARTESIAN_POINT ( 'NONE',  ( -9.785980681889768107, 601.5326331134360771, 558.0311855080874466 ) ) ;
#6143 = CARTESIAN_POINT ( 'NONE',  ( -1140.539534985696491, 915.7252034775334550, -149.5877458122313328 ) ) ;
#6144 = CARTESIAN_POINT ( 'NONE',  ( -496.2960545460165349, 922.9796136799016040, 164.2650331362691247 ) ) ;
#6145 = VERTEX_POINT ( 'NONE', #8395 ) ;
#6146 = ORIENTED_EDGE ( 'NONE', *, *, #1640, .T. ) ;
#6147 = CARTESIAN_POINT ( 'NONE',  ( -1130.345110134210017, 953.6425295687090511, 159.0700653116823844 ) ) ;
#6148 = CARTESIAN_POINT ( 'NONE',  ( -14.37627134870765921, 602.9537930926472882, -551.1123094934574738 ) ) ;
#6149 = CARTESIAN_POINT ( 'NONE',  ( -1130.924600051845573, 955.5537102340971387, 145.0938158380092773 ) ) ;
#6150 = CARTESIAN_POINT ( 'NONE',  ( -1149.999999999999545, 515.2069385598298368, 549.9999999999982947 ) ) ;
#6151 = EDGE_CURVE ( 'NONE', #6861, #7455, #1366, .T. ) ;
#6152 = FACE_OUTER_BOUND ( 'NONE', #809, .T. ) ;
#6153 = DIRECTION ( 'NONE',  ( 0.000000000000000000, 0.000000000000000000, -1.000000000000000000 ) ) ;
#6154 = CIRCLE ( 'NONE', #2535, 24.99999999999998934 ) ;
#6155 = CARTESIAN_POINT ( 'NONE',  ( -1131.650554025438396, 208.2614775613219251, -633.0153806165747028 ) ) ;
#6156 = CARTESIAN_POINT ( 'NONE',  ( -16.33919627721991930, 605.1800265584771523, -544.0872594913895455 ) ) ;
#6157 = AXIS2_PLACEMENT_3D ( 'NONE', #661, #1392, #9241 ) ;
#6158 = AXIS2_PLACEMENT_3D ( 'NONE', #2400, #755, #7971 ) ;
#6159 = VERTEX_POINT ( 'NONE', #9282 ) ;
#6160 = CARTESIAN_POINT ( 'NONE',  ( -1125.590129854504312, 931.9274970291504587, -166.8425538324051729 ) ) ;
#6161 = AXIS2_PLACEMENT_3D ( 'NONE', #9083, #2009, #450 ) ;
#6162 = DIRECTION ( 'NONE',  ( 0.000000000000000000, 0.000000000000000000, 1.000000000000000000 ) ) ;
#6163 = FACE_OUTER_BOUND ( 'NONE', #1699, .T. ) ;
#6164 = CARTESIAN_POINT ( 'NONE',  ( -1125.179613226514448, 937.3201960887878386, 131.8667711531529676 ) ) ;
#6165 = VECTOR ( 'NONE', #7257, 1000.000000000000000 ) ;
#6166 = CARTESIAN_POINT ( 'NONE',  ( -20.49313166063148728, 88.29530785972754359, -694.3291504521216666 ) ) ;
#6167 = CARTESIAN_POINT ( 'NONE',  ( -1150.000000000000227, 938.9285782095131481, 149.8625354325496630 ) ) ;
#6168 = ORIENTED_EDGE ( 'NONE', *, *, #7345, .T. ) ;
#6169 = CARTESIAN_POINT ( 'NONE',  ( -1126.980642383681243, 215.8313426223560896, -659.7724796220375083 ) ) ;
#6170 = DIRECTION ( 'NONE',  ( 0.000000000000000000, 1.000000000000000000, 0.000000000000000000 ) ) ;
#6171 = CARTESIAN_POINT ( 'NONE',  ( -1127.207310410501577, 182.7563952897033062, 660.2838278185024592 ) ) ;
#6172 = CARTESIAN_POINT ( 'NONE',  ( -460.0430627306076872, 911.3117373309971754, 302.7158385259953093 ) ) ;
#6173 = EDGE_CURVE ( 'NONE', #9906, #3803, #9630, .T. ) ;
#6174 = PLANE ( 'NONE',  #3118 ) ;
#6175 = CARTESIAN_POINT ( 'NONE',  ( -1443.041541306736235, 334.9999999999999432, 143.6010951158156104 ) ) ;
#6176 = ORIENTED_EDGE ( 'NONE', *, *, #10178, .F. ) ;
#6177 = CARTESIAN_POINT ( 'NONE',  ( -23.75000000000028066, 40.00000000000000000, -650.2500000000000000 ) ) ;
#6178 = CARTESIAN_POINT ( 'NONE',  ( -1125.719869413652305, 214.7180660212305270, -644.0165459484863959 ) ) ;
#6179 = CARTESIAN_POINT ( 'NONE',  ( -24.88969854449738861, 82.31818975875724220, 682.6979486935365458 ) ) ;
#6180 = CARTESIAN_POINT ( 'NONE',  ( -12.00871736150793545, 586.5408761222976182, -574.4749093381103648 ) ) ;
#6181 = VECTOR ( 'NONE', #974, 1000.000000000000000 ) ;
#6182 = CARTESIAN_POINT ( 'NONE',  ( -15.34065144226706678, 106.5548068448102867, -660.2586786339999207 ) ) ;
#6183 = CARTESIAN_POINT ( 'NONE',  ( -1174.699815299639795, 935.4055675180341041, 145.6405579494106064 ) ) ;
#6184 = ORIENTED_EDGE ( 'NONE', *, *, #5405, .F. ) ;
#6185 = DIRECTION ( 'NONE',  ( -0.7941567930305997169, 0.5634716255418392716, 0.2276284588811126053 ) ) ;
#6186 = VERTEX_POINT ( 'NONE', #7720 ) ;
#6187 = CIRCLE ( 'NONE', #8149, 27.00000000000030198 ) ;
#6188 = MECHANICAL_DESIGN_GEOMETRIC_PRESENTATION_REPRESENTATION (  '', ( #3549 ), #2248 ) ;
#6189 = EDGE_LOOP ( 'NONE', ( #6549, #5762 ) ) ;
#6190 = CARTESIAN_POINT ( 'NONE',  ( -1155.338210169002423, 682.3779922128948101, 514.0381356006298574 ) ) ;
#6191 = CARTESIAN_POINT ( 'NONE',  ( -488.0317511923666984, 929.6470204447442711, 149.3314548666054407 ) ) ;
#6192 = DIRECTION ( 'NONE',  ( 0.8155670090706016451, -0.5786626424054288620, 0.000000000000000000 ) ) ;
#6193 = LINE ( 'NONE', #7754, #10100 ) ;
#6194 = DIRECTION ( 'NONE',  ( -0.000000000000000000, 1.000000000000000000, -0.000000000000000000 ) ) ;
#6195 = CARTESIAN_POINT ( 'NONE',  ( -24.99252511255038556, 84.10533828360665609, 679.3886993386613540 ) ) ;
#6196 = VECTOR ( 'NONE', #1798, 1000.000000000000000 ) ;
#6197 = CARTESIAN_POINT ( 'NONE',  ( -489.5760743094009513, 893.7298418539390923, 151.2429390268644340 ) ) ;
#6198 = VERTEX_POINT ( 'NONE', #4625 ) ;
#6199 = VERTEX_POINT ( 'NONE', #5395 ) ;
#6200 = CARTESIAN_POINT ( 'NONE',  ( -25.00000000000029488, 82.10768284645340032, 680.0000000000000000 ) ) ;
#6201 = COLOUR_RGB ( '',0.6470588235294117974, 0.6196078431372549211, 0.5882352941176470784 ) ;
#6202 = VECTOR ( 'NONE', #719, 1000.000000000000114 ) ;
#6203 = CARTESIAN_POINT ( 'NONE',  ( -23.72809178392451912, 578.4485506900393830, -536.8703423885732491 ) ) ;
#6204 = CARTESIAN_POINT ( 'NONE',  ( -480.0430627306078009, 911.3117373309964933, -302.7158385259953093 ) ) ;
#6205 = EDGE_CURVE ( 'NONE', #6236, #7304, #8552, .T. ) ;
#6206 = CARTESIAN_POINT ( 'NONE',  ( -23.75000000000028066, 30.00000000000000711, -656.2500000000000000 ) ) ;
#6207 = CARTESIAN_POINT ( 'NONE',  ( -1130.518656456559938, 188.5136229173269271, -665.6724822856505170 ) ) ;
#6208 = DIRECTION ( 'NONE',  ( -0.000000000000000000, -1.000000000000000000, 8.619627893433011024E-16 ) ) ;
#6209 = ADVANCED_FACE ( 'NONE', ( #3845 ), #10159, .F. ) ;
#6210 = EDGE_CURVE ( 'NONE', #8833, #4699, #8008, .T. ) ;
#6211 = ORIENTED_EDGE ( 'NONE', *, *, #7921, .F. ) ;
#6212 = EDGE_CURVE ( 'NONE', #8422, #8843, #3041, .T. ) ;
#6213 = CARTESIAN_POINT ( 'NONE',  ( -40.00000000000034106, 30.00000000000000711, 640.0000000000000000 ) ) ;
#6214 = DIRECTION ( 'NONE',  ( 0.000000000000000000, 1.000000000000000000, 0.000000000000000000 ) ) ;
#6215 = CARTESIAN_POINT ( 'NONE',  ( -2.932933592890421573E-13, 408.5786437626904899, -580.0000000000001137 ) ) ;
#6216 =( NAMED_UNIT ( * ) PLANE_ANGLE_UNIT ( ) SI_UNIT ( $, .RADIAN. ) );
#6217 = CARTESIAN_POINT ( 'NONE',  ( -1125.593109671687671, 934.9019859523862124, 132.1120823588845212 ) ) ;
#6218 = CARTESIAN_POINT ( 'NONE',  ( -1149.999999999999773, 915.0904436612948984, -134.6941054202129351 ) ) ;
#6219 = FACE_OUTER_BOUND ( 'NONE', #6692, .T. ) ;
#6220 = EDGE_CURVE ( 'NONE', #6159, #7484, #626, .T. ) ;
#6221 = ORIENTED_EDGE ( 'NONE', *, *, #2642, .F. ) ;
#6222 = CARTESIAN_POINT ( 'NONE',  ( -24.99252511255038200, 84.10533828360665609, -679.3886993386613540 ) ) ;
#6223 = CARTESIAN_POINT ( 'NONE',  ( -1167.222313734997442, 919.0467020056471483, 168.1587909888311287 ) ) ;
#6224 = CARTESIAN_POINT ( 'NONE',  ( -1132.933738564703390, 195.6696285637549977, 668.2722768725240030 ) ) ;
#6225 = CARTESIAN_POINT ( 'NONE',  ( -1134.283406802021091, 918.9361546829235294, 155.1702082336053650 ) ) ;
#6226 = DIRECTION ( 'NONE',  ( -1.000000000000000000, -1.698300684540288022E-17, 0.000000000000000000 ) ) ;
#6227 = CARTESIAN_POINT ( 'NONE',  ( -24.35615176297409334, 563.6827730185167411, 558.3303162336089827 ) ) ;
#6228 = ORIENTED_EDGE ( 'NONE', *, *, #4904, .T. ) ;
#6229 = SURFACE_STYLE_USAGE ( .BOTH. , #2226 ) ;
#6230 = CARTESIAN_POINT ( 'NONE',  ( -357.7080113700174024, 824.5123409701826631, 302.7158385259953661 ) ) ;
#6231 = CARTESIAN_POINT ( 'NONE',  ( -1150.000000000000909, 938.9285782095132618, -149.8625354325472472 ) ) ;
#6232 = CARTESIAN_POINT ( 'NONE',  ( -24.48925018623516792, 82.55259453869486208, -674.9608890432252792 ) ) ;
#6233 = CARTESIAN_POINT ( 'NONE',  ( -1171.912724578161715, 928.0193030801382292, 135.5832860062291161 ) ) ;
#6234 = EDGE_LOOP ( 'NONE', ( #1081, #1348, #190, #322 ) ) ;
#6235 = CARTESIAN_POINT ( 'NONE',  ( -17.20628466605744578, 104.9644120254065882, -661.8622651341898973 ) ) ;
#6236 = VERTEX_POINT ( 'NONE', #2838 ) ;
#6237 = EDGE_CURVE ( 'NONE', #9067, #2232, #9572, .T. ) ;
#6238 = ORIENTED_EDGE ( 'NONE', *, *, #9560, .F. ) ;
#6239 = CARTESIAN_POINT ( 'NONE',  ( -1130.399437255614203, 672.0494075623761319, 533.5699706477830659 ) ) ;
#6240 = DIRECTION ( 'NONE',  ( -1.084036547835517478E-17, 1.000000000000000000, 6.123233995736766036E-17 ) ) ;
#6241 = CARTESIAN_POINT ( 'NONE',  ( -23.27407858992089373, 562.7588785500278163, -554.3023664162822115 ) ) ;
#6242 = CYLINDRICAL_SURFACE ( 'NONE', #4136, 20.00000000000003553 ) ;
#6243 = CARTESIAN_POINT ( 'NONE',  ( -7.904888122267011319, 595.2934024285605119, 567.4809013727876845 ) ) ;
#6244 = CARTESIAN_POINT ( 'NONE',  ( -1145.152007227244212, 915.2326636244804376, -138.8225757136483196 ) ) ;
#6245 = AXIS2_PLACEMENT_3D ( 'NONE', #1219, #3530, #6617 ) ;
#6246 = CARTESIAN_POINT ( 'NONE',  ( -1135.731535893794899, 918.3234210549438785, 149.8656321134628229 ) ) ;
#6247 = ORIENTED_EDGE ( 'NONE', *, *, #7169, .F. ) ;
#6248 = ORIENTED_EDGE ( 'NONE', *, *, #7030, .F. ) ;
#6249 = CARTESIAN_POINT ( 'NONE',  ( -1126.316809316196441, 945.5070736040570409, 166.2186426436471152 ) ) ;
#6250 = AXIS2_PLACEMENT_3D ( 'NONE', #388, #4307, #2819 ) ;
#6251 =( LENGTH_UNIT ( ) NAMED_UNIT ( * ) SI_UNIT ( .MILLI., .METRE. ) );
#6252 = DIRECTION ( 'NONE',  ( 0.000000000000000000, 0.000000000000000000, -1.000000000000000000 ) ) ;
#6253 = VECTOR ( 'NONE', #7429, 999.9999999999998863 ) ;
#6254 = CARTESIAN_POINT ( 'NONE',  ( -1149.999999999999545, 906.3227343425515983, -397.2343838759611572 ) ) ;
#6255 = LINE ( 'NONE', #8383, #8583 ) ;
#6256 = CARTESIAN_POINT ( 'NONE',  ( -24.99877898594525760, 82.09988347863232150, 679.6971226450971244 ) ) ;
#6257 = CYLINDRICAL_SURFACE ( 'NONE', #2545, 20.00000000000001776 ) ;
#6258 = CARTESIAN_POINT ( 'NONE',  ( -1127.250155251377464, 214.8436692807245834, -639.6174087600219309 ) ) ;
#6259 = AXIS2_PLACEMENT_3D ( 'NONE', #1212, #1874, #2649 ) ;
#6260 = CARTESIAN_POINT ( 'NONE',  ( -1164.788062770268425, 920.0664428928157577, 132.9104714438632300 ) ) ;
#6261 = VERTEX_POINT ( 'NONE', #2946 ) ;
#6262 = CARTESIAN_POINT ( 'NONE',  ( -1127.215574104136522, 927.2738230650090827, -164.3393520984086251 ) ) ;
#6263 = EDGE_CURVE ( 'NONE', #10182, #6690, #5104, .T. ) ;
#6264 = CARTESIAN_POINT ( 'NONE',  ( -17.64802531464279411, 582.2066683188094203, -572.8461017660436028 ) ) ;
#6265 = CARTESIAN_POINT ( 'NONE',  ( -1174.861398704619205, 936.2455522494973366, -150.3782231076251037 ) ) ;
#6266 = AXIS2_PLACEMENT_3D ( 'NONE', #4266, #2730, #8981 ) ;
#6267 = DIRECTION ( 'NONE',  ( 0.000000000000000000, 0.000000000000000000, 1.000000000000000000 ) ) ;
#6268 = EDGE_CURVE ( 'NONE', #7726, #5745, #4371, .T. ) ;
#6269 = DIRECTION ( 'NONE',  ( 0.000000000000000000, 1.000000000000000000, 0.000000000000000000 ) ) ;
#6270 = CARTESIAN_POINT ( 'NONE',  ( -2.927147495130453517E-14, 588.3883476483182449, 576.9669914110094169 ) ) ;
#6271 = CARTESIAN_POINT ( 'NONE',  ( -491.0077518789656210, 928.0431203095596402, -157.4577327623701422 ) ) ;
#6272 = DIRECTION ( 'NONE',  ( 0.7941567930305997169, -0.5634716255418394937, -0.2276284588811126608 ) ) ;
#6273 = TOROIDAL_SURFACE ( 'NONE', #6593, 150.0000000000001421, 20.00000000000003553 ) ;
#6274 = LINE ( 'NONE', #9444, #6202 ) ;
#6275 = VERTEX_POINT ( 'NONE', #5209 ) ;
#6276 = EDGE_CURVE ( 'NONE', #517, #7380, #6800, .T. ) ;
#6277 = CARTESIAN_POINT ( 'NONE',  ( -1458.041541306736235, 334.9999999999999432, 153.6010951158158093 ) ) ;
#6278 = CARTESIAN_POINT ( 'NONE',  ( -1129.233508753213073, 650.1054008842431813, -552.9887363449516897 ) ) ;
#6279 = DIRECTION ( 'NONE',  ( 0.000000000000000000, -0.9797958971132929573, -0.1999999999998935407 ) ) ;
#6280 = CARTESIAN_POINT ( 'NONE',  ( -1458.041541306736235, 345.0000000000000000, 193.6010951158154683 ) ) ;
#6281 = FACE_OUTER_BOUND ( 'NONE', #7213, .T. ) ;
#6282 = EDGE_LOOP ( 'NONE', ( #2450, #367, #9825, #7175, #700, #8485 ) ) ;
#6283 = CARTESIAN_POINT ( 'NONE',  ( -21.34843152715430747, 88.82924963959280262, -666.9819027932168183 ) ) ;
#6284 = ORIENTED_EDGE ( 'NONE', *, *, #3391, .T. ) ;
#6285 = ADVANCED_FACE ( 'NONE', ( #6133 ), #4548, .F. ) ;
#6286 = EDGE_LOOP ( 'NONE', ( #9115, #2276, #1178, #9007 ) ) ;
#6287 = AXIS2_PLACEMENT_3D ( 'NONE', #5977, #7687, #666 ) ;
#6288 = CARTESIAN_POINT ( 'NONE',  ( -1149.999999999999545, 932.5353056335667361, -354.6000000001887429 ) ) ;
#6289 = CARTESIAN_POINT ( 'NONE',  ( -498.0430627306078009, 911.3117373309970617, 302.7158385259953661 ) ) ;
#6290 = CARTESIAN_POINT ( 'NONE',  ( -499.5872356050032295, 907.0231206332441616, -132.4529246135817857 ) ) ;
#6291 = CIRCLE ( 'NONE', #7270, 25.00000000000002842 ) ;
#6292 = CIRCLE ( 'NONE', #3014, 25.00000000000000711 ) ;
#6293 = CARTESIAN_POINT ( 'NONE',  ( -24.59515161922460891, 121.8502305622180728, 675.5060858810878699 ) ) ;
#6294 = DIRECTION ( 'NONE',  ( -1.084036547835517478E-17, 0.7840326558350856345, 0.6207195780577426936 ) ) ;
#6295 = AXIS2_PLACEMENT_3D ( 'NONE', #6785, #8450, #1477 ) ;
#6296 = EDGE_LOOP ( 'NONE', ( #3716, #3762 ) ) ;
#6297 = EDGE_CURVE ( 'NONE', #5744, #9747, #6187, .T. ) ;
#6298 = CIRCLE ( 'NONE', #1200, 4.999999999999809930 ) ;
#6299 = VERTEX_POINT ( 'NONE', #7996 ) ;
#6300 = DIRECTION ( 'NONE',  ( 0.7941567930306002721, -0.5634716255418391606, 0.2276284588811120502 ) ) ;
#6301 = CARTESIAN_POINT ( 'NONE',  ( -480.0430627306078009, 911.3117373309964933, -302.7158385259953093 ) ) ;
#6302 = LINE ( 'NONE', #5958, #7258 ) ;
#6303 = CARTESIAN_POINT ( 'NONE',  ( -22.30120807108048098, 567.4549825016525801, -546.1793714833967215 ) ) ;
#6304 = CIRCLE ( 'NONE', #1859, 6.000000000000116351 ) ;
#6305 = DIRECTION ( 'NONE',  ( 0.000000000000000000, 0.000000000000000000, 1.000000000000000000 ) ) ;
#6306 = CARTESIAN_POINT ( 'NONE',  ( -1150.000000000000227, 938.9285782095131481, -149.8625354325471051 ) ) ;
#6307 = CARTESIAN_POINT ( 'NONE',  ( -1128.397152285480615, 211.5661439430547546, -662.6177589190435810 ) ) ;
#6308 = CARTESIAN_POINT ( 'NONE',  ( -1174.343375707330324, 933.2028539590103264, 150.0079860357384689 ) ) ;
#6309 = ORIENTED_EDGE ( 'NONE', *, *, #10078, .F. ) ;
#6310 = CARTESIAN_POINT ( 'NONE',  ( -1126.194154413472916, 929.7148895472564618, -165.9136162494193059 ) ) ;
#6311 = CARTESIAN_POINT ( 'NONE',  ( -22.65773583415232650, 574.9541572449836622, -570.0127533483988600 ) ) ;
#6312 = CARTESIAN_POINT ( 'NONE',  ( -1159.522964144934576, 917.2580703414155323, -130.8442783768568347 ) ) ;
#6313 = AXIS2_PLACEMENT_3D ( 'NONE', #5952, #8287, #3362 ) ;
#6314 = DIRECTION ( 'NONE',  ( 5.551115123125780730E-16, -1.000000000000000000, 0.000000000000000000 ) ) ;
#6315 = VERTEX_POINT ( 'NONE', #5662 ) ;
#6316 = DIRECTION ( 'NONE',  ( 0.000000000000000000, 1.000000000000000000, 0.000000000000000000 ) ) ;
#6317 = AXIS2_PLACEMENT_3D ( 'NONE', #8600, #757, #10203 ) ;
#6318 = CARTESIAN_POINT ( 'NONE',  ( -1166.549069849703073, 918.4052227650948907, 168.3831376865245772 ) ) ;
#6319 = CARTESIAN_POINT ( 'NONE',  ( -488.0121001770309590, 929.6555221688516895, -150.0618562591376417 ) ) ;
#6320 = CARTESIAN_POINT ( 'NONE',  ( -1134.204137122913380, 958.2589741129561389, 151.2442363100823002 ) ) ;
#6321 = VECTOR ( 'NONE', #7320, 1000.000000000000000 ) ;
#6322 = CYLINDRICAL_SURFACE ( 'NONE', #3434, 23.00000000000000711 ) ;
#6323 = DIRECTION ( 'NONE',  ( 1.000000000000000000, 0.000000000000000000, 4.625929269271490844E-16 ) ) ;
#6324 = ORIENTED_EDGE ( 'NONE', *, *, #350, .F. ) ;
#6325 = DIRECTION ( 'NONE',  ( 0.000000000000000000, 0.000000000000000000, -1.000000000000000000 ) ) ;
#6326 = CARTESIAN_POINT ( 'NONE',  ( -1140.548722773801728, 915.6868602829135853, 149.9846559048564529 ) ) ;
#6327 = CARTESIAN_POINT ( 'NONE',  ( -8.143722032880047479, 593.5682031892160921, -569.3959913387790266 ) ) ;
#6328 = PLANE ( 'NONE',  #4683 ) ;
#6329 = DIRECTION ( 'NONE',  ( 0.000000000000000000, 1.000000000000000000, 0.000000000000000000 ) ) ;
#6330 = CARTESIAN_POINT ( 'NONE',  ( -1174.850708973009887, 936.2284245453136009, 149.4031996016512949 ) ) ;
#6331 = ORIENTED_EDGE ( 'NONE', *, *, #5332, .T. ) ;
#6332 = DIRECTION ( 'NONE',  ( 1.000000000000000000, 0.000000000000000000, 0.000000000000000000 ) ) ;
#6333 = VERTEX_POINT ( 'NONE', #1745 ) ;
#6334 = EDGE_CURVE ( 'NONE', #8220, #6422, #5727, .T. ) ;
#6335 = DIRECTION ( 'NONE',  ( 0.000000000000000000, 0.7071067811865475727, -0.7071067811865475727 ) ) ;
#6336 = B_SPLINE_CURVE_WITH_KNOTS ( 'NONE', 3,
 ( #4396, #1354, #6656, #4281, #2086, #2746, #4503, #7653, #5991, #6869, #6094, #5935, #7596, #9988, #9162, #9929, #468, #362, #10033, #8374, #7434, #9045, #3507, #3613, #5105, #6760, #9261, #582, #1150, #3671, #1204, #2905, #1305, #7495, #2192, #419, #6709, #2795, #978, #1459, #6431, #9647, #10139, #8822, #6477, #144, #5479, #1414 ),
 .UNSPECIFIED., .F., .F.,
 ( 4, 2, 2, 2, 2, 2, 2, 2, 2, 2, 2, 2, 2, 2, 2, 2, 2, 2, 2, 2, 2, 2, 2, 4 ),
 ( 0.03090412000736710366, 0.03399044433816919564, 0.03553360650357028500, 0.03707676866897137435, 0.04016309299977369879, 0.04170625516517482978, 0.04324941733057595383, 0.04633574166137804928, 0.04942206599218013779, 0.05250839032298222631, 0.05559471465378431482, 0.05713787681918518907, 0.05868103898458605638, 0.06176736331538824898, 0.06331052548078934528, 0.06485368764619045545, 0.06639684981159155175, 0.06794001197699264805, 0.07102633630779441043, 0.07256949847319528468, 0.07411266063859615894, 0.07719898496939794907, 0.07874214713479910088, 0.08028530930020025269 ),
 .UNSPECIFIED. ) ;
#6337 = ORIENTED_EDGE ( 'NONE', *, *, #272, .T. ) ;
#6338 = EDGE_CURVE ( 'NONE', #4056, #1396, #9797, .T. ) ;
#6339 = EDGE_CURVE ( 'NONE', #316, #6275, #9340, .T. ) ;
#6340 = CARTESIAN_POINT ( 'NONE',  ( -1170.501344914953734, 670.4977697521970867, 536.3074386407794236 ) ) ;
#6341 = DIRECTION ( 'NONE',  ( 0.000000000000000000, 0.000000000000000000, -1.000000000000000000 ) ) ;
#6342 =( BOUNDED_CURVE ( )  B_SPLINE_CURVE ( 3, ( #3399, #9712, #2747, #9989 ),
 .UNSPECIFIED., .F., .T. ) 
 B_SPLINE_CURVE_WITH_KNOTS ( ( 4, 4 ),
 ( 4.712388980384691450, 7.853981633974484566 ),
 .UNSPECIFIED. ) 
 CURVE ( )  GEOMETRIC_REPRESENTATION_ITEM ( )  RATIONAL_B_SPLINE_CURVE ( ( 1.000000000000000000, 0.3333333333333333703, 0.3333333333333333703, 1.000000000000000000 ) ) 
 REPRESENTATION_ITEM ( '' )  );
#6343 = CARTESIAN_POINT ( 'NONE',  ( -491.5203136930170444, 894.9284937860841183, -143.3525885654280216 ) ) ;
#6344 = EDGE_CURVE ( 'NONE', #9824, #285, #8333, .T. ) ;
#6345 = FACE_BOUND ( 'NONE', #6466, .T. ) ;
#6346 = CARTESIAN_POINT ( 'NONE',  ( -19.24042564896533491, 110.9799320497733106, 664.0335542749909337 ) ) ;
#6347 = CARTESIAN_POINT ( 'NONE',  ( -500.0430627306077440, 911.3117373309971754, 132.0147611730997994 ) ) ;
#6348 = ORIENTED_EDGE ( 'NONE', *, *, #9142, .F. ) ;
#6349 = ORIENTED_EDGE ( 'NONE', *, *, #5961, .T. ) ;
#6350 = CARTESIAN_POINT ( 'NONE',  ( -1443.041541306736235, 334.9999999999999432, -203.6010951158150704 ) ) ;
#6351 = CARTESIAN_POINT ( 'NONE',  ( -16.13625182927183843, 584.2129256519790488, 572.7915694146696524 ) ) ;
#6352 = CARTESIAN_POINT ( 'NONE',  ( -1170.762651313979404, 923.5021082352247959, -165.6876019381754190 ) ) ;
#6353 = CARTESIAN_POINT ( 'NONE',  ( -24.99263518536987050, 82.09780065852740449, 679.3932162732677398 ) ) ;
#6354 = DIRECTION ( 'NONE',  ( 0.04118683666227203333, 0.9991514622347080765, 0.000000000000000000 ) ) ;
#6355 = CARTESIAN_POINT ( 'NONE',  ( -1125.156869830689175, 217.6209037677508320, -647.1216911865175234 ) ) ;
#6356 = CARTESIAN_POINT ( 'NONE',  ( -1173.475244025600205, 930.9221872271633629, 142.4226389845333927 ) ) ;
#6357 = ORIENTED_EDGE ( 'NONE', *, *, #364, .F. ) ;
#6358 = EDGE_CURVE ( 'NONE', #3478, #9480, #577, .T. ) ;
#6359 = ORIENTED_EDGE ( 'NONE', *, *, #411, .F. ) ;
#6360 = VECTOR ( 'NONE', #7531, 1000.000000000000000 ) ;
#6361 = CARTESIAN_POINT ( 'NONE',  ( -24.88652601090625893, 564.9668286699752571, -561.5118844192437564 ) ) ;
#6362 = CARTESIAN_POINT ( 'NONE',  ( -24.77031940933516196, 569.9184758877394188, -564.9437006412854316 ) ) ;
#6363 = CARTESIAN_POINT ( 'NONE',  ( -1168.735276814396684, 923.7150192004439759, -132.4244068575476376 ) ) ;
#6364 = FACE_OUTER_BOUND ( 'NONE', #9667, .T. ) ;
#6365 = VERTEX_POINT ( 'NONE', #6944 ) ;
#6366 = CARTESIAN_POINT ( 'NONE',  ( -1125.048410212470344, 177.7548245739275501, -652.0840348213663447 ) ) ;
#6367 = DIRECTION ( 'NONE',  ( -0.000000000000000000, 1.000000000000000000, -0.000000000000000000 ) ) ;
#6368 = CARTESIAN_POINT ( 'NONE',  ( -492.4422559829059765, 927.0114049884039105, -159.4235253729527528 ) ) ;
#6369 = CYLINDRICAL_SURFACE ( 'NONE', #9312, 20.00000000000003553 ) ;
#6370 = CARTESIAN_POINT ( 'NONE',  ( -24.11015283817125621, 563.3478447528381139, 557.2531625869717118 ) ) ;
#6371 = ORIENTED_EDGE ( 'NONE', *, *, #3122, .T. ) ;
#6372 = DIRECTION ( 'NONE',  ( 0.000000000000000000, 1.000000000000000000, 0.000000000000000000 ) ) ;
#6373 = CARTESIAN_POINT ( 'NONE',  ( -1127.000000000000227, 659.3941031588989290, -550.8956834289371045 ) ) ;
#6374 = CARTESIAN_POINT ( 'NONE',  ( -1149.999999999999545, 892.0461840472281665, -379.2016327917505691 ) ) ;
#6375 = DIRECTION ( 'NONE',  ( 5.551115123125780730E-16, -1.000000000000000000, 0.000000000000000000 ) ) ;
#6376 = CARTESIAN_POINT ( 'NONE',  ( 0.000000000000000000, 30.00000000000000711, 720.0000000000000000 ) ) ;
#6377 = ORIENTED_EDGE ( 'NONE', *, *, #6334, .T. ) ;
#6378 = CARTESIAN_POINT ( 'NONE',  ( -18.38397434949620646, 94.29777799943586558, -663.0553717873153801 ) ) ;
#6379 = ORIENTED_EDGE ( 'NONE', *, *, #2132, .F. ) ;
#6380 = VECTOR ( 'NONE', #3852, 1000.000000000000000 ) ;
#6381 = ORIENTED_EDGE ( 'NONE', *, *, #5524, .F. ) ;
#6382 = CARTESIAN_POINT ( 'NONE',  ( -1563.041541306736235, 334.9999999999999432, -203.6010951158150704 ) ) ;
#6383 = DIRECTION ( 'NONE',  ( 1.000000000000000000, 0.000000000000000000, 0.000000000000000000 ) ) ;
#6384 = DIRECTION ( 'NONE',  ( -0.7941567930306002721, 0.5634716255418391606, -0.2276284588811120502 ) ) ;
#6385 = EDGE_CURVE ( 'NONE', #1169, #8759, #1469, .T. ) ;
#6386 = CARTESIAN_POINT ( 'NONE',  ( -490.6844998719603268, 894.3746289506500489, -144.9406185314382469 ) ) ;
#6387 = CARTESIAN_POINT ( 'NONE',  ( 23.74999999999972289, 40.00000000000000000, -656.2500000000000000 ) ) ;
#6388 = EDGE_CURVE ( 'NONE', #8931, #7106, #497, .T. ) ;
#6389 = EDGE_CURVE ( 'NONE', #4791, #5359, #2169, .T. ) ;
#6390 = EDGE_CURVE ( 'NONE', #7668, #5351, #2083, .T. ) ;
#6391 = CARTESIAN_POINT ( 'NONE',  ( -1133.400351963131925, 921.0043915716178162, 139.6260928938706911 ) ) ;
#6392 = VERTEX_POINT ( 'NONE', #5296 ) ;
#6393 = EDGE_CURVE ( 'NONE', #5328, #4300, #6992, .T. ) ;
#6394 = CARTESIAN_POINT ( 'NONE',  ( -1110.000000000000000, 30.00000000000000711, 0.000000000000000000 ) ) ;
#6395 = CARTESIAN_POINT ( 'NONE',  ( -22.65571377067144709, 574.9578041833344741, 570.0154769562699357 ) ) ;
#6396 = CARTESIAN_POINT ( 'NONE',  ( -1458.041541306736235, 334.9999999999999432, 188.6010951158156388 ) ) ;
#6397 = PRESENTATION_LAYER_ASSIGNMENT (  '', '', ( #647 ) ) ;
#6398 = DIRECTION ( 'NONE',  ( 2.498001805406602216E-16, -4.718447854656915297E-16, 1.000000000000000000 ) ) ;
#6399 = EDGE_CURVE ( 'NONE', #9296, #1284, #742, .T. ) ;
#6400 = CARTESIAN_POINT ( 'NONE',  ( -1127.875934013989990, 183.7935167898977511, -661.6517420050702185 ) ) ;
#6401 = CARTESIAN_POINT ( 'NONE',  ( -17.81285748057946705, 604.9538717861970554, -541.5212255017626148 ) ) ;
#6402 = AXIS2_PLACEMENT_3D ( 'NONE', #494, #10006, #4627 ) ;
#6403 = ORIENTED_EDGE ( 'NONE', *, *, #7410, .F. ) ;
#6404 = ORIENTED_EDGE ( 'NONE', *, *, #8678, .F. ) ;
#6405 = AXIS2_PLACEMENT_3D ( 'NONE', #4364, #7517, #3586 ) ;
#6406 = DIRECTION ( 'NONE',  ( -1.000000000000000000, 0.000000000000000000, 0.000000000000000000 ) ) ;
#6407 = DIRECTION ( 'NONE',  ( 0.000000000000000000, 1.000000000000000000, 0.000000000000000000 ) ) ;
#6408 = CARTESIAN_POINT ( 'NONE',  ( -1132.643060992610344, 921.4233438910729319, 143.3142476749579828 ) ) ;
#6409 = AXIS2_PLACEMENT_3D ( 'NONE', #7711, #1371, #4511 ) ;
#6410 = DIRECTION ( 'NONE',  ( 0.000000000000000000, 0.000000000000000000, 1.000000000000000000 ) ) ;
#6411 = AXIS2_PLACEMENT_3D ( 'NONE', #9112, #6770, #2805 ) ;
#6412 = EDGE_CURVE ( 'NONE', #6066, #8433, #5605, .T. ) ;
#6413 = ORIENTED_EDGE ( 'NONE', *, *, #1857, .F. ) ;
#6414 = FACE_OUTER_BOUND ( 'NONE', #7883, .T. ) ;
#6415 = CYLINDRICAL_SURFACE ( 'NONE', #3330, 25.00000000000000711 ) ;
#6416 = DIRECTION ( 'NONE',  ( 0.000000000000000000, 0.7071067811865486830, 0.7071067811865464625 ) ) ;
#6417 = DIRECTION ( 'NONE',  ( -0.000000000000000000, 1.000000000000000000, -0.000000000000000000 ) ) ;
#6418 = CARTESIAN_POINT ( 'NONE',  ( -1133.716909149189860, 919.2906969715387504, 156.3831285711198404 ) ) ;
#6419 = CARTESIAN_POINT ( 'NONE',  ( -23.12703513443418402, 577.7067911423711166, 534.9616472142516841 ) ) ;
#6420 = EDGE_CURVE ( 'NONE', #9554, #4218, #5549, .T. ) ;
#6421 = DIRECTION ( 'NONE',  ( -0.5106616124301164295, -0.8590958568053636002, -0.03433695400194736874 ) ) ;
#6422 = VERTEX_POINT ( 'NONE', #6222 ) ;
#6423 = DIRECTION ( 'NONE',  ( 1.000000000000000000, 0.000000000000000000, -2.413528314402513498E-15 ) ) ;
#6424 = CARTESIAN_POINT ( 'NONE',  ( -1148.691556118201561, 915.0501476280642237, 135.6174348751710568 ) ) ;
#6425 = DIRECTION ( 'NONE',  ( 1.000000000000000000, 2.896233977283015882E-14, -2.413528314402513498E-15 ) ) ;
#6426 = LINE ( 'NONE', #2472, #4 ) ;
#6427 = CARTESIAN_POINT ( 'NONE',  ( -1171.533155982658400, 651.9083468679626776, 553.1152311874220686 ) ) ;
#6428 = ORIENTED_EDGE ( 'NONE', *, *, #5463, .T. ) ;
#6429 = CARTESIAN_POINT ( 'NONE',  ( -23.00827621198578754, 117.5679296635975817, -670.2065587791730650 ) ) ;
#6430 = EDGE_LOOP ( 'NONE', ( #955, #2696, #4840, #6764 ) ) ;
#6431 = CARTESIAN_POINT ( 'NONE',  ( -1155.714201778106599, 912.7318761955841637, 168.8700104649801119 ) ) ;
#6432 = CIRCLE ( 'NONE', #7767, 4.999999999999838352 ) ;
#6433 = ORIENTED_EDGE ( 'NONE', *, *, #9477, .F. ) ;
#6434 = LINE ( 'NONE', #8824, #5042 ) ;
#6435 = CARTESIAN_POINT ( 'NONE',  ( -25.00000000000030198, 120.2284581782640061, 680.0000000000000000 ) ) ;
#6436 = CARTESIAN_POINT ( 'NONE',  ( 0.000000000000000000, 40.00000000000000000, -689.9999999999997726 ) ) ;
#6437 = CARTESIAN_POINT ( 'NONE',  ( -1149.999999999999773, -804.6428199482238597, 0.000000000000000000 ) ) ;
#6438 = UNCERTAINTY_MEASURE_WITH_UNIT (LENGTH_MEASURE( 1.000000000000000082E-05 ), #4756, 'distance_accuracy_value', 'NONE');
#6439 = CARTESIAN_POINT ( 'NONE',  ( -389.2678758061510962, 846.9047555056616829, -468.2530087568654835 ) ) ;
#6440 = EDGE_LOOP ( 'NONE', ( #1168, #8098 ) ) ;
#6441 = DIRECTION ( 'NONE',  ( 1.483630154005731333E-15, -0.7071067811865496822, 0.7071067811865453523 ) ) ;
#6442 = CIRCLE ( 'NONE', #7960, 25.00000000000002132 ) ;
#6443 = CARTESIAN_POINT ( 'NONE',  ( -24.93004871406083112, 567.1560943161809973, 560.0728719208717621 ) ) ;
#6444 = CARTESIAN_POINT ( 'NONE',  ( -1173.750000000000000, 30.00000000000000711, -620.2500000000000000 ) ) ;
#6445 = DIRECTION ( 'NONE',  ( 0.7941567930306002721, -0.5634716255418391606, 0.2276284588811120502 ) ) ;
#6446 = DIRECTION ( 'NONE',  ( 1.000000000000000000, 0.000000000000000000, -4.999362528151271919E-51 ) ) ;
#6447 = DIRECTION ( 'NONE',  ( 0.000000000000000000, 1.000000000000000000, 0.000000000000000000 ) ) ;
#6448 = VERTEX_POINT ( 'NONE', #7098 ) ;
#6449 = B_SPLINE_CURVE_WITH_KNOTS ( 'NONE', 3,
 ( #1928, #2552, #6556, #1825, #4138, #8229, #1163, #4295, #7448, #223, #9888, #4465, #9833, #2758, #9057, #5179, #1982, #2099, #3733, #7612, #3683, #4407, #6054, #8442, #1318, #8388, #7557, #5117, #2208, #6831, #5894, #6006, #7713, #1269, #5337, #4514, #1426, #9226, #9998, #430, #482, #2918, #3632, #2156, #5283, #3576, #6774, #1373, #542, #8285, #8495, #1215, #6723, #6881, #593, #4352, #10045, #9945, #644, #2860, #2967, #2808, #7665, #6106, #5949, #9275, #8336, #5232, #4567, #6668, #9175, #2042, #7508, #9116 ),
 .UNSPECIFIED., .F., .F.,
 ( 4, 2, 2, 2, 2, 2, 2, 2, 2, 2, 2, 2, 2, 2, 2, 2, 2, 2, 2, 2, 2, 2, 2, 2, 2, 2, 2, 2, 2, 2, 2, 2, 2, 2, 2, 2, 4 ),
 ( 1.110223024625156540E-16, 0.003321977681248510558, 0.006643955362496910093, 0.009965933043745310929, 0.01328791072499370916, 0.01993186608749036512, 0.02657582144998701934, 0.02989779913123529961, 0.03155878797185936863, 0.03321977681248343417, 0.03654175449373200935, 0.03986373217498058452, 0.04318570985622915276, 0.04484669869685338484, 0.04650768753747762385, 0.04816867637810185593, 0.04982966521872608801, 0.05149065405935032702, 0.05315164289997455910, 0.05481263174059879811, 0.05564312616091126457, 0.05647362058122373102, 0.05979559826247496379, 0.06145658710310054895, 0.06311757594372612024, 0.06643955362497747097, 0.06810054246560340308, 0.06976153130622933518, 0.07308350898748121327, 0.07972746434998494169, 0.08304944203123675039, 0.08637141971248857297, 0.09301537507499219037, 0.09633735275624423500, 0.09965933043749625186, 0.1029813081187482965, 0.1063032858000003272 ),
 .UNSPECIFIED. ) ;
#6450 = ORIENTED_EDGE ( 'NONE', *, *, #1997, .T. ) ;
#6451 = CARTESIAN_POINT ( 'NONE',  ( -23.82094870330962166, 563.0893461991330469, -556.1712006382326763 ) ) ;
#6452 = AXIS2_PLACEMENT_3D ( 'NONE', #6060, #2166, #6888 ) ;
#6453 = VECTOR ( 'NONE', #1343, 1000.000000000000000 ) ;
#6454 = EDGE_CURVE ( 'NONE', #6765, #9025, #2365, .T. ) ;
#6455 = CYLINDRICAL_SURFACE ( 'NONE', #7128, 18.00000000000001421 ) ;
#6456 = CARTESIAN_POINT ( 'NONE',  ( -1133.331905752007060, 920.2262024621272758, 149.8661075778517215 ) ) ;
#6457 = LINE ( 'NONE', #7288, #4452 ) ;
#6458 = ORIENTED_EDGE ( 'NONE', *, *, #6741, .T. ) ;
#6459 = DIRECTION ( 'NONE',  ( 0.000000000000000000, 1.000000000000000000, 0.000000000000000000 ) ) ;
#6460 = DIRECTION ( 'NONE',  ( 1.000000000000000000, 0.000000000000000000, 0.000000000000000000 ) ) ;
#6461 = CARTESIAN_POINT ( 'NONE',  ( -1131.631588954752715, 955.5313057247927873, -154.7072623777156934 ) ) ;
#6462 = DIRECTION ( 'NONE',  ( 0.000000000000000000, 0.000000000000000000, -1.000000000000000000 ) ) ;
#6463 = CARTESIAN_POINT ( 'NONE',  ( -22.08380869614486031, 115.0970146732680206, -691.7265912701685693 ) ) ;
#6464 = CARTESIAN_POINT ( 'NONE',  ( -24.25948414212147242, 596.8019414399949483, 531.9748831429242273 ) ) ;
#6465 = CYLINDRICAL_SURFACE ( 'NONE', #7188, 19.99999999999998934 ) ;
#6466 = EDGE_LOOP ( 'NONE', ( #4423, #9235 ) ) ;
#6467 = CARTESIAN_POINT ( 'NONE',  ( -1110.000000000000000, 30.00000000000000711, 609.9999999999997726 ) ) ;
#6468 = CARTESIAN_POINT ( 'NONE',  ( -1172.967587260199252, 658.7376920482031437, -551.3186893405969613 ) ) ;
#6469 = CARTESIAN_POINT ( 'NONE',  ( -9.244270206820917934, 600.6596842203774713, -559.6656768933925150 ) ) ;
#6470 = TOROIDAL_SURFACE ( 'NONE', #386, 99.99999999999995737, 23.00000000000000711 ) ;
#6471 = UNCERTAINTY_MEASURE_WITH_UNIT (LENGTH_MEASURE( 1.000000000000000082E-05 ), #5494, 'distance_accuracy_value', 'NONE');
#6472 = DIRECTION ( 'NONE',  ( 0.000000000000000000, 0.000000000000000000, -1.000000000000000000 ) ) ;
#6473 = CARTESIAN_POINT ( 'NONE',  ( -1164.249734973803697, 641.8815590954201298, 550.9902344509126806 ) ) ;
#6474 = VERTEX_POINT ( 'NONE', #910 ) ;
#6475 = DIRECTION ( 'NONE',  ( -1.659227894316332837E-15, -0.7840326558350209085, -0.6207195780578245170 ) ) ;
#6476 = VERTEX_POINT ( 'NONE', #2315 ) ;
#6477 = CARTESIAN_POINT ( 'NONE',  ( -1151.683462667475851, 912.3474358386851009, 166.5912875909885145 ) ) ;
#6478 = VECTOR ( 'NONE', #3567, 1000.000000000000000 ) ;
#6479 = AXIS2_PLACEMENT_3D ( 'NONE', #1233, #5352, #7677 ) ;
#6480 = ORIENTED_EDGE ( 'NONE', *, *, #10205, .T. ) ;
#6481 = CYLINDRICAL_SURFACE ( 'NONE', #6672, 23.00000000000003553 ) ;
#6482 = ADVANCED_FACE ( 'NONE', ( #5450 ), #1535, .T. ) ;
#6483 = CARTESIAN_POINT ( 'NONE',  ( -357.7080113700174024, 824.5123409701826631, 302.7158385259953661 ) ) ;
#6484 = CARTESIAN_POINT ( 'NONE',  ( -17.91602670096624550, 103.4660982198740413, 697.4361325305029595 ) ) ;
#6485 = CARTESIAN_POINT ( 'NONE',  ( -1140.747520926757034, 915.4372585682768886, -151.9045047713875078 ) ) ;
#6486 = DIRECTION ( 'NONE',  ( 0.000000000000000000, -1.000000000000000000, 0.000000000000000000 ) ) ;
#6487 = CARTESIAN_POINT ( 'NONE',  ( -22.18994211933708272, 569.2489951438503795, -543.6651431346718937 ) ) ;
#6488 = CARTESIAN_POINT ( 'NONE',  ( -1133.596078400820033, 958.0938523645403393, 147.1370696728815517 ) ) ;
#6489 = ORIENTED_EDGE ( 'NONE', *, *, #4337, .F. ) ;
#6490 = CARTESIAN_POINT ( 'NONE',  ( -5.829787949865748011E-14, 623.0000000000002274, -488.5786437626904899 ) ) ;
#6491 = CARTESIAN_POINT ( 'NONE',  ( -1149.999999999999773, 563.0023460702883540, 610.3705144992891292 ) ) ;
#6492 = CARTESIAN_POINT ( 'NONE',  ( -1161.465528062400836, 914.8877693180800179, -168.6263364251936139 ) ) ;
#6493 = PRESENTATION_LAYER_ASSIGNMENT (  '', '', ( #2899 ) ) ;
#6494 = CARTESIAN_POINT ( 'NONE',  ( 1.304245351365811892E-14, 500.0000000000000000, -488.5786437626906604 ) ) ;
#6495 = CARTESIAN_POINT ( 'NONE',  ( 23.74999999999967315, 30.00000000000000711, 662.2500000000001137 ) ) ;
#6496 = AXIS2_PLACEMENT_3D ( 'NONE', #5079, #191, #8866 ) ;
#6497 = DIRECTION ( 'NONE',  ( 1.659227894316332837E-15, 0.7840326558350209085, -0.6207195780578245170 ) ) ;
#6498 = ORIENTED_EDGE ( 'NONE', *, *, #3349, .T. ) ;
#6499 = ORIENTED_EDGE ( 'NONE', *, *, #10206, .F. ) ;
#6500 = CARTESIAN_POINT ( 'NONE',  ( 2.757204094942013327E-14, 408.5786437626905467, 657.0000000000000000 ) ) ;
#6501 = CARTESIAN_POINT ( 'NONE',  ( -1174.861398704619205, 936.2455522494973366, -150.3782231076251037 ) ) ;
#6502 = ADVANCED_FACE ( 'NONE', ( #4630 ), #768, .F. ) ;
#6503 = CARTESIAN_POINT ( 'NONE',  ( 39.99999999999965894, 30.00000000000000711, 720.0000000000000000 ) ) ;
#6504 = ORIENTED_EDGE ( 'NONE', *, *, #8769, .T. ) ;
#6505 = CARTESIAN_POINT ( 'NONE',  ( -11.96694781550191422, 590.7147663647776881, -570.0853146163136671 ) ) ;
#6506 = CARTESIAN_POINT ( 'NONE',  ( -1125.036215582912291, 177.7627672206074010, 651.3894959507113072 ) ) ;
#6507 = ADVANCED_FACE ( 'NONE', ( #6414 ), #7052, .T. ) ;
#6508 = FACE_BOUND ( 'NONE', #648, .T. ) ;
#6509 = CARTESIAN_POINT ( 'NONE',  ( -18.54838819369146918, 106.7762827373522754, -696.7621446237308191 ) ) ;
#6510 = ADVANCED_FACE ( 'NONE', ( #3851 ), #3950, .F. ) ;
#6511 = EDGE_CURVE ( 'NONE', #5525, #3531, #5490, .T. ) ;
#6512 = AXIS2_PLACEMENT_3D ( 'NONE', #8690, #6441, #7911 ) ;
#6513 = CARTESIAN_POINT ( 'NONE',  ( -18.92570811801179076, 604.5267106577637151, 539.6723638109568810 ) ) ;
#6514 = ORIENTED_EDGE ( 'NONE', *, *, #9365, .F. ) ;
#6515 = EDGE_CURVE ( 'NONE', #968, #5153, #3694, .T. ) ;
#6516 = CARTESIAN_POINT ( 'NONE',  ( -2.902317422911738039E-13, 408.5786437626903762, -680.0000000000000000 ) ) ;
#6517 = CARTESIAN_POINT ( 'NONE',  ( -1172.999999999999773, 659.8455499111046265, -550.5382725029257927 ) ) ;
#6518 = CARTESIAN_POINT ( 'NONE',  ( -1458.041541306736235, 334.9999999999999432, -183.6010951158152409 ) ) ;
#6519 = DIRECTION ( 'NONE',  ( 0.000000000000000000, 0.000000000000000000, 1.000000000000000000 ) ) ;
#6520 = CIRCLE ( 'NONE', #1273, 20.00000000000005684 ) ;
#6521 = CARTESIAN_POINT ( 'NONE',  ( -1174.857639113752157, 936.2518770815554490, 149.8918591421902136 ) ) ;
#6522 = AXIS2_PLACEMENT_3D ( 'NONE', #8808, #9826, #9935 ) ;
#6523 = EDGE_LOOP ( 'NONE', ( #8347, #8724, #4776, #9773, #10090 ) ) ;
#6524 = CARTESIAN_POINT ( 'NONE',  ( -24.97753505039786504, 84.10403479994120346, -678.7758429678453922 ) ) ;
#6525 = ORIENTED_EDGE ( 'NONE', *, *, #9780, .T. ) ;
#6526 = DIRECTION ( 'NONE',  ( -1.483630154005731530E-15, 0.7071067811865494601, -0.7071067811865456854 ) ) ;
#6527 = CARTESIAN_POINT ( 'NONE',  ( -1150.000000000000227, 515.2069385598298368, -549.9999999999982947 ) ) ;
#6528 = DIRECTION ( 'NONE',  ( 0.000000000000000000, 1.000000000000000000, 0.000000000000000000 ) ) ;
#6529 = VERTEX_POINT ( 'NONE', #3525 ) ;
#6530 = CARTESIAN_POINT ( 'NONE',  ( -1141.115086980435080, 915.1626392282804545, 153.3839567694954553 ) ) ;
#6531 = VERTEX_POINT ( 'NONE', #1061 ) ;
#6532 = DIRECTION ( 'NONE',  ( -0.5786626424054287510, -0.8155670090706016451, 0.000000000000000000 ) ) ;
#6533 = CARTESIAN_POINT ( 'NONE',  ( -18.19729779605556530, 97.79561541598111774, 697.1425573796384469 ) ) ;
#6534 = FACE_OUTER_BOUND ( 'NONE', #5613, .T. ) ;
#6535 = DIRECTION ( 'NONE',  ( -0.000000000000000000, 1.000000000000000000, -0.000000000000000000 ) ) ;
#6536 = CARTESIAN_POINT ( 'NONE',  ( -1458.041541306736235, 345.0000000000000000, -158.6010951158150704 ) ) ;
#6537 = DIRECTION ( 'NONE',  ( 0.000000000000000000, 1.000000000000000000, 0.000000000000000000 ) ) ;
#6538 = EDGE_CURVE ( 'NONE', #265, #9103, #4843, .T. ) ;
#6539 = VECTOR ( 'NONE', #8790, 1000.000000000000000 ) ;
#6540 = CARTESIAN_POINT ( 'NONE',  ( -1127.697215123671640, 951.5210910035979168, 135.0578041354611969 ) ) ;
#6541 = VERTEX_POINT ( 'NONE', #2705 ) ;
#6542 = CARTESIAN_POINT ( 'NONE',  ( -1129.072267444690397, 951.3218585548189594, -164.8573604429709576 ) ) ;
#6543 = CARTESIAN_POINT ( 'NONE',  ( -22.68214374067636285, 566.3297499375267989, 548.6473286017660485 ) ) ;
#6544 = CARTESIAN_POINT ( 'NONE',  ( -1151.446457110264873, 912.5813479092720399, -163.9197957836113915 ) ) ;
#6545 = CARTESIAN_POINT ( 'NONE',  ( 0.000000000000000000, 0.000000000000000000, 0.000000000000000000 ) ) ;
#6546 = DIRECTION ( 'NONE',  ( -1.000000000000000000, 0.000000000000000000, -4.999362528151271919E-51 ) ) ;
#6547 = DIRECTION ( 'NONE',  ( -4.999362528151271919E-51, 0.000000000000000000, -1.000000000000000000 ) ) ;
#6548 = CARTESIAN_POINT ( 'NONE',  ( -24.72288135728549463, 585.8519589102874079, -532.0794211599639993 ) ) ;
#6549 = ORIENTED_EDGE ( 'NONE', *, *, #10016, .F. ) ;
#6550 = ORIENTED_EDGE ( 'NONE', *, *, #4385, .T. ) ;
#6551 = CARTESIAN_POINT ( 'NONE',  ( -1149.999999999999545, 577.2788963656200849, 628.4032655834930665 ) ) ;
#6552 = CARTESIAN_POINT ( 'NONE',  ( -1173.723444323197100, 929.8029184015023247, -162.9395152507083822 ) ) ;
#6553 = DIRECTION ( 'NONE',  ( 4.753142324176451439E-16, 4.015884846886308424E-16, 1.000000000000000000 ) ) ;
#6554 = ORIENTED_EDGE ( 'NONE', *, *, #5333, .T. ) ;
#6555 = ORIENTED_EDGE ( 'NONE', *, *, #992, .T. ) ;
#6556 = CARTESIAN_POINT ( 'NONE',  ( -1172.950098249432813, 661.6893292543813914, -548.9277077804973715 ) ) ;
#6557 = DIRECTION ( 'NONE',  ( 0.000000000000000000, 0.000000000000000000, -1.000000000000000000 ) ) ;
#6558 = CARTESIAN_POINT ( 'NONE',  ( -496.1977570899346688, 899.4812632068947096, 163.0062670423913858 ) ) ;
#6559 = CARTESIAN_POINT ( 'NONE',  ( -24.88709162446755840, 84.34813582649135810, -682.4494994425253935 ) ) ;
#6560 = TOROIDAL_SURFACE ( 'NONE', #1484, 100.0000000000000284, 25.00000000000000711 ) ;
#6561 = CARTESIAN_POINT ( 'NONE',  ( -23.45302295803563908, 579.0252356385897201, 534.3679079284889895 ) ) ;
#6562 = EDGE_CURVE ( 'NONE', #3335, #9568, #5686, .T. ) ;
#6563 = EDGE_LOOP ( 'NONE', ( #7080, #1040, #4272, #2594, #3239, #3814 ) ) ;
#6564 = AXIS2_PLACEMENT_3D ( 'NONE', #6927, #10095, #9380 ) ;
#6565 = ORIENTED_EDGE ( 'NONE', *, *, #3185, .F. ) ;
#6566 = DIRECTION ( 'NONE',  ( 0.000000000000000000, 0.000000000000000000, 1.000000000000000000 ) ) ;
#6567 = AXIS2_PLACEMENT_3D ( 'NONE', #908, #7237, #6314 ) ;
#6568 = CARTESIAN_POINT ( 'NONE',  ( -1172.704181825078194, 656.3044005356362049, -552.4893355897804668 ) ) ;
#6569 = LINE ( 'NONE', #2611, #7803 ) ;
#6570 = DIRECTION ( 'NONE',  ( -1.000000000000000000, 0.000000000000000000, 0.000000000000000000 ) ) ;
#6571 = EDGE_CURVE ( 'NONE', #1556, #8393, #2503, .T. ) ;
#6572 = CARTESIAN_POINT ( 'NONE',  ( -1173.750000000000227, 30.00000000000000711, 679.7499999999997726 ) ) ;
#6573 = CARTESIAN_POINT ( 'NONE',  ( -1129.225703772423458, 650.0995093787055339, 552.9949849791871657 ) ) ;
#6574 = AXIS2_PLACEMENT_3D ( 'NONE', #8016, #3256, #1666 ) ;
#6575 = ORIENTED_EDGE ( 'NONE', *, *, #7094, .F. ) ;
#6576 = CARTESIAN_POINT ( 'NONE',  ( -1131.137288195229075, 192.0894180455853473, 633.5814094862251977 ) ) ;
#6577 = ORIENTED_EDGE ( 'NONE', *, *, #2904, .T. ) ;
#6578 = DIRECTION ( 'NONE',  ( 3.552713678800510396E-15, -0.7071067811865452413, -0.7071067811865500152 ) ) ;
#6579 = LINE ( 'NONE', #9741, #6644 ) ;
#6580 = FACE_OUTER_BOUND ( 'NONE', #97, .T. ) ;
#6581 = ORIENTED_EDGE ( 'NONE', *, *, #3423, .F. ) ;
#6582 = CARTESIAN_POINT ( 'NONE',  ( -1174.999999999999773, 660.0000000000000000, -562.9128703017762518 ) ) ;
#6583 = ORIENTED_EDGE ( 'NONE', *, *, #2441, .T. ) ;
#6584 = DIRECTION ( 'NONE',  ( -4.614472616192961946E-16, 0.7071067811865480168, -0.7071067811865471286 ) ) ;
#6585 = CARTESIAN_POINT ( 'NONE',  ( -18.02512214797187085, 104.3561547050554879, 697.3235646745866916 ) ) ;
#6586 = CARTESIAN_POINT ( 'NONE',  ( -1173.750000000000000, 30.00000000000000711, -626.2500000000001137 ) ) ;
#6587 = CARTESIAN_POINT ( 'NONE',  ( -1134.748673926157835, 193.7579335418965343, 669.8093691808873018 ) ) ;
#6588 = LINE ( 'NONE', #6699, #2510 ) ;
#6590 = ADVANCED_FACE ( 'NONE', ( #8797, #8026, #7338, #8952, #5845 ), #9008, .T. ) ;
#6589 = CARTESIAN_POINT ( 'NONE',  ( -1126.296989223120590, 948.3123718664666058, -132.7325812361059434 ) ) ;
#6591 =( GEOMETRIC_REPRESENTATION_CONTEXT ( 3 ) GLOBAL_UNCERTAINTY_ASSIGNED_CONTEXT ( ( #4066 ) ) GLOBAL_UNIT_ASSIGNED_CONTEXT ( ( #5041, #9034, #1903 ) ) REPRESENTATION_CONTEXT ( 'NONE', 'WORKASPACE' ) );
#6592 = ORIENTED_EDGE ( 'NONE', *, *, #5152, .F. ) ;
#6593 = AXIS2_PLACEMENT_3D ( 'NONE', #6230, #136, #2328 ) ;
#6594 = CARTESIAN_POINT ( 'NONE',  ( -1127.676338165023708, 928.8637178559642962, -134.3072397938982476 ) ) ;
#6595 = CARTESIAN_POINT ( 'NONE',  ( -1126.122885091845092, 944.6562397036784660, -168.7027359007814482 ) ) ;
#6596 = CARTESIAN_POINT ( 'NONE',  ( -22.80877557107620390, 599.5678701301397950, 535.8995128436999948 ) ) ;
#6597 = CARTESIAN_POINT ( 'NONE',  ( -1173.172732931079736, 930.2249969854382243, -141.3124300423386046 ) ) ;
#6598 = CARTESIAN_POINT ( 'NONE',  ( -10.85932154459383092, 593.9565520334068651, 567.2128566690088292 ) ) ;
#6599 = CARTESIAN_POINT ( 'NONE',  ( -1174.999999999999773, 660.0000000000000000, -562.9128703017762518 ) ) ;
#6600 = EDGE_CURVE ( 'NONE', #1124, #5745, #5198, .T. ) ;
#6601 = CARTESIAN_POINT ( 'NONE',  ( -20.54116373278580099, 565.7218475910671032, -543.6590464530884219 ) ) ;
#6602 = ORIENTED_EDGE ( 'NONE', *, *, #2708, .F. ) ;
#6603 = VERTEX_POINT ( 'NONE', #4864 ) ;
#6604 = CARTESIAN_POINT ( 'NONE',  ( -13.36377304096872187, 584.8962922186292417, -574.9960711351523059 ) ) ;
#6605 = PRESENTATION_LAYER_ASSIGNMENT (  '', '', ( #5786 ) ) ;
#6606 = CIRCLE ( 'NONE', #7955, 4.999999999999838352 ) ;
#6607 = CARTESIAN_POINT ( 'NONE',  ( -1172.961811474836850, 927.6023491731272088, -164.9678242439546523 ) ) ;
#6608 = CYLINDRICAL_SURFACE ( 'NONE', #6259, 25.00000000000002132 ) ;
#6609 = EDGE_LOOP ( 'NONE', ( #10144, #3558, #222, #3456 ) ) ;
#6610 = ORIENTED_EDGE ( 'NONE', *, *, #745, .F. ) ;
#6611 = CARTESIAN_POINT ( 'NONE',  ( -13.64533886073913749, 587.7487010216951830, -571.8233355707093324 ) ) ;
#6612 = DIRECTION ( 'NONE',  ( 0.000000000000000000, 0.000000000000000000, -1.000000000000000000 ) ) ;
#6613 = CARTESIAN_POINT ( 'NONE',  ( -492.4209068129554225, 895.5846647903955500, 157.8692557407776746 ) ) ;
#6614 = CARTESIAN_POINT ( 'NONE',  ( -18.01116369897201253, 104.4284597929139551, -697.3417788881153001 ) ) ;
#6615 = VECTOR ( 'NONE', #7296, 1000.000000000000000 ) ;
#6616 = VECTOR ( 'NONE', #533, 1000.000000000000000 ) ;
#6617 = DIRECTION ( 'NONE',  ( -0.5786626424054275297, -0.8155670090706024222, 0.000000000000000000 ) ) ;
#6618 = ORIENTED_EDGE ( 'NONE', *, *, #799, .T. ) ;
#6619 = ORIENTED_EDGE ( 'NONE', *, *, #5544, .F. ) ;
#6620 = DIRECTION ( 'NONE',  ( 0.000000000000000000, 0.7071067811865475727, -0.7071067811865475727 ) ) ;
#6621 = CARTESIAN_POINT ( 'NONE',  ( -1563.041541306736235, 345.0000000000000000, -143.6010951158150704 ) ) ;
#6622 = DIRECTION ( 'NONE',  ( 0.8155670090706015340, -0.5786626424054290840, 0.000000000000000000 ) ) ;
#6623 = FACE_BOUND ( 'NONE', #8823, .T. ) ;
#6624 = CARTESIAN_POINT ( 'NONE',  ( 39.99999999999971578, 30.00000000000000711, -640.0000000000000000 ) ) ;
#6625 = CARTESIAN_POINT ( 'NONE',  ( -1127.109927929719788, 657.7285045641783654, 551.8898777188433087 ) ) ;
#6626 = ORIENTED_EDGE ( 'NONE', *, *, #8010, .F. ) ;
#6627 = CARTESIAN_POINT ( 'NONE',  ( -1127.916354323682071, 184.9032655639478833, 638.2730568807220379 ) ) ;
#6628 = ORIENTED_EDGE ( 'NONE', *, *, #411, .T. ) ;
#6629 = APPLICATION_CONTEXT ( 'automotive_design' ) ;
#6630 = CARTESIAN_POINT ( 'NONE',  ( -1134.224307053278835, 201.5341958193999687, 630.6058589868961235 ) ) ;
#6631 = DIRECTION ( 'NONE',  ( 0.000000000000000000, 0.000000000000000000, -1.000000000000000000 ) ) ;
#6632 = CARTESIAN_POINT ( 'NONE',  ( -1482.101636300528753, 344.9999999999999432, 173.2334895884946206 ) ) ;
#6633 = ORIENTED_EDGE ( 'NONE', *, *, #548, .F. ) ;
#6634 = CARTESIAN_POINT ( 'NONE',  ( -1141.012932363617438, 915.2345824318593941, 153.0184783518790255 ) ) ;
#6635 = ORIENTED_EDGE ( 'NONE', *, *, #6852, .T. ) ;
#6636 = DIRECTION ( 'NONE',  ( 0.000000000000000000, -1.000000000000000000, -2.220446049250311109E-15 ) ) ;
#6637 = DIRECTION ( 'NONE',  ( 1.000000000000000000, 0.000000000000000000, -0.000000000000000000 ) ) ;
#6638 = CARTESIAN_POINT ( 'NONE',  ( -19.69236642765146783, 113.8460239447568512, 695.4090814803350895 ) ) ;
#6639 = CARTESIAN_POINT ( 'NONE',  ( -1126.750661047974518, 216.0940332404333049, 659.2138527575750686 ) ) ;
#6640 = CARTESIAN_POINT ( 'NONE',  ( -20.81783875345946200, 116.8527956338075171, -666.1184948068143967 ) ) ;
#6641 = DIRECTION ( 'NONE',  ( -0.000000000000000000, -0.000000000000000000, -1.000000000000000000 ) ) ;
#6642 = ORIENTED_EDGE ( 'NONE', *, *, #8010, .T. ) ;
#6643 = EDGE_CURVE ( 'NONE', #1885, #2410, #7389, .T. ) ;
#6644 = VECTOR ( 'NONE', #8974, 1000.000000000000114 ) ;
#6645 = VECTOR ( 'NONE', #9785, 1000.000000000000000 ) ;
#6646 = EDGE_CURVE ( 'NONE', #5098, #4750, #6449, .T. ) ;
#6647 = ADVANCED_FACE ( 'NONE', ( #10097 ), #5537, .F. ) ;
#6648 = ORIENTED_EDGE ( 'NONE', *, *, #5195, .T. ) ;
#6649 = CIRCLE ( 'NONE', #3520, 125.0000000000000000 ) ;
#6650 = CARTESIAN_POINT ( 'NONE',  ( -1129.168180644965332, 926.1663595750518425, -136.3352100046240309 ) ) ;
#6651 = CARTESIAN_POINT ( 'NONE',  ( -1132.481732602219836, 956.0343510199982120, -158.9758431038657704 ) ) ;
#6652 = CARTESIAN_POINT ( 'NONE',  ( -22.37771979364107366, 600.2801719101992148, 536.5207499125720005 ) ) ;
#6653 = AXIS2_PLACEMENT_3D ( 'NONE', #2293, #4556, #2524 ) ;
#6654 = ADVANCED_FACE ( 'NONE', ( #1664 ), #8742, .F. ) ;
#6655 = DIRECTION ( 'NONE',  ( 0.000000000000000000, 1.000000000000000000, 0.000000000000000000 ) ) ;
#6656 = CARTESIAN_POINT ( 'NONE',  ( -1174.863805185058709, 936.0825065786917776, 152.4483233652578349 ) ) ;
#6657 = CARTESIAN_POINT ( 'NONE',  ( -24.99361664398566774, 120.2412827387008178, 679.4233088648530838 ) ) ;
#6658 = DIRECTION ( 'NONE',  ( -0.000000000000000000, 1.000000000000000000, 3.663341854709201164E-15 ) ) ;
#6659 = ORIENTED_EDGE ( 'NONE', *, *, #6083, .T. ) ;
#6660 = VERTEX_POINT ( 'NONE', #5390 ) ;
#6661 = CARTESIAN_POINT ( 'NONE',  ( -489.5111948463504064, 893.6948182276100852, 149.3755579595635652 ) ) ;
#6662 = FACE_OUTER_BOUND ( 'NONE', #10129, .T. ) ;
#6663 = AXIS2_PLACEMENT_3D ( 'NONE', #6957, #4546, #2377 ) ;
#6664 = CARTESIAN_POINT ( 'NONE',  ( -1174.443955891110363, 932.8068392735426642, -159.4425584011926276 ) ) ;
#6665 = DIRECTION ( 'NONE',  ( 0.000000000000000000, 0.000000000000000000, -1.000000000000000000 ) ) ;
#6666 = DIRECTION ( 'NONE',  ( 0.9959043170553903979, -0.08660037539612092106, -0.02598011261883533332 ) ) ;
#6667 = ORIENTED_EDGE ( 'NONE', *, *, #7164, .F. ) ;
#6668 = CARTESIAN_POINT ( 'NONE',  ( -1127.321308368494556, 663.8913978650546142, -546.4078986440543986 ) ) ;
#6669 = CARTESIAN_POINT ( 'NONE',  ( -1129.703271535546264, 954.2603577595867819, -141.8358203133269058 ) ) ;
#6670 = CARTESIAN_POINT ( 'NONE',  ( -494.9743311249077919, 897.9973731213871133, 161.4238529972246567 ) ) ;
#6671 = CARTESIAN_POINT ( 'NONE',  ( -24.66517412408574117, 84.70360571237667102, -684.2542559399727224 ) ) ;
#6672 = AXIS2_PLACEMENT_3D ( 'NONE', #6691, #1030, #4263 ) ;
#6673 = PLANE ( 'NONE',  #2149 ) ;
#6674 = ORIENTED_EDGE ( 'NONE', *, *, #2138, .F. ) ;
#6675 = DIRECTION ( 'NONE',  ( 0.000000000000000000, 0.000000000000000000, -1.000000000000000000 ) ) ;
#6676 = CARTESIAN_POINT ( 'NONE',  ( -1160.365333191410855, 639.4539766622825709, -550.1470869199375784 ) ) ;
#6677 = CARTESIAN_POINT ( 'NONE',  ( -1172.999999999999773, 660.0000000000000000, 562.9128703017762518 ) ) ;
#6678 = DIRECTION ( 'NONE',  ( -3.206204708786307771E-15, -0.7071067811865496822, 0.7071067811865453523 ) ) ;
#6679 = EDGE_CURVE ( 'NONE', #2751, #4494, #4810, .T. ) ;
#6680 = CARTESIAN_POINT ( 'NONE',  ( -1548.041541306736235, 334.9999999999999432, -183.6010951158152409 ) ) ;
#6681 = CARTESIAN_POINT ( 'NONE',  ( -1134.100888532040244, 643.3758637956237862, 551.4626817517922746 ) ) ;
#6682 = EDGE_LOOP ( 'NONE', ( #7395, #4205, #4595, #9188, #7686 ) ) ;
#6683 = CARTESIAN_POINT ( 'NONE',  ( -24.81336239777387220, 84.25614731625726961, -676.9354516894720746 ) ) ;
#6684 = ORIENTED_EDGE ( 'NONE', *, *, #9028, .F. ) ;
#6685 = CIRCLE ( 'NONE', #7342, 76.99999999999917577 ) ;
#6686 = ADVANCED_FACE ( 'NONE', ( #3021 ), #3158, .T. ) ;
#6687 = CARTESIAN_POINT ( 'NONE',  ( -1125.763805154024340, 216.8001895996466146, 643.8309079480337687 ) ) ;
#6688 = CARTESIAN_POINT ( 'NONE',  ( -24.93276459083385888, 120.2036409009498499, 678.0663101065961200 ) ) ;
#6689 = CARTESIAN_POINT ( 'NONE',  ( -388.8965832833728200, 846.6413153346560421, -466.3055126365024421 ) ) ;
#6690 = VERTEX_POINT ( 'NONE', #3114 ) ;
#6691 = CARTESIAN_POINT ( 'NONE',  ( -2.927147495130478761E-14, 570.7106781186548687, -559.2893218813454723 ) ) ;
#6692 = EDGE_LOOP ( 'NONE', ( #6324, #2457, #8444, #3788 ) ) ;
#6693 = AXIS2_PLACEMENT_3D ( 'NONE', #8504, #4673, #6940 ) ;
#6694 = CARTESIAN_POINT ( 'NONE',  ( -1190.000000000000227, 30.00000000000000711, 0.000000000000000000 ) ) ;
#6695 = CARTESIAN_POINT ( 'NONE',  ( -1126.142366558469121, 181.8033030539558297, -642.5096514114751471 ) ) ;
#6696 = CIRCLE ( 'NONE', #8844, 6.000000000000116351 ) ;
#6697 = CARTESIAN_POINT ( 'NONE',  ( -17.99867853565523390, 110.7021966088994134, 697.3654166039028723 ) ) ;
#6698 = CARTESIAN_POINT ( 'NONE',  ( -1125.715375453030447, 217.2388387213705414, 656.0925497272241955 ) ) ;
#6699 = CARTESIAN_POINT ( 'NONE',  ( -1132.807944931304746, 928.7093197963546345, 149.8625354325497483 ) ) ;
#6700 = CYLINDRICAL_SURFACE ( 'NONE', #6663, 20.00000000000001776 ) ;
#6701 = VERTEX_POINT ( 'NONE', #1620 ) ;
#6702 = EDGE_LOOP ( 'NONE', ( #8945, #9479, #2372, #9920, #8419 ) ) ;
#6703 = ADVANCED_FACE ( 'NONE', ( #3936, #2301 ), #9381, .F. ) ;
#6704 = CARTESIAN_POINT ( 'NONE',  ( -1125.090129892974574, 939.3364449431090861, -169.8178216083103962 ) ) ;
#6705 = CARTESIAN_POINT ( 'NONE',  ( -23.99007577894028032, 596.7751444553384772, 534.3238977356189707 ) ) ;
#6706 = FACE_OUTER_BOUND ( 'NONE', #8549, .T. ) ;
#6707 = EDGE_CURVE ( 'NONE', #5498, #5359, #10138, .T. ) ;
#6708 = CIRCLE ( 'NONE', #8373, 20.00000000000001776 ) ;
#6709 = CARTESIAN_POINT ( 'NONE',  ( -1159.015512407435381, 913.6168231908347934, 170.1226671691124750 ) ) ;
#6710 = CARTESIAN_POINT ( 'NONE',  ( -17.72781196150256378, 111.9254388383320276, 662.3494780970949023 ) ) ;
#6711 = CARTESIAN_POINT ( 'NONE',  ( -1548.041541306736235, 334.9999999999999432, 188.6010951158155819 ) ) ;
#6712 = ADVANCED_FACE ( 'NONE', ( #7135 ), #9475, .F. ) ;
#6713 = ORIENTED_EDGE ( 'NONE', *, *, #5133, .T. ) ;
#6714 = ORIENTED_EDGE ( 'NONE', *, *, #3821, .T. ) ;
#6715 = EDGE_CURVE ( 'NONE', #9698, #4791, #1229, .T. ) ;
#6716 = MECHANICAL_DESIGN_GEOMETRIC_PRESENTATION_REPRESENTATION (  '', ( #4754 ), #5244 ) ;
#6717 = CARTESIAN_POINT ( 'NONE',  ( -498.3342075108853351, 903.1427317474930305, 134.3160144943363719 ) ) ;
#6718 = DIRECTION ( 'NONE',  ( 0.000000000000000000, 0.000000000000000000, -1.000000000000000000 ) ) ;
#6719 = CARTESIAN_POINT ( 'NONE',  ( -1154.322145381478322, 912.4974019689252600, -168.1969978039795706 ) ) ;
#6720 = DIRECTION ( 'NONE',  ( -0.000000000000000000, 1.000000000000000000, -0.000000000000000000 ) ) ;
#6721 = ORIENTED_EDGE ( 'NONE', *, *, #7814, .F. ) ;
#6722 = ORIENTED_EDGE ( 'NONE', *, *, #2259, .F. ) ;
#6723 = CARTESIAN_POINT ( 'NONE',  ( -1138.069095402579251, 679.6674088442041466, -519.3169643449268733 ) ) ;
#6724 = CARTESIAN_POINT ( 'NONE',  ( -1125.007178915935810, 177.7967039538319511, -649.3069001944586489 ) ) ;
#6725 = FACE_BOUND ( 'NONE', #2104, .T. ) ;
#6726 = DIRECTION ( 'NONE',  ( 0.000000000000000000, 0.000000000000000000, 1.000000000000000000 ) ) ;
#6727 = EDGE_LOOP ( 'NONE', ( #2383, #2929 ) ) ;
#6728 = ORIENTED_EDGE ( 'NONE', *, *, #5987, .F. ) ;
#6729 = DIRECTION ( 'NONE',  ( 0.000000000000000000, 1.000000000000000000, 0.000000000000000000 ) ) ;
#6730 = CARTESIAN_POINT ( 'NONE',  ( -1143.493341476339538, 914.6472499256033188, 150.4654232975392745 ) ) ;
#6731 = FACE_BOUND ( 'NONE', #7616, .T. ) ;
#6732 = CARTESIAN_POINT ( 'NONE',  ( 22.99999999999971934, 40.00000000000000000, 680.0000000000000000 ) ) ;
#6733 = DIRECTION ( 'NONE',  ( 1.116749440508159893E-15, -0.7071067811865496822, 0.7071067811865453523 ) ) ;
#6734 = CYLINDRICAL_SURFACE ( 'NONE', #4034, 25.00000000000000711 ) ;
#6735 = ORIENTED_EDGE ( 'NONE', *, *, #2005, .T. ) ;
#6736 = CARTESIAN_POINT ( 'NONE',  ( -1125.513019356268615, 217.4450682738888361, -655.0501000527307269 ) ) ;
#6737 = ORIENTED_EDGE ( 'NONE', *, *, #2881, .T. ) ;
#6738 = VECTOR ( 'NONE', #4538, 1000.000000000000000 ) ;
#6739 = CARTESIAN_POINT ( 'NONE',  ( -1131.902456744193614, 189.0940049272715839, 632.7365332246641856 ) ) ;
#6740 = DIRECTION ( 'NONE',  ( -1.110223024625143327E-15, -7.395570986447166969E-31, 1.000000000000000000 ) ) ;
#6741 = EDGE_CURVE ( 'NONE', #5372, #9781, #847, .T. ) ;
#6742 = DIRECTION ( 'NONE',  ( 1.000000000000000000, 0.000000000000000000, 0.000000000000000000 ) ) ;
#6743 = CIRCLE ( 'NONE', #1320, 73.00000000000007105 ) ;
#6744 = CARTESIAN_POINT ( 'NONE',  ( -12.39588558054660616, 586.0622581786029741, 574.6409019412936914 ) ) ;
#6745 = ORIENTED_EDGE ( 'NONE', *, *, #3414, .F. ) ;
#6746 = DIRECTION ( 'NONE',  ( 1.000000000000000000, 0.000000000000000000, 0.000000000000000000 ) ) ;
#6747 = CARTESIAN_POINT ( 'NONE',  ( -1126.488299536428940, 182.3909583381295363, -641.4857803223447945 ) ) ;
#6748 = AXIS2_PLACEMENT_3D ( 'NONE', #1465, #9221, #7821 ) ;
#6749 = CARTESIAN_POINT ( 'NONE',  ( -22.91602969116399535, 119.0013789882637099, 690.0105444601415456 ) ) ;
#6750 = CARTESIAN_POINT ( 'NONE',  ( -1125.078171029535270, 217.8621439811086020, 652.0061875423281208 ) ) ;
#6751 = DIRECTION ( 'NONE',  ( 0.000000000000000000, 0.000000000000000000, -1.000000000000000000 ) ) ;
#6752 = CARTESIAN_POINT ( 'NONE',  ( -1134.023083496092113, 958.2869658821153962, -149.1632709371613998 ) ) ;
#6753 = VERTEX_POINT ( 'NONE', #3783 ) ;
#6754 = AXIS2_PLACEMENT_3D ( 'NONE', #5012, #6553, #9005 ) ;
#6755 = VERTEX_POINT ( 'NONE', #9516 ) ;
#6756 = CARTESIAN_POINT ( 'NONE',  ( -1126.949838046175273, 947.1052808068194508, -167.7052629479636607 ) ) ;
#6757 = CARTESIAN_POINT ( 'NONE',  ( -24.49037430655748082, 594.8624605515283292, 533.7476187661087579 ) ) ;
#6758 = CARTESIAN_POINT ( 'NONE',  ( 10.41592756329768044, 585.3908842819258780, 559.2893218813455860 ) ) ;
#6759 = CARTESIAN_POINT ( 'NONE',  ( -1126.414531555747089, 931.9716463933920068, -132.8694247847328711 ) ) ;
#6760 = CARTESIAN_POINT ( 'NONE',  ( -1167.569030838209073, 919.1679661714948679, 170.1547108875382150 ) ) ;
#6761 = CARTESIAN_POINT ( 'NONE',  ( -23.01718255936329172, 84.17116151718167316, 670.2224353707871387 ) ) ;
#6762 = CIRCLE ( 'NONE', #5288, 6.000000000000005329 ) ;
#6763 = CARTESIAN_POINT ( 'NONE',  ( -488.0121001770307316, 929.6555221688518031, 149.9982127635803124 ) ) ;
#6764 = ORIENTED_EDGE ( 'NONE', *, *, #7864, .F. ) ;
#6765 = VERTEX_POINT ( 'NONE', #6930 ) ;
#6766 = DIRECTION ( 'NONE',  ( 1.000000000000000000, -0.000000000000000000, 0.000000000000000000 ) ) ;
#6767 = PLANE ( 'NONE',  #3918 ) ;
#6768 = CARTESIAN_POINT ( 'NONE',  ( -23.75000000000011724, 30.00000000000000711, 709.7500000000001137 ) ) ;
#6769 = CARTESIAN_POINT ( 'NONE',  ( -1125.575539043889876, 945.6322737423333820, 133.5882301639624359 ) ) ;
#6770 = DIRECTION ( 'NONE',  ( 0.000000000000000000, 1.000000000000000000, 0.000000000000000000 ) ) ;
#6771 = CARTESIAN_POINT ( 'NONE',  ( -1150.000000000000227, 200.0000000000000284, -650.0000000000011369 ) ) ;
#6772 = VERTEX_POINT ( 'NONE', #4619 ) ;
#6773 = EDGE_CURVE ( 'NONE', #7561, #316, #3526, .T. ) ;
#6774 = CARTESIAN_POINT ( 'NONE',  ( -1142.794183476976059, 681.8471737817465055, -515.0774337856440752 ) ) ;
#6775 = CARTESIAN_POINT ( 'NONE',  ( -1125.742764505233026, 178.9831585984111371, -643.9425532900086182 ) ) ;
#6776 = CARTESIAN_POINT ( 'NONE',  ( -498.4394417679889671, 919.1647152798473144, 133.4477378710229516 ) ) ;
#6777 = CARTESIAN_POINT ( 'NONE',  ( -1158.525921316680069, 916.7132298834986841, 133.1075989725983391 ) ) ;
#6778 = ORIENTED_EDGE ( 'NONE', *, *, #4855, .T. ) ;
#6780 = ADVANCED_FACE ( 'NONE', ( #3889 ), #6257, .F. ) ;
#6779 = VECTOR ( 'NONE', #2467, 1000.000000000000000 ) ;
#6781 = ORIENTED_EDGE ( 'NONE', *, *, #1526, .F. ) ;
#6782 = CARTESIAN_POINT ( 'NONE',  ( 24.99999999999971578, 408.5786437626903762, -680.0000000000000000 ) ) ;
#6784 = LINE ( 'NONE', #6059, #5314 ) ;
#6783 = AXIS2_PLACEMENT_3D ( 'NONE', #9159, #418, #7594 ) ;
#6785 = CARTESIAN_POINT ( 'NONE',  ( -1149.999999999999773, 2.364775042451583431E-11, 649.9999999999995453 ) ) ;
#6786 = DIRECTION ( 'NONE',  ( 0.000000000000000000, 0.000000000000000000, 1.000000000000000000 ) ) ;
#6787 = CARTESIAN_POINT ( 'NONE',  ( -25.00226877596642083, 82.10784133317736178, -680.0922813050619880 ) ) ;
#6788 = CARTESIAN_POINT ( 'NONE',  ( -1135.817865655387095, 641.8769492059411732, 550.9856038006950030 ) ) ;
#6789 = ORIENTED_EDGE ( 'NONE', *, *, #5345, .T. ) ;
#6790 = CARTESIAN_POINT ( 'NONE',  ( -1135.360708625858933, 200.9326557096445356, -670.2656531213159496 ) ) ;
#6791 = VERTEX_POINT ( 'NONE', #8597 ) ;
#6792 = CIRCLE ( 'NONE', #7275, 5.999999999999894307 ) ;
#6793 = CARTESIAN_POINT ( 'NONE',  ( -1125.141896606020964, 178.0497499693077827, 647.2530381385774945 ) ) ;
#6794 = AXIS2_PLACEMENT_3D ( 'NONE', #3417, #3472, #4973 ) ;
#6795 = CARTESIAN_POINT ( 'NONE',  ( -1132.690285883159731, 202.3779533541580520, 668.0388252864430569 ) ) ;
#6796 = CARTESIAN_POINT ( 'NONE',  ( -1135.731535893794899, 918.3234210549438785, 149.8656321134628229 ) ) ;
#6797 = EDGE_CURVE ( 'NONE', #5070, #7201, #72, .T. ) ;
#6798 = TOROIDAL_SURFACE ( 'NONE', #4316, 99.99999999999995737, 25.00000000000000711 ) ;
#6799 = CARTESIAN_POINT ( 'NONE',  ( 0.000000000000000000, 30.00000000000000711, -720.0000000000000000 ) ) ;
#6800 =( BOUNDED_CURVE ( )  B_SPLINE_CURVE ( 3, ( #7589, #1407, #6811, #4495 ),
 .UNSPECIFIED., .F., .F. ) 
 B_SPLINE_CURVE_WITH_KNOTS ( ( 4, 4 ),
 ( 3.199294247969469485, 6.340886901559262157 ),
 .UNSPECIFIED. ) 
 CURVE ( )  GEOMETRIC_REPRESENTATION_ITEM ( )  RATIONAL_B_SPLINE_CURVE ( ( 1.000000000000000000, 0.3333333333333335369, 0.3333333333333335369, 1.000000000000000000 ) ) 
 REPRESENTATION_ITEM ( '' )  );
#6801 = FACE_BOUND ( 'NONE', #5587, .T. ) ;
#6802 = ORIENTED_EDGE ( 'NONE', *, *, #5944, .F. ) ;
#6803 = CARTESIAN_POINT ( 'NONE',  ( -1149.999999999999545, 892.0461840472281665, -379.2016327917505691 ) ) ;
#6804 = CARTESIAN_POINT ( 'NONE',  ( -1129.029870757736035, 187.0182729496785896, -636.3667041265896387 ) ) ;
#6805 = CARTESIAN_POINT ( 'NONE',  ( -21.27222714209255372, 87.16366658808362899, 693.1757547950700200 ) ) ;
#6806 = CARTESIAN_POINT ( 'NONE',  ( -1125.596575716860571, 178.3744346370150708, 655.4707890622512423 ) ) ;
#6807 = VECTOR ( 'NONE', #4249, 1000.000000000000114 ) ;
#6808 = CARTESIAN_POINT ( 'NONE',  ( -22.08420973413146271, 85.27016452235702104, -668.2791314141861676 ) ) ;
#6809 = CARTESIAN_POINT ( 'NONE',  ( -1126.949024915584914, 949.9580142670432679, -133.8219427225116078 ) ) ;
#6810 = ORIENTED_EDGE ( 'NONE', *, *, #2931, .F. ) ;
#6811 = CARTESIAN_POINT ( 'NONE',  ( -1523.981446312944627, 345.0000000000000568, -209.9899419033696120 ) ) ;
#6812 = EDGE_CURVE ( 'NONE', #446, #351, #3202, .T. ) ;
#6813 = ORIENTED_EDGE ( 'NONE', *, *, #8855, .T. ) ;
#6814 = B_SPLINE_CURVE_WITH_KNOTS ( 'NONE', 3,
 ( #8511, #3701, #9292, #3798, #5299, #4535, #10013, #7681, #2272, #1539, #6171, #1486, #7005, #500, #4681, #10169, #9395, #4633, #7782, #3648, #9350, #5452, #6849, #3083, #9965, #6224, #10060, #612, #715, #3747, #3033, #5250, #4583, #6795, #3853, #2220, #7631, #2319, #9192, #4480, #8406, #2932, #8461, #2883, #5403, #8562, #6022, #2116, #1335, #6068, #9240, #2172, #1439, #6895, #1391, #2980, #6119, #5354, #7728, #660 ),
 .UNSPECIFIED., .F., .F.,
 ( 4, 2, 2, 2, 2, 2, 2, 2, 2, 2, 2, 2, 2, 2, 2, 2, 2, 2, 2, 2, 2, 2, 2, 2, 2, 2, 2, 2, 2, 4 ),
 ( 0.05876870663312089293, 0.06060302944317990520, 0.06243735225323892440, 0.06610599787335727506, 0.06794032068341644692, 0.06977464349347561878, 0.07160896630353479064, 0.07344328911359396250, 0.07711193473371263929, 0.07894625754377193605, 0.08078058035383123281, 0.08261490316389054345, 0.08444922597394984021, 0.08811787159406844760, 0.08903503299909812374, 0.08995219440412779988, 0.09178651721418715215, 0.09362084002424650442, 0.09545516283430587057, 0.09728948564436523672, 0.09912380845442458899, 0.1027924540745432380, 0.1046267768846025764, 0.1064610996946619148, 0.1101297453147808136, 0.1110469067198105036, 0.1119640681248401659, 0.1137983909348993794, 0.1156327137449585929, 0.1174670365550178064 ),
 .UNSPECIFIED. ) ;
#6815 = CARTESIAN_POINT ( 'NONE',  ( -1137.985950506134486, 679.6291754121496069, 519.3914904859013859 ) ) ;
#6816 = DIRECTION ( 'NONE',  ( 1.000000000000000000, 0.000000000000000000, 4.625929269271490844E-16 ) ) ;
#6817 = CARTESIAN_POINT ( 'NONE',  ( -1174.302722305311136, 933.1410187189006820, -148.6733192352100446 ) ) ;
#6818 = CARTESIAN_POINT ( 'NONE',  ( -1125.898060504531259, 933.6779983687875983, -132.3647237275302189 ) ) ;
#6819 = VECTOR ( 'NONE', #7436, 1000.000000000000000 ) ;
#6820 = CARTESIAN_POINT ( 'NONE',  ( -500.0430627306077440, 910.6858697012212360, -167.6816570215661670 ) ) ;
#6821 = CARTESIAN_POINT ( 'NONE',  ( -14.49448273197874926, 102.1696054312736237, 659.6306556466722668 ) ) ;
#6822 = CLOSED_SHELL ( 'NONE', ( #8861, #7408, #8186, #546, #4092, #4241, #1041 ) ) ;
#6823 = DIRECTION ( 'NONE',  ( -1.144917494144692682E-16, 1.000000000000000000, -5.204170427930422824E-18 ) ) ;
#6824 = ORIENTED_EDGE ( 'NONE', *, *, #4070, .F. ) ;
#6825 = CIRCLE ( 'NONE', #2392, 25.00000000000002842 ) ;
#6826 = ORIENTED_EDGE ( 'NONE', *, *, #1959, .F. ) ;
#6827 = AXIS2_PLACEMENT_3D ( 'NONE', #8456, #1388, #9346 ) ;
#6828 = CARTESIAN_POINT ( 'NONE',  ( -1125.566297837359343, 942.6947088894274884, 167.2345298604593893 ) ) ;
#6829 = PLANE ( 'NONE',  #2203 ) ;
#6830 = CARTESIAN_POINT ( 'NONE',  ( -1150.000000000000227, 563.0023460702755074, -610.3705144992993610 ) ) ;
#6831 = CARTESIAN_POINT ( 'NONE',  ( -1155.992315761049895, 682.2111504555035708, -514.3650736146241798 ) ) ;
#6832 = CARTESIAN_POINT ( 'NONE',  ( -1125.330044000454564, 178.3517822323563564, -645.8950197701475417 ) ) ;
#6833 = DIRECTION ( 'NONE',  ( -0.000000000000000000, 1.000000000000000000, 3.663341854709201164E-15 ) ) ;
#6834 = VERTEX_POINT ( 'NONE', #2446 ) ;
#6835 = EDGE_CURVE ( 'NONE', #5540, #7380, #4666, .T. ) ;
#6836 = CARTESIAN_POINT ( 'NONE',  ( -382.2133178733678847, 841.8993922565548473, 431.2505824699653658 ) ) ;
#6837 = DIRECTION ( 'NONE',  ( 0.9959043170553905089, -0.08660037539612093493, 0.02598011261883533679 ) ) ;
#6838 = CARTESIAN_POINT ( 'NONE',  ( -1125.007364814630137, 217.9021993414725671, 650.6067837267336245 ) ) ;
#6839 = DIRECTION ( 'NONE',  ( 2.498001805406602216E-16, -4.718447854656915297E-16, 1.000000000000000000 ) ) ;
#6840 = CARTESIAN_POINT ( 'NONE',  ( -20.18493870832557135, 88.75209651199864425, -694.7590255758698277 ) ) ;
#6841 = DIRECTION ( 'NONE',  ( 0.04118683666227688361, 0.9991514622347079655, 0.000000000000000000 ) ) ;
#6843 = EDGE_CURVE ( 'NONE', #7044, #8393, #8065, .T. ) ;
#6842 = EDGE_LOOP ( 'NONE', ( #2921, #3574, #8092, #3394, #9320, #5286 ) ) ;
#6844 = CARTESIAN_POINT ( 'NONE',  ( -1526.308102424745812, 345.0000000000000568, -174.0095457017267790 ) ) ;
#6845 = ADVANCED_FACE ( 'NONE', ( #9769 ), #1240, .T. ) ;
#6846 = VERTEX_POINT ( 'NONE', #116 ) ;
#6847 = ADVANCED_FACE ( 'NONE', ( #4856 ), #311, .F. ) ;
#6848 = CYLINDRICAL_SURFACE ( 'NONE', #632, 6.000000000000116351 ) ;
#6849 = CARTESIAN_POINT ( 'NONE',  ( -1132.033374316860318, 192.1838346187321633, 667.3856761044640962 ) ) ;
#6850 = LINE ( 'NONE', #9193, #10137 ) ;
#6851 = DIRECTION ( 'NONE',  ( 0.08662961636484026173, 0.9962405881956830633, 0.000000000000000000 ) ) ;
#6852 = EDGE_CURVE ( 'NONE', #624, #4968, #1304, .T. ) ;
#6853 = CARTESIAN_POINT ( 'NONE',  ( -2.880137398330167607E-13, 30.00000000000000711, 705.0000000000001137 ) ) ;
#6854 = VERTEX_POINT ( 'NONE', #1718 ) ;
#6855 = LINE ( 'NONE', #4588, #6956 ) ;
#6856 = CARTESIAN_POINT ( 'NONE',  ( -1125.543732628567568, 180.7913486119774689, -644.6910225683851650 ) ) ;
#6857 = CYLINDRICAL_SURFACE ( 'NONE', #7104, 17.99999999999999645 ) ;
#6858 = CARTESIAN_POINT ( 'NONE',  ( -1149.513423058929902, 914.8433657117151370, -137.8129795789225227 ) ) ;
#6859 = DIRECTION ( 'NONE',  ( 0.000000000000000000, 0.000000000000000000, -1.000000000000000000 ) ) ;
#6860 = CARTESIAN_POINT ( 'NONE',  ( -1151.621313394299932, 915.2082544655283982, 133.6772114026770453 ) ) ;
#6861 = VERTEX_POINT ( 'NONE', #163 ) ;
#6862 = EDGE_CURVE ( 'NONE', #3331, #9554, #397, .T. ) ;
#6863 = CARTESIAN_POINT ( 'NONE',  ( -495.6341478344754137, 923.8503635208566038, -136.1982413126461040 ) ) ;
#6864 = CIRCLE ( 'NONE', #2260, 6.000000000000005329 ) ;
#6865 = ORIENTED_EDGE ( 'NONE', *, *, #2742, .T. ) ;
#6866 = CARTESIAN_POINT ( 'NONE',  ( -1139.380961224576367, 680.4175886942620082, 517.8640546561907740 ) ) ;
#6867 = CARTESIAN_POINT ( 'NONE',  ( -14.92750906955663304, 603.2301649614406642, 549.8777449004068103 ) ) ;
#6868 = CARTESIAN_POINT ( 'NONE',  ( -24.12981324868443167, 565.7607739907681434, -554.9828171696536856 ) ) ;
#6869 = CARTESIAN_POINT ( 'NONE',  ( -1174.444173386681769, 932.8078940174365243, 159.4412428003321907 ) ) ;
#6870 = CARTESIAN_POINT ( 'NONE',  ( -1126.250000000000455, 30.00000000000000711, -679.7499999999998863 ) ) ;
#6871 = CARTESIAN_POINT ( 'NONE',  ( -490.3176280489427654, 928.4756029594002484, 156.6735424176085871 ) ) ;
#6872 = ORIENTED_EDGE ( 'NONE', *, *, #3973, .F. ) ;
#6873 = EDGE_CURVE ( 'NONE', #1527, #5504, #903, .T. ) ;
#6874 = ORIENTED_EDGE ( 'NONE', *, *, #7433, .F. ) ;
#6875 = CARTESIAN_POINT ( 'NONE',  ( -1126.494584775457952, 946.0384607171293965, 165.9663115785255059 ) ) ;
#6876 = FACE_OUTER_BOUND ( 'NONE', #9867, .T. ) ;
#6877 = CARTESIAN_POINT ( 'NONE',  ( -19.97147834269558686, 602.7691694319390763, -540.2978408280367830 ) ) ;
#6878 = CYLINDRICAL_SURFACE ( 'NONE', #7077, 6.000000000000005329 ) ;
#6879 = DIRECTION ( 'NONE',  ( 0.000000000000000000, 0.000000000000000000, -1.000000000000000000 ) ) ;
#6880 = DIRECTION ( 'NONE',  ( 0.000000000000000000, -1.000000000000000000, 0.000000000000000000 ) ) ;
#6881 = CARTESIAN_POINT ( 'NONE',  ( -1137.406263252957842, 679.2497077874971865, -520.1234998929151061 ) ) ;
#6882 = CARTESIAN_POINT ( 'NONE',  ( -1125.000071009942985, 177.7506211650121486, -650.3511725313503575 ) ) ;
#6883 = CARTESIAN_POINT ( 'NONE',  ( -1110.000000000000000, 30.00000000000000711, -689.9999999999997726 ) ) ;
#6884 = VERTEX_POINT ( 'NONE', #9614 ) ;
#6885 = CARTESIAN_POINT ( 'NONE',  ( -1125.454272728430851, 942.1380080816287546, -167.3667975774340562 ) ) ;
#6886 = CARTESIAN_POINT ( 'NONE',  ( 3.933969144701306004E-14, 570.7106781186545277, 559.2893218813455860 ) ) ;
#6887 = CARTESIAN_POINT ( 'NONE',  ( -1126.250000000000455, 40.00000000000000000, -673.7499999999996589 ) ) ;
#6888 = DIRECTION ( 'NONE',  ( 0.000000000000000000, 0.000000000000000000, -1.000000000000000000 ) ) ;
#6889 = CARTESIAN_POINT ( 'NONE',  ( -1174.853940415094485, 936.2580994734809110, -149.4133725701851176 ) ) ;
#6890 = DIRECTION ( 'NONE',  ( 0.000000000000000000, -1.000000000000000000, 0.000000000000000000 ) ) ;
#6891 = SURFACE_SIDE_STYLE ('',( #7675 ) ) ;
#6892 = ORIENTED_EDGE ( 'NONE', *, *, #8201, .T. ) ;
#6893 = CARTESIAN_POINT ( 'NONE',  ( -1124.992611105507876, 179.7575196742986066, 650.0797618955565440 ) ) ;
#6894 = DIRECTION ( 'NONE',  ( 0.000000000000000000, 0.000000000000000000, -1.000000000000000000 ) ) ;
#6895 = CARTESIAN_POINT ( 'NONE',  ( -1125.590678748299979, 215.2918666741152833, 655.4350861084112694 ) ) ;
#6896 = CARTESIAN_POINT ( 'NONE',  ( -1149.130891122624234, 912.7490163739652189, 161.8361564913271877 ) ) ;
#6897 = CARTESIAN_POINT ( 'NONE',  ( 9.980836515789735480E-15, 500.0000000000000000, -488.5786437626906604 ) ) ;
#6898 = CARTESIAN_POINT ( 'NONE',  ( -12.86903666008275238, 585.4773480914410584, 574.8437584143432559 ) ) ;
#6899 = VERTEX_POINT ( 'NONE', #2591 ) ;
#6900 = CARTESIAN_POINT ( 'NONE',  ( -1149.999999999999773, 577.2788963656111036, 628.4032655835001151 ) ) ;
#6901 = CARTESIAN_POINT ( 'NONE',  ( -1127.063700656580522, 183.3822667932583670, -640.0405416388459798 ) ) ;
#6902 = CARTESIAN_POINT ( 'NONE',  ( -20.38502354440283071, 88.45499132014467136, 694.4819838280291151 ) ) ;
#6903 = CARTESIAN_POINT ( 'NONE',  ( 3.038872858745776688E-14, 479.2893218813453018, 650.7106781186548687 ) ) ;
#6904 = FACE_BOUND ( 'NONE', #6440, .T. ) ;
#6905 = CARTESIAN_POINT ( 'NONE',  ( -1172.470357193403061, 929.0067250078139978, 136.4756740491981191 ) ) ;
#6906 = ORIENTED_EDGE ( 'NONE', *, *, #9958, .T. ) ;
#6907 = CARTESIAN_POINT ( 'NONE',  ( -488.3071275465763392, 929.5246841668840716, -147.4406629200550185 ) ) ;
#6908 = ORIENTED_EDGE ( 'NONE', *, *, #811, .F. ) ;
#6909 = AXIS2_PLACEMENT_3D ( 'NONE', #7897, #5659, #1549 ) ;
#6910 = ORIENTED_EDGE ( 'NONE', *, *, #4238, .T. ) ;
#6911 = CIRCLE ( 'NONE', #4612, 4.999999999999838352 ) ;
#6912 = EDGE_CURVE ( 'NONE', #54, #1679, #4631, .T. ) ;
#6913 = CARTESIAN_POINT ( 'NONE',  ( -1129.484867183579809, 670.4695012072240843, 536.3559335028417081 ) ) ;
#6914 = CARTESIAN_POINT ( 'NONE',  ( -1126.250000000000227, 40.00000000000000000, -620.2499999999995453 ) ) ;
#6915 = AXIS2_PLACEMENT_3D ( 'NONE', #5388, #591, #427 ) ;
#6916 = CARTESIAN_POINT ( 'NONE',  ( -1169.178254233456073, 924.0409982310776513, -134.9484534149855506 ) ) ;
#6917 = AXIS2_PLACEMENT_3D ( 'NONE', #4460, #1467, #6053 ) ;
#6918 = DIRECTION ( 'NONE',  ( 0.000000000000000000, 1.000000000000000000, 0.000000000000000000 ) ) ;
#6919 = CARTESIAN_POINT ( 'NONE',  ( -1143.417904685731401, 915.4678553858210535, -141.0121113807848303 ) ) ;
#6920 = CARTESIAN_POINT ( 'NONE',  ( -496.6151253622630293, 922.5229008644046189, 164.6149802854328641 ) ) ;
#6921 = VERTEX_POINT ( 'NONE', #8271 ) ;
#6922 = ORIENTED_EDGE ( 'NONE', *, *, #1852, .F. ) ;
#6923 = CARTESIAN_POINT ( 'NONE',  ( -1129.708706405237081, 952.6525071523693668, 160.4816390854646500 ) ) ;
#6924 = SURFACE_STYLE_FILL_AREA ( #8540 ) ;
#6925 = CARTESIAN_POINT ( 'NONE',  ( -24.97572312834961039, 590.7910847852905363, -533.4220953529833196 ) ) ;
#6926 = CARTESIAN_POINT ( 'NONE',  ( -1129.705166447110742, 954.2478249993567943, 141.8816813321020334 ) ) ;
#6927 = CARTESIAN_POINT ( 'NONE',  ( -2.927147495130478761E-14, 570.7106781186548687, -559.2893218813454723 ) ) ;
#6928 = DIRECTION ( 'NONE',  ( 0.000000000000000000, 0.000000000000000000, -1.000000000000000000 ) ) ;
#6929 = ADVANCED_FACE ( 'NONE', ( #8429 ), #8323, .F. ) ;
#6930 = CARTESIAN_POINT ( 'NONE',  ( -1458.041541306736235, 334.9999999999999432, -163.6010951158149282 ) ) ;
#6931 = CARTESIAN_POINT ( 'NONE',  ( -1130.435743796479983, 210.3180345421229163, -634.4079385425318378 ) ) ;
#6932 = DIRECTION ( 'NONE',  ( 1.659227894316332837E-15, 0.7840326558350207975, -0.6207195780578245170 ) ) ;
#6933 = ORIENTED_EDGE ( 'NONE', *, *, #3481, .F. ) ;
#6934 = DIRECTION ( 'NONE',  ( -4.872322894325868391E-15, 0.2000000000001065370, 0.9797958971132496586 ) ) ;
#6935 = AXIS2_PLACEMENT_3D ( 'NONE', #5374, #735, #4500 ) ;
#6936 = B_SPLINE_CURVE_WITH_KNOTS ( 'NONE', 3,
 ( #5697, #326, #4091, #9011, #6559, #6671, #9836, #4914, #9726, #5797, #1778, #3316, #1065, #8082, #2761, #8182, #1112, #8804, #4240, #3465, #4298, #7244, #5848, #1881, #9634, #2710, #3363, #8955, #4141, #7341, #6614, #7293, #228, #6509, #8901, #1932, #1731, #7392, #5067, #8234, #4868, #8030, #966, #6463, #1166, #271, #9677, #2557, #3529, #2604, #377, #179, #1827, #4964, #8130, #6108, #6009, #2160 ),
 .UNSPECIFIED., .F., .F.,
 ( 4, 2, 2, 2, 2, 2, 2, 2, 2, 2, 2, 2, 2, 2, 2, 2, 2, 2, 2, 2, 2, 2, 2, 2, 2, 2, 2, 2, 4 ),
 ( 0.05878396645443272756, 0.06061716231807879468, 0.06245035818172486874, 0.06611674990901700300, 0.06794994577266290359, 0.06978314163630881806, 0.07161633749995473253, 0.07344953336360063312, 0.07711592509089243430, 0.07894912095453823775, 0.08078231681818404120, 0.08261551268182985852, 0.08444870854547566197, 0.08628190440912147929, 0.08811510027276728274, 0.09178149200005888964, 0.09269808993188180524, 0.09361468786370470696, 0.09544788372735046877, 0.09728107959099620283, 0.09911427545464196465, 0.1027806671819336271, 0.1046138630455794583, 0.1064470589092253172, 0.1101134506365167298, 0.1119466465001624361, 0.1137798423638081424, 0.1156130382274538487, 0.1174462340910995550 ),
 .UNSPECIFIED. ) ;
#6937 = FACE_OUTER_BOUND ( 'NONE', #1869, .T. ) ;
#6938 = AXIS2_PLACEMENT_3D ( 'NONE', #3473, #4419, #9792 ) ;
#6939 = FACE_BOUND ( 'NONE', #1746, .T. ) ;
#6940 = DIRECTION ( 'NONE',  ( 0.000000000000000000, 0.000000000000000000, 1.000000000000000000 ) ) ;
#6941 = CARTESIAN_POINT ( 'NONE',  ( -24.91506819702453868, 82.27323812464139507, -682.1717282575865511 ) ) ;
#6942 = FACE_OUTER_BOUND ( 'NONE', #4677, .T. ) ;
#6943 = ORIENTED_EDGE ( 'NONE', *, *, #8632, .T. ) ;
#6944 = CARTESIAN_POINT ( 'NONE',  ( -480.8667994638531695, 891.3287080863029814, -149.7250708650966828 ) ) ;
#6945 = CARTESIAN_POINT ( 'NONE',  ( -1125.424147316524795, 178.5029249594696807, 645.2133644241954471 ) ) ;
#6946 = CARTESIAN_POINT ( 'NONE',  ( -24.05112561880216049, 565.7187316167363633, 554.6246723117498050 ) ) ;
#6947 = LINE ( 'NONE', #8462, #8965 ) ;
#6948 = CARTESIAN_POINT ( 'NONE',  ( -20.95149497837273955, 563.7926484929478192, 546.7904855079057143 ) ) ;
#6949 = FACE_OUTER_BOUND ( 'NONE', #4748, .T. ) ;
#6950 = ORIENTED_EDGE ( 'NONE', *, *, #2558, .T. ) ;
#6951 = LINE ( 'NONE', #1494, #5787 ) ;
#6952 = CARTESIAN_POINT ( 'NONE',  ( -1127.802452369122420, 211.4986061874271002, -638.4881088539029861 ) ) ;
#6953 = CARTESIAN_POINT ( 'NONE',  ( -15.83675212024191659, 98.15500834177838385, 699.3444192316195540 ) ) ;
#6954 = CARTESIAN_POINT ( 'NONE',  ( 3.933969144701306004E-14, 570.7106781186545277, 559.2893218813455860 ) ) ;
#6955 = CARTESIAN_POINT ( 'NONE',  ( -14.51825881259080475, 102.5122994891176944, -659.6475532797264805 ) ) ;
#6957 = CARTESIAN_POINT ( 'NONE',  ( -480.0430627306076872, 911.3117373309971754, 302.7158385259952524 ) ) ;
#6956 = VECTOR ( 'NONE', #4432, 1000.000000000000114 ) ;
#6958 = ORIENTED_EDGE ( 'NONE', *, *, #5096, .T. ) ;
#6959 = CARTESIAN_POINT ( 'NONE',  ( -488.3948961860028817, 929.4847786812061941, -147.1239715617634829 ) ) ;
#6960 = EDGE_LOOP ( 'NONE', ( #2343, #4822, #5393, #5901 ) ) ;
#6961 = VECTOR ( 'NONE', #456, 1000.000000000000000 ) ;
#6962 = EDGE_LOOP ( 'NONE', ( #3052, #3051, #10132, #1601, #7346 ) ) ;
#6963 = AXIS2_PLACEMENT_3D ( 'NONE', #1520, #7085, #9703 ) ;
#6964 = FACE_BOUND ( 'NONE', #7153, .T. ) ;
#6965 = CARTESIAN_POINT ( 'NONE',  ( -489.0960468979189955, 929.1462264662486632, 145.5583097657088558 ) ) ;
#6966 = DIRECTION ( 'NONE',  ( 0.000000000000000000, 0.000000000000000000, -1.000000000000000000 ) ) ;
#6967 = EDGE_CURVE ( 'NONE', #5177, #9832, #6336, .T. ) ;
#6968 = DIRECTION ( 'NONE',  ( 0.000000000000000000, 0.000000000000000000, -1.000000000000000000 ) ) ;
#6969 = ADVANCED_FACE ( 'NONE', ( #5323, #7026, #3878, #8481, #8589 ), #744, .T. ) ;
#6970 = CARTESIAN_POINT ( 'NONE',  ( -8.829740507385469783, 591.5391727630627656, 571.3163213596931200 ) ) ;
#6971 = EDGE_CURVE ( 'NONE', #8867, #5316, #1512, .T. ) ;
#6972 = ADVANCED_FACE ( 'NONE', ( #5426, #4656 ), #7701, .F. ) ;
#6973 = CARTESIAN_POINT ( 'NONE',  ( -22.49842970900107630, 119.1840000954900631, 669.0824926844718448 ) ) ;
#6974 = FILL_AREA_STYLE ('',( #7078 ) ) ;
#6975 = ORIENTED_EDGE ( 'NONE', *, *, #32, .F. ) ;
#6976 = ORIENTED_EDGE ( 'NONE', *, *, #3064, .F. ) ;
#6977 = EDGE_CURVE ( 'NONE', #3488, #8687, #3283, .T. ) ;
#6978 = CARTESIAN_POINT ( 'NONE',  ( -1128.658781614989721, 924.7533193672011294, 162.0263695837801379 ) ) ;
#6979 =( NAMED_UNIT ( * ) SI_UNIT ( $, .STERADIAN. ) SOLID_ANGLE_UNIT ( ) );
#6980 = B_SPLINE_CURVE_WITH_KNOTS ( 'NONE', 3,
 ( #8876, #8101, #1086, #1032, #8205, #2783, #346, #9807, #3494, #6749, #454, #5717, #9087, #2013, #8258, #6638, #1136, #4986, #6697, #2627, #1801, #4378, #5147, #3601, #7479, #2731, #8154, #2678, #4212, #7363, #1904, #5043, #9147, #9974, #6953, #3806, #5979, #10125, #4489, #3864, #7639, #7736, #6030, #7689, #6902, #6805, #5362, #8415, #5306, #4543, #3044, #2941, #5257, #1342, #7790, #6179, #569, #2891 ),
 .UNSPECIFIED., .F., .F.,
 ( 4, 2, 2, 2, 2, 2, 2, 2, 2, 2, 2, 2, 2, 2, 2, 2, 2, 2, 2, 2, 2, 2, 2, 2, 2, 2, 2, 2, 4 ),
 ( 0.0006882445781476509211, 0.004753943170939916793, 0.006786792467335892032, 0.008819641763731867271, 0.01085249106012784251, 0.01288534035652381601, 0.01695103894931552363, 0.01898388824571146591, 0.02101673754210740819, 0.02508243613489909846, 0.02711528543129489849, 0.02914813472769070199, 0.03118098402408649855, 0.03219740867228435693, 0.03321383332048221532, 0.03524668261687789045, 0.03626310726507572108, 0.03727953191327354476, 0.03931238120966919908, 0.04134523050606484645, 0.04541092909885603018, 0.04744377839525171225, 0.04947662769164738739, 0.05354232628443892500, 0.05557517558083469728, 0.05760802487723046955, 0.05964087417362624183, 0.06167372347002200716, 0.06573942206281321865 ),
 .UNSPECIFIED. ) ;
#6981 = CARTESIAN_POINT ( 'NONE',  ( -22.52466169303952626, 600.0503026443677754, -536.3067705192497669 ) ) ;
#6982 = CARTESIAN_POINT ( 'NONE',  ( -1110.000000000000000, 30.00000000000000711, -609.9999999999997726 ) ) ;
#6983 = CIRCLE ( 'NONE', #1220, 76.99999999999995737 ) ;
#6984 = DIRECTION ( 'NONE',  ( 0.000000000000000000, -1.000000000000000000, 0.000000000000000000 ) ) ;
#6985 = EDGE_CURVE ( 'NONE', #9698, #5498, #3771, .T. ) ;
#6986 = CARTESIAN_POINT ( 'NONE',  ( -1458.041541306736235, 334.9999999999999432, -193.6010951158149282 ) ) ;
#6987 = DIRECTION ( 'NONE',  ( -1.000000000000000000, 0.000000000000000000, 0.000000000000000000 ) ) ;
#6988 = VECTOR ( 'NONE', #8803, 1000.000000000000114 ) ;
#6989 = CARTESIAN_POINT ( 'NONE',  ( -1131.206776994736629, 190.0231859393765035, -666.4905186297803539 ) ) ;
#6990 = CARTESIAN_POINT ( 'NONE',  ( -1458.041541306736235, 334.9999999999999432, -188.6010951158150704 ) ) ;
#6991 = TOROIDAL_SURFACE ( 'NONE', #9472, 99.99999999999920419, 25.00000000000000711 ) ;
#6992 = CIRCLE ( 'NONE', #6827, 6.000000000000227374 ) ;
#6993 = ORIENTED_EDGE ( 'NONE', *, *, #8871, .F. ) ;
#6994 = CARTESIAN_POINT ( 'NONE',  ( -1125.356801202699671, 933.0795785013364139, -167.2082432201114557 ) ) ;
#6995 = CLOSED_SHELL ( 'NONE', ( #2549, #4193, #7606, #6654, #9985, #9748, #102, #7102, #8069, #3765, #6847, #7506, #161, #9570 ) ) ;
#6996 = CARTESIAN_POINT ( 'NONE',  ( -23.50699073307738018, 562.8665861479806836, 555.0612824141774126 ) ) ;
#6997 = FACE_OUTER_BOUND ( 'NONE', #4293, .T. ) ;
#6998 = AXIS2_PLACEMENT_3D ( 'NONE', #3983, #1575, #2254 ) ;
#6999 = FACE_OUTER_BOUND ( 'NONE', #5825, .T. ) ;
#7000 = CYLINDRICAL_SURFACE ( 'NONE', #1901, 20.00000000000003553 ) ;
#7001 = EDGE_CURVE ( 'NONE', #9077, #7415, #575, .T. ) ;
#7002 = ORIENTED_EDGE ( 'NONE', *, *, #8365, .F. ) ;
#7003 = CARTESIAN_POINT ( 'NONE',  ( -1129.174705180088040, 183.1363838863760520, -663.8704689074303360 ) ) ;
#7004 = CARTESIAN_POINT ( 'NONE',  ( -1170.543445227100392, 923.1556172508774125, 165.9307494643372252 ) ) ;
#7005 = CARTESIAN_POINT ( 'NONE',  ( -1127.879342932658801, 183.7989094584978602, 661.6582602286234760 ) ) ;
#7006 = CARTESIAN_POINT ( 'NONE',  ( -1128.633210825656988, 924.5079222416052289, 164.6515548662420656 ) ) ;
#7007 = DIRECTION ( 'NONE',  ( -1.000000000000000000, 0.000000000000000000, -4.625929269271490844E-16 ) ) ;
#7008 = FACE_OUTER_BOUND ( 'NONE', #1060, .T. ) ;
#7009 = ORIENTED_EDGE ( 'NONE', *, *, #6741, .F. ) ;
#7010 = EDGE_CURVE ( 'NONE', #5399, #7965, #4527, .T. ) ;
#7011 = CARTESIAN_POINT ( 'NONE',  ( -1479.774980188727795, 345.0000000000000568, -213.2162459301629838 ) ) ;
#7012 = FILL_AREA_STYLE ('',( #3863 ) ) ;
#7013 = CARTESIAN_POINT ( 'NONE',  ( -1140.576189127962834, 915.6406531067966625, 150.3848731943157020 ) ) ;
#7014 = FACE_OUTER_BOUND ( 'NONE', #7787, .T. ) ;
#7015 = CIRCLE ( 'NONE', #9496, 4.999999999999809930 ) ;
#7016 = DIRECTION ( 'NONE',  ( 0.000000000000000000, -1.000000000000000000, 0.000000000000000000 ) ) ;
#7017 = CARTESIAN_POINT ( 'NONE',  ( -1168.706149989337973, 923.6994430444524369, 132.4266955250031970 ) ) ;
#7018 = ORIENTED_EDGE ( 'NONE', *, *, #10024, .F. ) ;
#7019 = CARTESIAN_POINT ( 'NONE',  ( -17.40453849056845570, 105.8465150781622697, -662.0531213173911738 ) ) ;
#7020 = ORIENTED_EDGE ( 'NONE', *, *, #923, .F. ) ;
#7021 = ORIENTED_EDGE ( 'NONE', *, *, #3439, .T. ) ;
#7022 = CARTESIAN_POINT ( 'NONE',  ( -1130.727000076696868, 672.5672851393113660, 532.6421802690912273 ) ) ;
#7023 = CARTESIAN_POINT ( 'NONE',  ( -488.0121001770307316, 929.6555221688518031, 149.9982127635803124 ) ) ;
#7024 = DIRECTION ( 'NONE',  ( -0.000000000000000000, 1.000000000000000000, -0.000000000000000000 ) ) ;
#7025 = CARTESIAN_POINT ( 'NONE',  ( -1155.288299942844560, 915.6855967763242461, -134.1697471138904518 ) ) ;
#7026 = FACE_BOUND ( 'NONE', #2069, .T. ) ;
#7027 = CARTESIAN_POINT ( 'NONE',  ( -19.07968300861207922, 92.75820566821445823, 663.8416219802962814 ) ) ;
#7028 = CIRCLE ( 'NONE', #3385, 6.000000000000116351 ) ;
#7029 = CARTESIAN_POINT ( 'NONE',  ( -496.6170627227338059, 922.5200075814792626, 135.3759285824583287 ) ) ;
#7030 = EDGE_CURVE ( 'NONE', #6660, #1726, #302, .T. ) ;
#7031 = ORIENTED_EDGE ( 'NONE', *, *, #3449, .T. ) ;
#7032 = ORIENTED_EDGE ( 'NONE', *, *, #8993, .T. ) ;
#7033 = CARTESIAN_POINT ( 'NONE',  ( -1125.062697293290285, 939.0948764190451357, 167.8306857663265532 ) ) ;
#7034 = CARTESIAN_POINT ( 'NONE',  ( 3.038872858745770377E-14, 496.9669914110089621, -668.3883476483185859 ) ) ;
#7035 = ADVANCED_FACE ( 'NONE', ( #9852 ), #4313, .T. ) ;
#7036 = MECHANICAL_DESIGN_GEOMETRIC_PRESENTATION_REPRESENTATION (  '', ( #3562 ), #3902 ) ;
#7037 = CIRCLE ( 'NONE', #4732, 4.999999999999809930 ) ;
#7038 = CARTESIAN_POINT ( 'NONE',  ( -22.22653444872915784, 568.0048949128589584, -545.3014187618952064 ) ) ;
#7039 = PRESENTATION_STYLE_ASSIGNMENT (( #3887 ) ) ;
#7040 = DIRECTION ( 'NONE',  ( -0.000000000000000000, -0.000000000000000000, -1.000000000000000000 ) ) ;
#7041 = CARTESIAN_POINT ( 'NONE',  ( -1125.745873364385261, 216.8233917554734376, -643.8006948459965315 ) ) ;
#7042 = CARTESIAN_POINT ( 'NONE',  ( -1171.413883466962716, 926.9897821332765488, 137.4202018379132539 ) ) ;
#7043 = EDGE_CURVE ( 'NONE', #1378, #7512, #5831, .T. ) ;
#7044 = VERTEX_POINT ( 'NONE', #8868 ) ;
#7045 = CARTESIAN_POINT ( 'NONE',  ( -1125.112444485807828, 934.8554622403001986, -167.6085393920206457 ) ) ;
#7046 = EDGE_CURVE ( 'NONE', #1406, #9179, #2723, .T. ) ;
#7047 = CARTESIAN_POINT ( 'NONE',  ( -24.93024374403442422, 567.1574288472046419, -560.0758985209359935 ) ) ;
#7048 = DIRECTION ( 'NONE',  ( 0.5786626424054297502, 0.8155670090706009789, 0.000000000000000000 ) ) ;
#7049 = CARTESIAN_POINT ( 'NONE',  ( -1127.218931445283715, 929.8958630407372539, 133.7756965231788513 ) ) ;
#7050 = CARTESIAN_POINT ( 'NONE',  ( -24.94154829760947578, 122.0976265128605576, -681.7434389243863961 ) ) ;
#7051 = VERTEX_POINT ( 'NONE', #240 ) ;
#7052 = CYLINDRICAL_SURFACE ( 'NONE', #4689, 20.00000000000003553 ) ;
#7053 = TOROIDAL_SURFACE ( 'NONE', #3098, 50.00000000000027711, 25.00000000000000711 ) ;
#7054 = CARTESIAN_POINT ( 'NONE',  ( -1155.011882465567396, 912.8277907546455481, 166.3090425929923128 ) ) ;
#7055 = CARTESIAN_POINT ( 'NONE',  ( -498.3157772027353190, 919.4481054823970680, -166.1507668400280124 ) ) ;
#7056 = CARTESIAN_POINT ( 'NONE',  ( -1125.120819939884313, 939.5903302480076036, 169.7994238416573580 ) ) ;
#7057 = CARTESIAN_POINT ( 'NONE',  ( 7.859200291410740642E-14, 500.0000000000000000, 488.5786437626906604 ) ) ;
#7058 = DIRECTION ( 'NONE',  ( 0.000000000000000000, 0.000000000000000000, -1.000000000000000000 ) ) ;
#7059 = ORIENTED_EDGE ( 'NONE', *, *, #9091, .T. ) ;
#7060 = CIRCLE ( 'NONE', #2131, 4.999999999999809930 ) ;
#7061 = CARTESIAN_POINT ( 'NONE',  ( 7.859200291410730545E-14, 500.0000000000000000, 488.5786437626906604 ) ) ;
#7062 = CARTESIAN_POINT ( 'NONE',  ( -1148.371465708745063, 915.0498337229136041, 135.8625897501565873 ) ) ;
#7063 = CARTESIAN_POINT ( 'NONE',  ( -8.766092548234931670, 599.7237655526249682, -561.2862823963214396 ) ) ;
#7064 = DIRECTION ( 'NONE',  ( 0.000000000000000000, 1.000000000000000000, 0.000000000000000000 ) ) ;
#7065 = CYLINDRICAL_SURFACE ( 'NONE', #3879, 6.000000000000227374 ) ;
#7066 = ORIENTED_EDGE ( 'NONE', *, *, #442, .T. ) ;
#7067 = CARTESIAN_POINT ( 'NONE',  ( -22.99708580239285283, 86.49001507697654745, -670.1796332247397459 ) ) ;
#7068 = ORIENTED_EDGE ( 'NONE', *, *, #3489, .T. ) ;
#7069 = EDGE_CURVE ( 'NONE', #3548, #8931, #4120, .T. ) ;
#7070 = VERTEX_POINT ( 'NONE', #659 ) ;
#7071 = CARTESIAN_POINT ( 'NONE',  ( -1169.244211105355134, 672.6113924215439965, 532.5628444941269208 ) ) ;
#7072 = CARTESIAN_POINT ( 'NONE',  ( -2.902317422911738039E-13, 408.5786437626904899, -580.0000000000001137 ) ) ;
#7073 = DIRECTION ( 'NONE',  ( -0.000000000000000000, -0.000000000000000000, -1.000000000000000000 ) ) ;
#7074 = CARTESIAN_POINT ( 'NONE',  ( -1190.000000000000227, 40.00000000000000000, -609.9999999999997726 ) ) ;
#7075 = CARTESIAN_POINT ( 'NONE',  ( -2.220446049250313081E-13, 344.9999999999998295, 0.000000000000000000 ) ) ;
#7076 = CARTESIAN_POINT ( 'NONE',  ( -1147.434939688319901, 915.0635082417845751, -136.6140937287193537 ) ) ;
#7077 = AXIS2_PLACEMENT_3D ( 'NONE', #2152, #2856, #2962 ) ;
#7078 = FILL_AREA_STYLE_COLOUR ( '', #3770 ) ;
#7079 = ORIENTED_EDGE ( 'NONE', *, *, #8831, .T. ) ;
#7080 = ORIENTED_EDGE ( 'NONE', *, *, #1611, .F. ) ;
#7081 = DIRECTION ( 'NONE',  ( 0.000000000000000000, 0.000000000000000000, -1.000000000000000000 ) ) ;
#7082 = AXIS2_PLACEMENT_3D ( 'NONE', #2058, #3029, #10054 ) ;
#7083 = CARTESIAN_POINT ( 'NONE',  ( -20.37089707538449446, 578.5196643710347644, 571.9797942679211928 ) ) ;
#7084 = DIRECTION ( 'NONE',  ( -4.614472616192961946E-16, 0.7071067811865480168, -0.7071067811865471286 ) ) ;
#7085 = DIRECTION ( 'NONE',  ( 0.000000000000000000, -1.000000000000000000, 0.000000000000000000 ) ) ;
#7086 = PRODUCT_RELATED_PRODUCT_CATEGORY ( 'part', '', ( #8936 ) ) ;
#7087 = DIRECTION ( 'NONE',  ( 0.000000000000000000, 0.000000000000000000, 1.000000000000000000 ) ) ;
#7088 = CARTESIAN_POINT ( 'NONE',  ( -1132.043564948970470, 192.1616254448879602, -667.4049813061595842 ) ) ;
#7089 = CARTESIAN_POINT ( 'NONE',  ( -1169.901121203524553, 924.9128830642343928, 135.6079711792511944 ) ) ;
#7090 = ORIENTED_EDGE ( 'NONE', *, *, #272, .F. ) ;
#7091 = CARTESIAN_POINT ( 'NONE',  ( -1124.998106024737353, 937.3100499133934136, -167.8504611486957572 ) ) ;
#7092 = CARTESIAN_POINT ( 'NONE',  ( -1523.981446312944854, 345.0000000000000568, -173.9687006431355769 ) ) ;
#7093 = CARTESIAN_POINT ( 'NONE',  ( -1172.937623019199236, 929.9703974236130080, -137.4462232668911668 ) ) ;
#7094 = EDGE_CURVE ( 'NONE', #1284, #9296, #2235, .T. ) ;
#7095 = AXIS2_PLACEMENT_3D ( 'NONE', #7777, #6839, #1433 ) ;
#7096 = DIRECTION ( 'NONE',  ( 0.8596027534348187338, -0.5109629206579261451, 0.000000000000000000 ) ) ;
#7097 = ORIENTED_EDGE ( 'NONE', *, *, #4794, .F. ) ;
#7098 = CARTESIAN_POINT ( 'NONE',  ( -1124.999999999999773, 660.0000000000000000, 562.9128703017760245 ) ) ;
#7099 = CARTESIAN_POINT ( 'NONE',  ( -491.3111448737672049, 931.7932132955694442, 162.0996071594053944 ) ) ;
#7100 = CARTESIAN_POINT ( 'NONE',  ( -500.0430627306077440, 912.6323580242452636, -167.7707686575792252 ) ) ;
#7101 = CARTESIAN_POINT ( 'NONE',  ( -1134.098004129578158, 957.9921987547136268, 153.3206505836638769 ) ) ;
#7102 = ADVANCED_FACE ( 'NONE', ( #9138 ), #6848, .F. ) ;
#7103 = CARTESIAN_POINT ( 'NONE',  ( -23.75000000000011724, 30.00000000000000711, 703.7500000000002274 ) ) ;
#7104 = AXIS2_PLACEMENT_3D ( 'NONE', #8572, #2124, #668 ) ;
#7105 = DIRECTION ( 'NONE',  ( 0.000000000000000000, 0.000000000000000000, 1.000000000000000000 ) ) ;
#7106 = VERTEX_POINT ( 'NONE', #9907 ) ;
#7107 = CARTESIAN_POINT ( 'NONE',  ( -480.0430627306076872, 911.3117373309971754, 302.7158385259952524 ) ) ;
#7108 = CARTESIAN_POINT ( 'NONE',  ( -1129.930744316776554, 648.7389217820464182, -552.7988065271848654 ) ) ;
#7109 = CARTESIAN_POINT ( 'NONE',  ( 11.57325284810853994, 587.0220183000672023, 559.2893218813455860 ) ) ;
#7110 = CARTESIAN_POINT ( 'NONE',  ( -1149.999999999999545, -804.6428199482242007, -4.248847104521535677E-32 ) ) ;
#7111 = CARTESIAN_POINT ( 'NONE',  ( -1172.891202383592827, 657.7402284079162200, 551.8838861891978240 ) ) ;
#7112 = EDGE_LOOP ( 'NONE', ( #9165, #731, #7828, #6371 ) ) ;
#7113 = CARTESIAN_POINT ( 'NONE',  ( -22.77955597231814266, 86.78191142408570613, -669.6864798716757150 ) ) ;
#7114 = ORIENTED_EDGE ( 'NONE', *, *, #8084, .T. ) ;
#7115 = ADVANCED_FACE ( 'NONE', ( #3746 ), #2882, .T. ) ;
#7116 = DIRECTION ( 'NONE',  ( 4.614472616192961946E-16, -0.7071067811865480168, -0.7071067811865471286 ) ) ;
#7117 = ORIENTED_EDGE ( 'NONE', *, *, #6797, .T. ) ;
#7118 = MECHANICAL_DESIGN_GEOMETRIC_PRESENTATION_REPRESENTATION (  '', ( #5786 ), #6591 ) ;
#7119 = CIRCLE ( 'NONE', #9108, 23.00000000000000711 ) ;
#7120 = CARTESIAN_POINT ( 'NONE',  ( -1171.890717315412303, 667.0854872749011975, 541.8948931761809718 ) ) ;
#7121 = SURFACE_SIDE_STYLE ('',( #3969 ) ) ;
#7122 = CARTESIAN_POINT ( 'NONE',  ( -1548.041541306736235, 345.0000000000000000, 193.6010951158154114 ) ) ;
#7123 = CARTESIAN_POINT ( 'NONE',  ( -495.2856610806682056, 898.3542390192156972, -137.8949168052488403 ) ) ;
#7124 = AXIS2_PLACEMENT_3D ( 'NONE', #6887, #3112, #6252 ) ;
#7125 = EDGE_CURVE ( 'NONE', #5153, #9542, #3032, .T. ) ;
#7126 = AXIS2_PLACEMENT_3D ( 'NONE', #9897, #9230, #6162 ) ;
#7127 = CARTESIAN_POINT ( 'NONE',  ( -24.80677173890146037, 120.0642362546820863, 676.8367765428554321 ) ) ;
#7128 = AXIS2_PLACEMENT_3D ( 'NONE', #2407, #2360, #855 ) ;
#7129 = ORIENTED_EDGE ( 'NONE', *, *, #2612, .T. ) ;
#7130 = ORIENTED_EDGE ( 'NONE', *, *, #1408, .F. ) ;
#7131 = CARTESIAN_POINT ( 'NONE',  ( 39.99999999999965894, 40.00000000000000000, 0.000000000000000000 ) ) ;
#7132 = CARTESIAN_POINT ( 'NONE',  ( -23.59743997210444988, 573.1537925152376829, 568.5549157415375703 ) ) ;
#7133 = DIRECTION ( 'NONE',  ( 0.000000000000000000, 1.000000000000000000, 0.000000000000000000 ) ) ;
#7134 = AXIS2_PLACEMENT_3D ( 'NONE', #6903, #10069, #8520 ) ;
#7135 = FACE_OUTER_BOUND ( 'NONE', #4587, .T. ) ;
#7136 = CARTESIAN_POINT ( 'NONE',  ( -1133.107467845761676, 197.4866664801131719, -668.4293982268075069 ) ) ;
#7137 = CARTESIAN_POINT ( 'NONE',  ( -1172.413481377218886, 928.6781845155022665, 139.2430312961885477 ) ) ;
#7138 = EDGE_LOOP ( 'NONE', ( #1333, #1083, #9811, #5692, #7254 ) ) ;
#7139 = CARTESIAN_POINT ( 'NONE',  ( -24.80362583603838189, 564.6438237536802944, -560.8208078287497074 ) ) ;
#7140 = CARTESIAN_POINT ( 'NONE',  ( -24.17433668264553859, 571.8613559116923852, -567.3201714902561434 ) ) ;
#7141 = CARTESIAN_POINT ( 'NONE',  ( -1173.998152171468746, 932.6606746868957316, -140.6382767588094111 ) ) ;
#7142 = AXIS2_PLACEMENT_3D ( 'NONE', #2461, #5649, #1632 ) ;
#7143 = CARTESIAN_POINT ( 'NONE',  ( -1150.000000000000000, -804.6428199482242007, 0.000000000000000000 ) ) ;
#7144 = VERTEX_POINT ( 'NONE', #2824 ) ;
#7145 = CARTESIAN_POINT ( 'NONE',  ( -1125.009721370614443, 177.7514603268096209, -650.6971183727841890 ) ) ;
#7146 = AXIS2_PLACEMENT_3D ( 'NONE', #2354, #10155, #3023 ) ;
#7147 = CARTESIAN_POINT ( 'NONE',  ( -1167.546695964913624, 919.3748785132404464, 168.0292016939710891 ) ) ;
#7148 = CARTESIAN_POINT ( 'NONE',  ( -497.9272547571191581, 920.2696204000894795, -165.7484257828920988 ) ) ;
#7149 = CARTESIAN_POINT ( 'NONE',  ( -1133.898888943273050, 957.7085926085027268, 154.6670212607435246 ) ) ;
#7150 = AXIS2_PLACEMENT_3D ( 'NONE', #8210, #1142, #300 ) ;
#7151 = EDGE_CURVE ( 'NONE', #4814, #3725, #4632, .T. ) ;
#7152 = DIRECTION ( 'NONE',  ( 0.000000000000000000, -0.6207195780577415833, 0.7840326558350865227 ) ) ;
#7153 = EDGE_LOOP ( 'NONE', ( #9287, #8132 ) ) ;
#7154 = DIRECTION ( 'NONE',  ( 0.000000000000000000, 1.000000000000000000, 0.000000000000000000 ) ) ;
#7155 = CARTESIAN_POINT ( 'NONE',  ( -1140.890984001297284, 915.8555674249973890, 146.4177275613499205 ) ) ;
#7156 = DIRECTION ( 'NONE',  ( -0.7941567930305997169, 0.5634716255418393827, -0.2276284588811126608 ) ) ;
#7157 = EDGE_CURVE ( 'NONE', #9178, #7876, #10059, .T. ) ;
#7158 = EDGE_CURVE ( 'NONE', #6011, #10207, #8040, .T. ) ;
#7160 = ADVANCED_FACE ( 'NONE', ( #4479 ), #7053, .T. ) ;
#7159 = CARTESIAN_POINT ( 'NONE',  ( -1158.302297814556823, 638.5372987465381129, 549.8129941564069441 ) ) ;
#7161 = ORIENTED_EDGE ( 'NONE', *, *, #4012, .T. ) ;
#7162 = CARTESIAN_POINT ( 'NONE',  ( -17.71637335674954628, 107.0063254311245799, -662.3606757939903673 ) ) ;
#7163 = ORIENTED_EDGE ( 'NONE', *, *, #4129, .T. ) ;
#7164 = EDGE_CURVE ( 'NONE', #1885, #6765, #9528, .T. ) ;
#7165 = ORIENTED_EDGE ( 'NONE', *, *, #3006, .T. ) ;
#7166 = DIRECTION ( 'NONE',  ( -1.000000000000000000, 1.110223024625143327E-15, -1.110223024625143327E-15 ) ) ;
#7167 = CARTESIAN_POINT ( 'NONE',  ( -488.0121001770307885, 929.6555221688521442, 149.6632146059590696 ) ) ;
#7168 = DIRECTION ( 'NONE',  ( 0.000000000000000000, -3.663341854709190120E-15, 1.000000000000000000 ) ) ;
#7169 = EDGE_CURVE ( 'NONE', #6921, #120, #9543, .T. ) ;
#7170 = CARTESIAN_POINT ( 'NONE',  ( -497.5785623856004918, 901.6791442571234256, -134.9889294664554598 ) ) ;
#7171 = UNCERTAINTY_MEASURE_WITH_UNIT (LENGTH_MEASURE( 1.000000000000000082E-05 ), #282, 'distance_accuracy_value', 'NONE');
#7172 = FACE_BOUND ( 'NONE', #2908, .T. ) ;
#7173 = AXIS2_PLACEMENT_3D ( 'NONE', #8041, #1642, #7948 ) ;
#7174 = CARTESIAN_POINT ( 'NONE',  ( -1125.368784367118224, 936.2228049300081238, 129.9360618626527071 ) ) ;
#7175 = ORIENTED_EDGE ( 'NONE', *, *, #7916, .F. ) ;
#7176 = CARTESIAN_POINT ( 'NONE',  ( -1134.162593536653048, 958.2835309264884245, -150.5581806734323891 ) ) ;
#7177 = EDGE_CURVE ( 'NONE', #3883, #5802, #3403, .T. ) ;
#7178 = CARTESIAN_POINT ( 'NONE',  ( -1548.041541306736235, 334.9999999999999432, -158.6010951158150704 ) ) ;
#7179 = CARTESIAN_POINT ( 'NONE',  ( -1149.999999999999545, 912.6723582046643060, -162.6455621457648135 ) ) ;
#7180 =( NAMED_UNIT ( * ) SI_UNIT ( $, .STERADIAN. ) SOLID_ANGLE_UNIT ( ) );
#7181 = AXIS2_PLACEMENT_3D ( 'NONE', #4807, #7269, #7967 ) ;
#7182 = CARTESIAN_POINT ( 'NONE',  ( -11.96955570545883951, 590.7219420064060387, 570.0715876923327414 ) ) ;
#7183 = FACE_OUTER_BOUND ( 'NONE', #6962, .T. ) ;
#7184 = EDGE_CURVE ( 'NONE', #141, #344, #956, .T. ) ;
#7185 = CARTESIAN_POINT ( 'NONE',  ( -1174.295824744443280, 933.1177042054762296, 148.6619434663961670 ) ) ;
#7186 = ORIENTED_EDGE ( 'NONE', *, *, #5574, .F. ) ;
#7187 = ORIENTED_EDGE ( 'NONE', *, *, #8051, .F. ) ;
#7188 = AXIS2_PLACEMENT_3D ( 'NONE', #1210, #6421, #9583 ) ;
#7189 = CARTESIAN_POINT ( 'NONE',  ( -24.34336645309584668, 569.6592602706567732, -568.4635251416848405 ) ) ;
#7190 = AXIS2_PLACEMENT_3D ( 'NONE', #5857, #2767, #2818 ) ;
#7191 = LINE ( 'NONE', #1724, #8460 ) ;
#7192 = CARTESIAN_POINT ( 'NONE',  ( -1173.905565757918794, 932.3800769325922602, -140.2595584099542521 ) ) ;
#7193 = FACE_OUTER_BOUND ( 'NONE', #3024, .T. ) ;
#7194 = ORIENTED_EDGE ( 'NONE', *, *, #1706, .F. ) ;
#7195 = CARTESIAN_POINT ( 'NONE',  ( -1133.553485657783995, 190.6402474736356680, -668.8293923274748067 ) ) ;
#7196 = DIRECTION ( 'NONE',  ( 1.000000000000000000, 0.000000000000000000, 0.000000000000000000 ) ) ;
#7197 = CARTESIAN_POINT ( 'NONE',  ( -1169.846680861986670, 922.1134513107954263, 166.6247572385142632 ) ) ;
#7198 = CARTESIAN_POINT ( 'NONE',  ( -488.9612418815325441, 929.2138353677045188, -153.8693404296112135 ) ) ;
#7199 = CARTESIAN_POINT ( 'NONE',  ( -1134.160252177961411, 958.1033301616949984, 152.6316657980570426 ) ) ;
#7200 = CARTESIAN_POINT ( 'NONE',  ( -24.91623980053696030, 564.9386447001890019, 561.5302818224496377 ) ) ;
#7201 = VERTEX_POINT ( 'NONE', #6270 ) ;
#7202 = CYLINDRICAL_SURFACE ( 'NONE', #5627, 24.99999999999995026 ) ;
#7203 = CARTESIAN_POINT ( 'NONE',  ( -1143.652314940192582, 915.4317262836547116, 140.6821632474501484 ) ) ;
#7204 = CARTESIAN_POINT ( 'NONE',  ( -4.553031471546817989E-14, 600.0000000000002274, -488.5786437626905467 ) ) ;
#7205 = FILL_AREA_STYLE ('',( #93 ) ) ;
#7206 = PRODUCT_DEFINITION_CONTEXT ( 'detailed design', #7703, 'design' ) ;
#7207 = CARTESIAN_POINT ( 'NONE',  ( -23.75000000000033396, 40.00000000000000000, 656.2499999999998863 ) ) ;
#7208 = CARTESIAN_POINT ( 'NONE',  ( -1150.000000000000227, 515.2069385598407507, -627.0000000000015916 ) ) ;
#7209 = ORIENTED_EDGE ( 'NONE', *, *, #1669, .T. ) ;
#7210 = CARTESIAN_POINT ( 'NONE',  ( -17.30819593153967517, 97.66314715123935741, -661.9601475097904313 ) ) ;
#7211 = VERTEX_POINT ( 'NONE', #9487 ) ;
#7212 = TOROIDAL_SURFACE ( 'NONE', #9378, 100.0000000000001990, 23.00000000000000711 ) ;
#7213 = EDGE_LOOP ( 'NONE', ( #2900, #6958, #672, #6309 ) ) ;
#7214 = DIRECTION ( 'NONE',  ( 0.000000000000000000, 0.6207195780577411393, -0.7840326558350868558 ) ) ;
#7215 = CARTESIAN_POINT ( 'NONE',  ( -40.00000000000028422, 40.00000000000000000, -640.0000000000000000 ) ) ;
#7216 = CARTESIAN_POINT ( 'NONE',  ( -1458.041541306736235, 345.0000000000000000, 183.6010951158157809 ) ) ;
#7217 = CARTESIAN_POINT ( 'NONE',  ( -1150.000000000000227, 200.0000000000000000, 650.0000000000011369 ) ) ;
#7218 = FACE_OUTER_BOUND ( 'NONE', #2852, .T. ) ;
#7219 = EDGE_CURVE ( 'NONE', #4606, #3514, #8863, .T. ) ;
#7220 = ORIENTED_EDGE ( 'NONE', *, *, #2742, .F. ) ;
#7221 = DIRECTION ( 'NONE',  ( 0.000000000000000000, -2.131628207280298791E-13, -1.000000000000000000 ) ) ;
#7222 = CARTESIAN_POINT ( 'NONE',  ( -23.97960842936297254, 572.2982588798128063, 567.7381226725825627 ) ) ;
#7223 = CARTESIAN_POINT ( 'NONE',  ( -1173.939131697869243, 930.9854455180541208, -157.7229410478448415 ) ) ;
#7224 = AXIS2_PLACEMENT_3D ( 'NONE', #4355, #5017, #1931 ) ;
#7225 = CIRCLE ( 'NONE', #2789, 18.00000000000001421 ) ;
#7226 = CARTESIAN_POINT ( 'NONE',  ( -11.20880511206093821, 592.6170960702654611, 568.5237150278251193 ) ) ;
#7227 = PLANE ( 'NONE',  #6093 ) ;
#7228 = CARTESIAN_POINT ( 'NONE',  ( -21.14713714299134395, 570.2480815549037061, -539.3436442592756066 ) ) ;
#7229 = AXIS2_PLACEMENT_3D ( 'NONE', #2455, #8751, #4821 ) ;
#7230 = VERTEX_POINT ( 'NONE', #8708 ) ;
#7231 = ORIENTED_EDGE ( 'NONE', *, *, #6420, .T. ) ;
#7232 = CIRCLE ( 'NONE', #1968, 20.00000000000001776 ) ;
#7233 = CARTESIAN_POINT ( 'NONE',  ( -22.55576770203429149, 573.3954637656031537, -571.8897181261982041 ) ) ;
#7234 = ADVANCED_FACE ( 'NONE', ( #9438 ), #7716, .F. ) ;
#7235 = CARTESIAN_POINT ( 'NONE',  ( -1190.000000000000227, 30.00000000000000711, 689.9999999999997726 ) ) ;
#7236 = MECHANICAL_DESIGN_GEOMETRIC_PRESENTATION_REPRESENTATION (  '', ( #9066 ), #10053 ) ;
#7237 = DIRECTION ( 'NONE',  ( -1.000000000000000000, -5.551115123125780730E-16, 0.000000000000000000 ) ) ;
#7238 = CIRCLE ( 'NONE', #11, 6.000000000000005329 ) ;
#7239 = ORIENTED_EDGE ( 'NONE', *, *, #4426, .T. ) ;
#7240 = CARTESIAN_POINT ( 'NONE',  ( -10.73632408132963256, 597.1843935042566045, -563.2833003374850023 ) ) ;
#7241 = DIRECTION ( 'NONE',  ( -0.000000000000000000, -0.000000000000000000, -1.000000000000000000 ) ) ;
#7242 = CARTESIAN_POINT ( 'NONE',  ( -1131.836290839249386, 955.8797900519961104, -153.2258945032332349 ) ) ;
#7243 = CARTESIAN_POINT ( 'NONE',  ( -488.1655806865963996, 929.5882528818033279, -151.3840825069054858 ) ) ;
#7244 = CARTESIAN_POINT ( 'NONE',  ( -18.83338546254546841, 95.43140372460038634, -696.4436022632285130 ) ) ;
#7245 = CARTESIAN_POINT ( 'NONE',  ( -23.49232182617430809, 599.0891310474202101, 532.9215171330728253 ) ) ;
#7246 = CARTESIAN_POINT ( 'NONE',  ( -495.2873549924295844, 898.3562298818695808, 138.1616171684647441 ) ) ;
#7247 = ORIENTED_EDGE ( 'NONE', *, *, #6050, .T. ) ;
#7248 = CARTESIAN_POINT ( 'NONE',  ( -480.0430627306076872, 911.3117373309971754, 302.7158385259952524 ) ) ;
#7249 = DIRECTION ( 'NONE',  ( -0.000000000000000000, 1.000000000000000000, -0.000000000000000000 ) ) ;
#7250 = DIRECTION ( 'NONE',  ( 0.000000000000000000, 0.000000000000000000, -1.000000000000000000 ) ) ;
#7251 = CARTESIAN_POINT ( 'NONE',  ( -1146.500062931205321, 914.8256679308381081, 141.0451498225755813 ) ) ;
#7252 = FACE_OUTER_BOUND ( 'NONE', #1361, .T. ) ;
#7253 = CARTESIAN_POINT ( 'NONE',  ( -1168.421659150892992, 646.2080971853358733, 552.2580112216458019 ) ) ;
#7254 = ORIENTED_EDGE ( 'NONE', *, *, #8870, .T. ) ;
#7255 = CARTESIAN_POINT ( 'NONE',  ( -24.94001721370802471, 84.13212422872666707, -678.1628479153157514 ) ) ;
#7256 = ORIENTED_EDGE ( 'NONE', *, *, #6715, .F. ) ;
#7257 = DIRECTION ( 'NONE',  ( 1.000000000000000000, 0.000000000000000000, 0.000000000000000000 ) ) ;
#7258 = VECTOR ( 'NONE', #3739, 1000.000000000000000 ) ;
#7259 = ORIENTED_EDGE ( 'NONE', *, *, #8879, .T. ) ;
#7260 = CARTESIAN_POINT ( 'NONE',  ( -1172.250079033485463, 665.8601721399423923, 543.7264256556322835 ) ) ;
#7261 = CARTESIAN_POINT ( 'NONE',  ( -22.17371901729378436, 115.2713429474997753, 691.5800768350588896 ) ) ;
#7262 = CARTESIAN_POINT ( 'NONE',  ( -1548.041541306736235, 345.0000000000000000, -158.6010951158150704 ) ) ;
#7263 = TOROIDAL_SURFACE ( 'NONE', #5456, 1749.999999999999545, 25.00000000000000711 ) ;
#7264 = CARTESIAN_POINT ( 'NONE',  ( -1126.250000000000455, 40.00000000000000000, 673.7499999999996589 ) ) ;
#7265 = CARTESIAN_POINT ( 'NONE',  ( -1134.750188286751381, 919.6637799629521624, -142.5307860505209874 ) ) ;
#7266 = FACE_OUTER_BOUND ( 'NONE', #7505, .T. ) ;
#7267 = ORIENTED_EDGE ( 'NONE', *, *, #4572, .T. ) ;
#7268 = EDGE_CURVE ( 'NONE', #7144, #6145, #3580, .T. ) ;
#7269 = DIRECTION ( 'NONE',  ( -0.000000000000000000, 1.000000000000000000, -0.000000000000000000 ) ) ;
#7270 = AXIS2_PLACEMENT_3D ( 'NONE', #1912, #8372, #4444 ) ;
#7271 = SURFACE_STYLE_USAGE ( .BOTH. , #9661 ) ;
#7272 = CARTESIAN_POINT ( 'NONE',  ( -1126.250000000000455, 30.00000000000000711, -667.7499999999994316 ) ) ;
#7273 = EDGE_CURVE ( 'NONE', #7337, #5342, #814, .T. ) ;
#7274 = ADVANCED_FACE ( 'NONE', ( #5550 ), #8754, .T. ) ;
#7276 = EDGE_CURVE ( 'NONE', #8356, #8771, #9819, .T. ) ;
#7275 = AXIS2_PLACEMENT_3D ( 'NONE', #2011, #1848, #8467 ) ;
#7277 = CIRCLE ( 'NONE', #6794, 18.00000000000001421 ) ;
#7278 = CARTESIAN_POINT ( 'NONE',  ( -490.4265470563752842, 894.2165248420893704, -153.9460661959715821 ) ) ;
#7279 = CARTESIAN_POINT ( 'NONE',  ( -357.7080113700174024, 824.5123409701826631, 302.7158385259953661 ) ) ;
#7280 = AXIS2_PLACEMENT_3D ( 'NONE', #2681, #4214, #5982 ) ;
#7281 = CARTESIAN_POINT ( 'NONE',  ( -24.05000566320359212, 581.6684111993565693, -533.3049255660430390 ) ) ;
#7282 = EDGE_CURVE ( 'NONE', #617, #3531, #8501, .T. ) ;
#7283 = EDGE_LOOP ( 'NONE', ( #8335, #8284 ) ) ;
#7284 = DIRECTION ( 'NONE',  ( -0.000000000000000000, -0.000000000000000000, -1.000000000000000000 ) ) ;
#7285 = AXIS2_PLACEMENT_3D ( 'NONE', #6374, #5604, #4052 ) ;
#7286 = VECTOR ( 'NONE', #6460, 1000.000000000000000 ) ;
#7287 = CARTESIAN_POINT ( 'NONE',  ( -1174.859925419126284, 936.0508708774950719, -152.4551802920891532 ) ) ;
#7288 = CARTESIAN_POINT ( 'NONE',  ( -1149.258636940079214, 956.9133045297378430, -149.8625354325471051 ) ) ;
#7289 = ORIENTED_EDGE ( 'NONE', *, *, #10083, .F. ) ;
#7290 = CARTESIAN_POINT ( 'NONE',  ( -13.38873781875186175, 602.2808153585289119, -553.4633615811249001 ) ) ;
#7291 = DIRECTION ( 'NONE',  ( 0.000000000000000000, 0.000000000000000000, -1.000000000000000000 ) ) ;
#7292 = CARTESIAN_POINT ( 'NONE',  ( -463.7317225491956947, 899.7384844828879977, -302.7158385259953093 ) ) ;
#7293 = CARTESIAN_POINT ( 'NONE',  ( -18.32971205769246126, 105.9039423840812759, -697.0008930039516599 ) ) ;
#7294 = B_SPLINE_CURVE_WITH_KNOTS ( 'NONE', 3,
 ( #7856, #9505, #5476, #8634, #1558 ),
 .UNSPECIFIED., .F., .F.,
 ( 4, 1, 4 ),
 ( 0.000000000000000000, 0.0003441222890738254605, 0.0006882445781476509211 ),
 .UNSPECIFIED. ) ;
#7295 = ORIENTED_EDGE ( 'NONE', *, *, #7801, .T. ) ;
#7296 = DIRECTION ( 'NONE',  ( 0.000000000000000000, 1.000000000000000000, 0.000000000000000000 ) ) ;
#7297 = EDGE_CURVE ( 'NONE', #843, #9747, #1458, .T. ) ;
#7298 = CARTESIAN_POINT ( 'NONE',  ( -1172.021265976363338, 653.3506178407943707, -553.0795553508842204 ) ) ;
#7299 = FACE_BOUND ( 'NONE', #1297, .T. ) ;
#7300 = DIRECTION ( 'NONE',  ( 1.000000000000000000, 0.000000000000000000, 0.000000000000000000 ) ) ;
#7301 = AXIS2_PLACEMENT_3D ( 'NONE', #6990, #4813, #9478 ) ;
#7302 = FACE_OUTER_BOUND ( 'NONE', #1053, .T. ) ;
#7303 = CARTESIAN_POINT ( 'NONE',  ( -1149.652145331037445, 636.9994103060697626, 549.2353453816098181 ) ) ;
#7304 = VERTEX_POINT ( 'NONE', #6213 ) ;
#7305 = DIRECTION ( 'NONE',  ( -0.5786626424054281959, -0.8155670090706020892, 0.000000000000000000 ) ) ;
#7306 = VERTEX_POINT ( 'NONE', #702 ) ;
#7308 = CIRCLE ( 'NONE', #5175, 1772.999999999999545 ) ;
#7307 = CARTESIAN_POINT ( 'NONE',  ( -1134.381323635072931, 200.4992556187748391, 630.4792745105474978 ) ) ;
#7309 = CARTESIAN_POINT ( 'NONE',  ( -2.880137398330167607E-13, 40.00000000000000000, 680.0000000000000000 ) ) ;
#7310 = AXIS2_PLACEMENT_3D ( 'NONE', #8230, #9009, #4043 ) ;
#7311 = ORIENTED_EDGE ( 'NONE', *, *, #2881, .F. ) ;
#7312 = CARTESIAN_POINT ( 'NONE',  ( -1142.928133515395075, 914.1722772288084116, 157.5241065290447864 ) ) ;
#7313 = ORIENTED_EDGE ( 'NONE', *, *, #6090, .T. ) ;
#7314 = DIRECTION ( 'NONE',  ( 0.000000000000000000, 0.7071067811865463515, 0.7071067811865486830 ) ) ;
#7315 = CARTESIAN_POINT ( 'NONE',  ( -18.12440515058800017, 104.9398756155877095, 697.2202657332290983 ) ) ;
#7316 = DIRECTION ( 'NONE',  ( 0.8155670090706016451, -0.5786626424054286399, 0.000000000000000000 ) ) ;
#7317 = CARTESIAN_POINT ( 'NONE',  ( -1127.057361902378034, 950.0405325797477190, -136.4353541783705737 ) ) ;
#7318 = CARTESIAN_POINT ( 'NONE',  ( -1458.041541306736235, 345.0000000000000000, -163.6010951158149282 ) ) ;
#7319 = CARTESIAN_POINT ( 'NONE',  ( -22.21076539558327667, 568.2000798118967850, -545.0187920509689548 ) ) ;
#7320 = DIRECTION ( 'NONE',  ( 0.000000000000000000, 1.000000000000000000, 0.000000000000000000 ) ) ;
#7321 = ORIENTED_EDGE ( 'NONE', *, *, #6454, .T. ) ;
#7322 = CARTESIAN_POINT ( 'NONE',  ( -1128.229487360464191, 949.8212912684022058, -166.0328791470393810 ) ) ;
#7323 = CARTESIAN_POINT ( 'NONE',  ( -1149.999999999999545, -804.6428199482242007, -4.248847104521535677E-32 ) ) ;
#7324 = CARTESIAN_POINT ( 'NONE',  ( -1174.335055157147508, 932.9191931140314864, -152.8497296080913941 ) ) ;
#7325 = MECHANICAL_DESIGN_GEOMETRIC_PRESENTATION_REPRESENTATION (  '', ( #2728 ), #3364 ) ;
#7326 = ADVANCED_FACE ( 'NONE', ( #760 ), #3844, .T. ) ;
#7327 = DIRECTION ( 'NONE',  ( 0.000000000000000000, 0.000000000000000000, -1.000000000000000000 ) ) ;
#7328 = FACE_OUTER_BOUND ( 'NONE', #3539, .T. ) ;
#7329 = CARTESIAN_POINT ( 'NONE',  ( -24.87077361148760701, 587.2927510627534957, -531.7770972942206527 ) ) ;
#7330 = ORIENTED_EDGE ( 'NONE', *, *, #1852, .T. ) ;
#7331 = EDGE_CURVE ( 'NONE', #8282, #5802, #1122, .T. ) ;
#7332 = ORIENTED_EDGE ( 'NONE', *, *, #1619, .F. ) ;
#7333 = DIRECTION ( 'NONE',  ( -1.000000000000000000, -5.551115123125780730E-16, 0.000000000000000000 ) ) ;
#7334 = CARTESIAN_POINT ( 'NONE',  ( -491.3111448737672049, 931.7932132955694442, -161.8296401244790843 ) ) ;
#7335 = CARTESIAN_POINT ( 'NONE',  ( -1126.250000000000455, 40.00000000000000000, 667.7499999999994316 ) ) ;
#7336 = EDGE_LOOP ( 'NONE', ( #5458, #7417 ) ) ;
#7337 = VERTEX_POINT ( 'NONE', #7878 ) ;
#7338 = FACE_OUTER_BOUND ( 'NONE', #7854, .T. ) ;
#7339 = CYLINDRICAL_SURFACE ( 'NONE', #7310, 23.00000000000000711 ) ;
#7340 = CARTESIAN_POINT ( 'NONE',  ( -500.0430627306077440, 911.3117373309971754, 167.9770453821554383 ) ) ;
#7341 = CARTESIAN_POINT ( 'NONE',  ( -17.85134630737235995, 103.2200332564540162, -697.5023302801755563 ) ) ;
#7342 = AXIS2_PLACEMENT_3D ( 'NONE', #2729, #8980, #3550 ) ;
#7343 = CARTESIAN_POINT ( 'NONE',  ( -16.88426128399989778, 605.1307363314782606, 543.1251917587541129 ) ) ;
#7344 = ORIENTED_EDGE ( 'NONE', *, *, #6971, .T. ) ;
#7345 = EDGE_CURVE ( 'NONE', #5351, #7668, #800, .T. ) ;
#7346 = ORIENTED_EDGE ( 'NONE', *, *, #5763, .T. ) ;
#7347 = CARTESIAN_POINT ( 'NONE',  ( -2.902317422911738039E-13, 408.5786437626904899, -680.0000000000000000 ) ) ;
#7348 = CARTESIAN_POINT ( 'NONE',  ( -1131.583349344641420, 646.2013705366582599, -552.2563429761157749 ) ) ;
#7349 = CARTESIAN_POINT ( 'NONE',  ( -1149.999999999999545, -804.6428199482242007, 0.000000000000000000 ) ) ;
#7350 = LINE ( 'NONE', #441, #1276 ) ;
#7351 = CARTESIAN_POINT ( 'NONE',  ( -1173.750000000000227, 40.00000000000000000, -667.7499999999997726 ) ) ;
#7352 = CARTESIAN_POINT ( 'NONE',  ( -1128.094258716592321, 652.9792934923904113, 553.1018593038882045 ) ) ;
#7353 = ORIENTED_EDGE ( 'NONE', *, *, #4705, .T. ) ;
#7354 = CARTESIAN_POINT ( 'NONE',  ( -1131.158341877787279, 204.5779326113905086, 633.5680189206461819 ) ) ;
#7355 = ORIENTED_EDGE ( 'NONE', *, *, #6571, .F. ) ;
#7356 = CARTESIAN_POINT ( 'NONE',  ( -1129.815960767420620, 211.2465462365551048, 635.2397569458345288 ) ) ;
#7357 = CARTESIAN_POINT ( 'NONE',  ( -17.97616410143618282, 95.35890493340352236, 662.6233626211637784 ) ) ;
#7358 = ORIENTED_EDGE ( 'NONE', *, *, #1102, .F. ) ;
#7359 = SURFACE_SIDE_STYLE ('',( #1586 ) ) ;
#7360 = ORIENTED_EDGE ( 'NONE', *, *, #5955, .F. ) ;
#7361 = CARTESIAN_POINT ( 'NONE',  ( -23.75000000000033396, 30.00000000000000711, 662.2499999999998863 ) ) ;
#7362 = CARTESIAN_POINT ( 'NONE',  ( -24.56047170135581226, 119.3878455934337239, 684.7017258373250570 ) ) ;
#7363 = CARTESIAN_POINT ( 'NONE',  ( -15.50211421431249370, 101.1889475550481592, 699.6133994277188322 ) ) ;
#7364 = CARTESIAN_POINT ( 'NONE',  ( -1135.407862075317325, 196.7745818689100474, 670.2995440093750403 ) ) ;
#7365 = CARTESIAN_POINT ( 'NONE',  ( -23.69027917776274705, 120.7429716529679666, -671.9892020638392296 ) ) ;
#7366 = CARTESIAN_POINT ( 'NONE',  ( -1125.009890948794464, 941.2975856565977892, -130.1448414675935226 ) ) ;
#7367 = EDGE_CURVE ( 'NONE', #2188, #1290, #6708, .T. ) ;
#7368 = CARTESIAN_POINT ( 'NONE',  ( -1129.664260614902560, 954.4741974939958027, 138.3598415439298890 ) ) ;
#7369 = CIRCLE ( 'NONE', #2938, 5.999999999999894307 ) ;
#7370 = CARTESIAN_POINT ( 'NONE',  ( -1132.460496482126473, 922.0254067999143217, 138.0748114738780998 ) ) ;
#7371 = ORIENTED_EDGE ( 'NONE', *, *, #7297, .F. ) ;
#7372 = CARTESIAN_POINT ( 'NONE',  ( -1131.659617173766947, 922.6333418215498341, -140.6792735253462752 ) ) ;
#7373 = CARTESIAN_POINT ( 'NONE',  ( -1132.787547313629375, 919.9866599763994373, -158.1374736203175928 ) ) ;
#7374 = CARTESIAN_POINT ( 'NONE',  ( -24.87895694861304818, 586.0360156473193456, 534.0585601147515717 ) ) ;
#7375 = CIRCLE ( 'NONE', #2947, 6.000000000000005329 ) ;
#7376 = DIRECTION ( 'NONE',  ( 0.000000000000000000, 1.000000000000000000, 0.000000000000000000 ) ) ;
#7377 = CARTESIAN_POINT ( 'NONE',  ( -11.26929623856332086, 599.2333974051094856, 560.0937629494427483 ) ) ;
#7378 = CARTESIAN_POINT ( 'NONE',  ( -1125.196653996899840, 179.9416130206410855, -653.1444378588386144 ) ) ;
#7379 = CARTESIAN_POINT ( 'NONE',  ( -24.92743092578596276, 588.0271511775941917, -531.6489920150678472 ) ) ;
#7380 = VERTEX_POINT ( 'NONE', #217 ) ;
#7381 = ORIENTED_EDGE ( 'NONE', *, *, #7438, .T. ) ;
#7382 = SURFACE_SIDE_STYLE ('',( #8381 ) ) ;
#7383 = ADVANCED_FACE ( 'NONE', ( #9521 ), #7212, .F. ) ;
#7384 = CARTESIAN_POINT ( 'NONE',  ( -1173.242283622065770, 928.3496338305617428, -164.3166940548773596 ) ) ;
#7385 = CYLINDRICAL_SURFACE ( 'NONE', #6748, 6.000000000000116351 ) ;
#7386 = CARTESIAN_POINT ( 'NONE',  ( -1563.041541306736235, 334.9999999999999432, 203.6010951158155535 ) ) ;
#7387 = ORIENTED_EDGE ( 'NONE', *, *, #2384, .F. ) ;
#7388 = VERTEX_POINT ( 'NONE', #6500 ) ;
#7389 = LINE ( 'NONE', #961, #1062 ) ;
#7390 = CARTESIAN_POINT ( 'NONE',  ( -2.873344195592006673E-13, 5.551115123125782702E-14, 680.0000000000000000 ) ) ;
#7391 = CARTESIAN_POINT ( 'NONE',  ( -494.0187592558563097, 896.9983918966800047, 160.1442499925500442 ) ) ;
#7392 = CARTESIAN_POINT ( 'NONE',  ( -19.44530140617926861, 109.5144284219522035, -695.7153470336594410 ) ) ;
#7393 = CIRCLE ( 'NONE', #10058, 125.0000000000001705 ) ;
#7394 = DIRECTION ( 'NONE',  ( 1.084036547835517478E-17, -1.000000000000000000, -6.123233995736766036E-17 ) ) ;
#7395 = ORIENTED_EDGE ( 'NONE', *, *, #2138, .T. ) ;
#7396 = CIRCLE ( 'NONE', #663, 74.99999999999917577 ) ;
#7397 = EDGE_LOOP ( 'NONE', ( #7588, #9851, #1452, #2985 ) ) ;
#7398 = EDGE_CURVE ( 'NONE', #8538, #3221, #3252, .T. ) ;
#7399 = DIRECTION ( 'NONE',  ( 0.000000000000000000, 1.000000000000000000, 0.000000000000000000 ) ) ;
#7400 = CIRCLE ( 'NONE', #6909, 25.00000000000000711 ) ;
#7401 = CARTESIAN_POINT ( 'NONE',  ( -1154.213544488786056, 637.3859840826179379, -549.3823401033088203 ) ) ;
#7402 = CARTESIAN_POINT ( 'NONE',  ( -480.0430627306078009, 911.3117373309964933, -302.7158385259953093 ) ) ;
#7403 = DIRECTION ( 'NONE',  ( 5.551115123125778758E-16, -1.000000000000000000, 0.000000000000000000 ) ) ;
#7404 = FACE_BOUND ( 'NONE', #143, .T. ) ;
#7405 = CARTESIAN_POINT ( 'NONE',  ( -1126.999999999999318, 660.0000000000000000, 550.4159941854392173 ) ) ;
#7406 = ORIENTED_EDGE ( 'NONE', *, *, #9137, .F. ) ;
#7407 = CARTESIAN_POINT ( 'NONE',  ( -1132.164955493283060, 197.4070789258799721, 632.4811041780243386 ) ) ;
#7408 = ADVANCED_FACE ( 'NONE', ( #77 ), #2597, .F. ) ;
#7409 = ORIENTED_EDGE ( 'NONE', *, *, #9880, .F. ) ;
#7410 = EDGE_CURVE ( 'NONE', #7304, #2698, #3404, .T. ) ;
#7411 = CARTESIAN_POINT ( 'NONE',  ( -12.00548121825745085, 586.5448766475255979, 574.4735218899269285 ) ) ;
#7412 = DIRECTION ( 'NONE',  ( 0.000000000000000000, 0.6207195780577411393, -0.7840326558350868558 ) ) ;
#7413 = CARTESIAN_POINT ( 'NONE',  ( -17.39975603502051271, 105.8266354736337433, 662.0484845481917091 ) ) ;
#7414 = DIRECTION ( 'NONE',  ( 0.000000000000000000, 1.000000000000000000, 0.000000000000000000 ) ) ;
#7415 = VERTEX_POINT ( 'NONE', #169 ) ;
#7416 = SURFACE_STYLE_USAGE ( .BOTH. , #1132 ) ;
#7417 = ORIENTED_EDGE ( 'NONE', *, *, #8225, .F. ) ;
#7418 = DIRECTION ( 'NONE',  ( 0.000000000000000000, 1.000000000000000000, 0.000000000000000000 ) ) ;
#7419 = CARTESIAN_POINT ( 'NONE',  ( -18.13865428873495489, 98.08871126064076407, 697.2044985544449673 ) ) ;
#7420 = CARTESIAN_POINT ( 'NONE',  ( -1548.041541306736235, 334.9999999999999432, 158.6010951158155819 ) ) ;
#7421 = CARTESIAN_POINT ( 'NONE',  ( -1126.750219103770178, 179.8230913591859235, 659.2114830954620857 ) ) ;
#7422 = CARTESIAN_POINT ( 'NONE',  ( -24.24339942996055086, 121.4310283043198808, -673.8868220842991832 ) ) ;
#7423 = CARTESIAN_POINT ( 'NONE',  ( -1126.503357081639479, 948.8748999324893703, -133.0802144269095493 ) ) ;
#7424 = EDGE_LOOP ( 'NONE', ( #4453, #9721, #8856, #2211 ) ) ;
#7425 = CIRCLE ( 'NONE', #842, 6.000000000000005329 ) ;
#7426 = DIRECTION ( 'NONE',  ( 0.9959043170553903979, -0.08660037539612092106, 0.02598011261883533332 ) ) ;
#7427 = ORIENTED_EDGE ( 'NONE', *, *, #6600, .T. ) ;
#7428 = PRESENTATION_LAYER_ASSIGNMENT (  '', '', ( #7940 ) ) ;
#7429 = DIRECTION ( 'NONE',  ( 0.9991514412379745025, -0.04118683579675160716, 0.0002050100731055823692 ) ) ;
#7430 = CARTESIAN_POINT ( 'NONE',  ( -1125.263679237443284, 933.4870324151354453, -169.3664205312814488 ) ) ;
#7431 = CARTESIAN_POINT ( 'NONE',  ( -23.48572205889024289, 577.2351186630406801, 537.4820875130075137 ) ) ;
#7432 = CARTESIAN_POINT ( 'NONE',  ( -1171.214913023593226, 926.7017177754266868, -137.1550280098188068 ) ) ;
#7433 = EDGE_CURVE ( 'NONE', #5359, #5498, #9686, .T. ) ;
#7434 = CARTESIAN_POINT ( 'NONE',  ( -1170.584384449608933, 922.9610990981632312, 168.3124072249397614 ) ) ;
#7435 = CARTESIAN_POINT ( 'NONE',  ( -22.49927137179466641, 84.77452319178779305, 669.0833040352021044 ) ) ;
#7436 = DIRECTION ( 'NONE',  ( 0.000000000000000000, 0.000000000000000000, -1.000000000000000000 ) ) ;
#7437 = ORIENTED_EDGE ( 'NONE', *, *, #8805, .T. ) ;
#7438 = EDGE_CURVE ( 'NONE', #4382, #5132, #7369, .T. ) ;
#7439 = ORIENTED_EDGE ( 'NONE', *, *, #6873, .T. ) ;
#7440 = DIRECTION ( 'NONE',  ( 0.000000000000000000, 0.000000000000000000, -1.000000000000000000 ) ) ;
#7441 = CARTESIAN_POINT ( 'NONE',  ( -17.41160144108359376, 580.2904833364983688, -575.0850646508218915 ) ) ;
#7442 = VECTOR ( 'NONE', #5902, 1000.000000000000000 ) ;
#7443 = CARTESIAN_POINT ( 'NONE',  ( -1164.022084849813155, 916.1984892507215363, -170.7936573577133856 ) ) ;
#7444 = DIRECTION ( 'NONE',  ( 5.551115123125778758E-16, -1.000000000000000000, 0.000000000000000000 ) ) ;
#7445 = ORIENTED_EDGE ( 'NONE', *, *, #1046, .T. ) ;
#7446 = AXIS2_PLACEMENT_3D ( 'NONE', #9127, #7671, #2053 ) ;
#7447 = ORIENTED_EDGE ( 'NONE', *, *, #6113, .T. ) ;
#7448 = CARTESIAN_POINT ( 'NONE',  ( -1171.701099567795382, 667.6448097964794215, -541.0197106057833025 ) ) ;
#7449 = CARTESIAN_POINT ( 'NONE',  ( -1130.468937303558732, 186.4348231524719495, -634.3876448033616953 ) ) ;
#7450 = CARTESIAN_POINT ( 'NONE',  ( -1150.000000000000227, 39.99999999999997868, -625.0000000000011369 ) ) ;
#7451 = DIRECTION ( 'NONE',  ( 1.000000000000000000, 0.000000000000000000, 0.000000000000000000 ) ) ;
#7452 = AXIS2_PLACEMENT_3D ( 'NONE', #6516, #9681, #2106 ) ;
#7453 = CIRCLE ( 'NONE', #9453, 25.00000000000029843 ) ;
#7454 = CARTESIAN_POINT ( 'NONE',  ( -1149.999999999999773, 515.2069385598456392, 624.9999999999974989 ) ) ;
#7455 = VERTEX_POINT ( 'NONE', #8894 ) ;
#7456 = VERTEX_POINT ( 'NONE', #1820 ) ;
#7457 = CARTESIAN_POINT ( 'NONE',  ( 23.74999999999972289, 30.00000000000000711, -697.7500000000000000 ) ) ;
#7458 = VECTOR ( 'NONE', #2774, 1000.000000000000000 ) ;
#7459 = CARTESIAN_POINT ( 'NONE',  ( -1142.426999807967377, 638.2296091625458985, -549.7003793580295223 ) ) ;
#7460 = CARTESIAN_POINT ( 'NONE',  ( -2.902317422911738039E-13, 408.5786437626903762, -705.0000000000001137 ) ) ;
#7461 = CARTESIAN_POINT ( 'NONE',  ( -1150.000000000000000, -804.6428199482242007, 0.000000000000000000 ) ) ;
#7462 = DIRECTION ( 'NONE',  ( 0.9959043170553905089, -0.08660037539612093493, -0.02598011261883533679 ) ) ;
#7463 = CARTESIAN_POINT ( 'NONE',  ( -2.902317422911738039E-13, 408.5786437626903762, -680.0000000000000000 ) ) ;
#7464 = EDGE_LOOP ( 'NONE', ( #6933, #8673, #7989, #2623 ) ) ;
#7465 = CARTESIAN_POINT ( 'NONE',  ( -1127.696240315389105, 184.5035625365711667, 638.6959680285997365 ) ) ;
#7466 = ORIENTED_EDGE ( 'NONE', *, *, #3615, .F. ) ;
#7467 = CARTESIAN_POINT ( 'NONE',  ( -1126.991555286514767, 215.1865730994114188, 640.2019254732750824 ) ) ;
#7468 = EDGE_CURVE ( 'NONE', #4262, #4570, #1769, .T. ) ;
#7469 = CARTESIAN_POINT ( 'NONE',  ( -1150.000000000000227, 515.2069385598298368, -627.0000000000014779 ) ) ;
#7470 = CARTESIAN_POINT ( 'NONE',  ( -23.41649163251191013, 118.1748579089097007, 671.1712087168259586 ) ) ;
#7471 = LINE ( 'NONE', #396, #4769 ) ;
#7472 = ORIENTED_EDGE ( 'NONE', *, *, #1884, .T. ) ;
#7473 = EDGE_CURVE ( 'NONE', #216, #4909, #10198, .T. ) ;
#7474 = ORIENTED_EDGE ( 'NONE', *, *, #2456, .F. ) ;
#7475 = EDGE_CURVE ( 'NONE', #7529, #10173, #8956, .T. ) ;
#7476 = ADVANCED_FACE ( 'NONE', ( #6662 ), #9936, .F. ) ;
#7477 = DIRECTION ( 'NONE',  ( 0.000000000000000000, -1.000000000000000000, 0.000000000000000000 ) ) ;
#7478 = CARTESIAN_POINT ( 'NONE',  ( -1129.921555413792930, 188.9474929342389942, -635.1010710726470734 ) ) ;
#7479 = CARTESIAN_POINT ( 'NONE',  ( -15.83911424049659900, 104.5712379981565761, 699.3427540657251029 ) ) ;
#7480 = CARTESIAN_POINT ( 'NONE',  ( -1126.076390044879417, 216.8514959246827232, 657.3734838504598201 ) ) ;
#7481 = CARTESIAN_POINT ( 'NONE',  ( -1127.914424978050192, 951.6604162905225621, -138.0883123994721302 ) ) ;
#7482 = CARTESIAN_POINT ( 'NONE',  ( -357.7080113700174024, 824.5123409701826631, 302.7158385259953661 ) ) ;
#7483 = CARTESIAN_POINT ( 'NONE',  ( -1125.318633136438166, 944.6528299669129183, -130.9776001443817108 ) ) ;
#7484 = VERTEX_POINT ( 'NONE', #2854 ) ;
#7485 = CIRCLE ( 'NONE', #3510, 18.00000000000001421 ) ;
#7486 = EDGE_CURVE ( 'NONE', #31, #304, #6000, .T. ) ;
#7487 = CIRCLE ( 'NONE', #4518, 23.00000000000002132 ) ;
#7488 = VERTEX_POINT ( 'NONE', #2700 ) ;
#7489 = VECTOR ( 'NONE', #2119, 1000.000000000000000 ) ;
#7490 = EDGE_CURVE ( 'NONE', #8833, #1527, #8223, .T. ) ;
#7491 = CARTESIAN_POINT ( 'NONE',  ( -1129.362816647826094, 951.7962579245474899, -164.4360886122469196 ) ) ;
#7492 = CARTESIAN_POINT ( 'NONE',  ( -22.18273552034814244, 568.8016335575140374, 544.2010146408188120 ) ) ;
#7493 = AXIS2_PLACEMENT_3D ( 'NONE', #7075, #633, #3057 ) ;
#7494 = CARTESIAN_POINT ( 'NONE',  ( -1170.157830761292189, 925.2231711620858050, -135.8432483847541334 ) ) ;
#7495 = CARTESIAN_POINT ( 'NONE',  ( -1161.820415094327018, 914.8714311712914196, 170.6851182511493050 ) ) ;
#7496 = CARTESIAN_POINT ( 'NONE',  ( -15.55804906010660105, 107.1913774962785908, 660.4285083053354128 ) ) ;
#7497 = DIRECTION ( 'NONE',  ( 0.000000000000000000, 0.000000000000000000, 1.000000000000000000 ) ) ;
#7498 = ADVANCED_FACE ( 'NONE', ( #8278 ), #369, .T. ) ;
#7499 = EDGE_LOOP ( 'NONE', ( #3401, #2285, #2586, #8434 ) ) ;
#7500 = ORIENTED_EDGE ( 'NONE', *, *, #4067, .T. ) ;
#7501 = CARTESIAN_POINT ( 'NONE',  ( -491.5173018122810618, 894.9263661177673157, 143.6282699544032653 ) ) ;
#7502 = CARTESIAN_POINT ( 'NONE',  ( -1159.947529601239921, 913.9941727148086557, -170.3480642959913212 ) ) ;
#7503 = CARTESIAN_POINT ( 'NONE',  ( -385.5549505783704944, 844.2703537956053879, -448.7780475532337050 ) ) ;
#7504 = AXIS2_PLACEMENT_3D ( 'NONE', #21, #8545, #7087 ) ;
#7505 = EDGE_LOOP ( 'NONE', ( #6433, #3995, #5862, #3736 ) ) ;
#7506 = ADVANCED_FACE ( 'NONE', ( #3517 ), #6767, .T. ) ;
#7507 = ORIENTED_EDGE ( 'NONE', *, *, #1046, .F. ) ;
#7508 = CARTESIAN_POINT ( 'NONE',  ( -1127.000000000000000, 660.8764001304385829, -549.7221471688297925 ) ) ;
#7509 = CARTESIAN_POINT ( 'NONE',  ( -1133.774418244498065, 203.5525718501760082, -630.9766122028034943 ) ) ;
#7510 = CARTESIAN_POINT ( 'NONE',  ( -489.6249238221113274, 893.7563071329327613, 151.5555351925787591 ) ) ;
#7511 = DIRECTION ( 'NONE',  ( 0.000000000000000000, 0.000000000000000000, 1.000000000000000000 ) ) ;
#7512 = VERTEX_POINT ( 'NONE', #9107 ) ;
#7513 = ORIENTED_EDGE ( 'NONE', *, *, #466, .T. ) ;
#7514 = DIRECTION ( 'NONE',  ( 0.000000000000000000, -0.6207195780577411393, 0.7840326558350868558 ) ) ;
#7515 = CARTESIAN_POINT ( 'NONE',  ( -23.75000000000011724, 40.00000000000000000, 697.7500000000003411 ) ) ;
#7516 = CARTESIAN_POINT ( 'NONE',  ( -1150.000000000000000, 887.4646943664325818, 345.3999999998164299 ) ) ;
#7517 = DIRECTION ( 'NONE',  ( 0.000000000000000000, 1.000000000000000000, 0.000000000000000000 ) ) ;
#7518 = MANIFOLD_SOLID_BREP ( 'Circle pipe 50X2MM(1)[3]', #2064 ) ;
#7519 = DIRECTION ( 'NONE',  ( 0.5786626424054268636, 0.8155670090706030884, 3.083952846180975884E-15 ) ) ;
#7520 = CARTESIAN_POINT ( 'NONE',  ( -500.0430627306078577, 911.3117373309971754, -302.7158385259953093 ) ) ;
#7521 = ORIENTED_EDGE ( 'NONE', *, *, #5944, .T. ) ;
#7522 = CARTESIAN_POINT ( 'NONE',  ( -1479.774980188727795, 345.0000000000000568, -133.1690431296429722 ) ) ;
#7523 = VERTEX_POINT ( 'NONE', #2646 ) ;
#7524 = AXIS2_PLACEMENT_3D ( 'NONE', #207, #8737, #4072 ) ;
#7525 = CARTESIAN_POINT ( 'NONE',  ( -1134.480147909916241, 199.4616520509580937, 630.4004772708724431 ) ) ;
#7526 = CARTESIAN_POINT ( 'NONE',  ( -1145.012763807073270, 913.7753186017489497, 156.1246011112633880 ) ) ;
#7527 = CARTESIAN_POINT ( 'NONE',  ( -480.0430627306078009, 911.3117373309964933, -302.7158385259953093 ) ) ;
#7528 = DIRECTION ( 'NONE',  ( 5.551115123125778758E-16, -1.000000000000000000, 0.000000000000000000 ) ) ;
#7529 = VERTEX_POINT ( 'NONE', #4402 ) ;
#7530 = COLOUR_RGB ( '',0.6470588235294117974, 0.6196078431372549211, 0.5882352941176470784 ) ;
#7531 = DIRECTION ( 'NONE',  ( 0.000000000000000000, 1.000000000000000000, 0.000000000000000000 ) ) ;
#7532 = CARTESIAN_POINT ( 'NONE',  ( -1131.171182863065496, 204.5549851827958321, -633.5511625179807425 ) ) ;
#7533 = AXIS2_PLACEMENT_3D ( 'NONE', #2324, #4048, #8616 ) ;
#7534 = CARTESIAN_POINT ( 'NONE',  ( -1125.232037442570117, 177.9529364335535035, 653.4684287392910846 ) ) ;
#7535 = CARTESIAN_POINT ( 'NONE',  ( -2.942733134631078957E-13, 408.5786437626904899, 680.0000000000000000 ) ) ;
#7536 = CARTESIAN_POINT ( 'NONE',  ( -1132.236948213741471, 957.1495656852105185, -143.3054152264425909 ) ) ;
#7537 = EDGE_LOOP ( 'NONE', ( #2644, #192, #1935, #1453 ) ) ;
#7538 = MANIFOLD_SOLID_BREP ( 'Buda/Uzat6[1]', #6822 ) ;
#7539 = VERTEX_POINT ( 'NONE', #5173 ) ;
#7540 = CARTESIAN_POINT ( 'NONE',  ( -1135.732264942684424, 918.3234511076622084, -149.8594389012232284 ) ) ;
#7541 = CARTESIAN_POINT ( 'NONE',  ( -22.24659927933164383, 570.1654298151471494, 542.6730440587697331 ) ) ;
#7542 = CARTESIAN_POINT ( 'NONE',  ( -1174.093215033453362, 932.5547320912999112, -146.0479977129809015 ) ) ;
#7543 = AXIS2_PLACEMENT_3D ( 'NONE', #3307, #1056, #4952 ) ;
#7544 = CARTESIAN_POINT ( 'NONE',  ( -500.0130362656918237, 910.0530599126832385, -167.6193420494763018 ) ) ;
#7545 = ADVANCED_FACE ( 'NONE', ( #6876 ), #7552, .F. ) ;
#7546 = FACE_OUTER_BOUND ( 'NONE', #6523, .T. ) ;
#7547 = DIRECTION ( 'NONE',  ( 0.000000000000000000, 0.000000000000000000, 1.000000000000000000 ) ) ;
#7548 = VERTEX_POINT ( 'NONE', #4611 ) ;
#7549 = VERTEX_POINT ( 'NONE', #5488 ) ;
#7550 = STYLED_ITEM ( 'NONE', ( #5330 ), #7602 ) ;
#7551 = DIRECTION ( 'NONE',  ( 0.5786626424054227558, 0.8155670090706059749, -2.467162276944789542E-14 ) ) ;
#7552 = CYLINDRICAL_SURFACE ( 'NONE', #9217, 6.000000000000116351 ) ;
#7553 = DIRECTION ( 'NONE',  ( 1.000000000000000000, 0.000000000000000000, 0.000000000000000000 ) ) ;
#7554 = DIRECTION ( 'NONE',  ( 0.000000000000000000, 0.000000000000000000, 1.000000000000000000 ) ) ;
#7555 = ORIENTED_EDGE ( 'NONE', *, *, #8802, .F. ) ;
#7556 = ORIENTED_EDGE ( 'NONE', *, *, #8821, .T. ) ;
#7557 = CARTESIAN_POINT ( 'NONE',  ( -1158.277354035232293, 681.4640583591930181, -515.8259505760667025 ) ) ;
#7558 = CARTESIAN_POINT ( 'NONE',  ( -1149.999999999999091, 906.3227343425593290, 397.2343838759548476 ) ) ;
#7559 = DIRECTION ( 'NONE',  ( -1.659227894316332837E-15, -0.7840326558350207975, -0.6207195780578245170 ) ) ;
#7560 = DIRECTION ( 'NONE',  ( 0.000000000000000000, 0.6207195780578259603, 0.7840326558350197983 ) ) ;
#7561 = VERTEX_POINT ( 'NONE', #5277 ) ;
#7562 = VERTEX_POINT ( 'NONE', #8436 ) ;
#7563 = CARTESIAN_POINT ( 'NONE',  ( -1563.041541306736235, 334.9999999999999432, 203.6010951158155535 ) ) ;
#7564 = CARTESIAN_POINT ( 'NONE',  ( -1150.000000000000000, 861.0102051443365099, 339.9999999999999432 ) ) ;
#7565 = DIRECTION ( 'NONE',  ( 0.08662961636484026173, 0.9962405881956830633, 0.000000000000000000 ) ) ;
#7566 = B_SPLINE_CURVE_WITH_KNOTS ( 'NONE', 3,
 ( #9856, #2779, #4160, #9745, #8978, #8873, #9650, #4206, #7312, #5917, #1950, #3430, #3381, #6530, #6634, #399, #1750, #3336 ),
 .UNSPECIFIED., .F., .F.,
 ( 4, 2, 2, 2, 2, 2, 2, 2, 4 ),
 ( 0.08028530930020025269, 0.08487805926941451029, 0.08717443425402163215, 0.08947080923862876789, 0.09176718422323588975, 0.09406355920784302549, 0.09521174670014659336, 0.09635993419245014735, 0.09865630917705722758 ),
 .UNSPECIFIED. ) ;
#7567 = DIRECTION ( 'NONE',  ( 0.000000000000000000, 0.000000000000000000, 1.000000000000000000 ) ) ;
#7568 = MANIFOLD_SOLID_BREP ( 'Y\X2\00fc\X0\kseklik-Ekstr\X2\00fc\X0\zyon1[1]', #6995 ) ;
#7569 = CARTESIAN_POINT ( 'NONE',  ( -15.63934757371631967, 103.2952077494539935, -699.5041776941519629 ) ) ;
#7570 = CARTESIAN_POINT ( 'NONE',  ( -1127.032578654061126, 658.7344360704012161, 551.3207740882490953 ) ) ;
#7571 = VERTEX_POINT ( 'NONE', #7034 ) ;
#7572 = CARTESIAN_POINT ( 'NONE',  ( -23.75000000000028066, 30.00000000000000711, -662.2500000000000000 ) ) ;
#7573 = ORIENTED_EDGE ( 'NONE', *, *, #9397, .F. ) ;
#7574 = AXIS2_PLACEMENT_3D ( 'NONE', #6897, #822, #2321 ) ;
#7575 = CARTESIAN_POINT ( 'NONE',  ( 0.000000000000000000, 30.00000000000000711, 609.9999999999997726 ) ) ;
#7576 = DIRECTION ( 'NONE',  ( 0.000000000000000000, -1.000000000000000000, -0.000000000000000000 ) ) ;
#7577 = CARTESIAN_POINT ( 'NONE',  ( -1126.250000000000227, 30.00000000000000711, -626.2499999999996589 ) ) ;
#7578 = AXIS2_PLACEMENT_3D ( 'NONE', #8090, #8246, #1890 ) ;
#7579 = CARTESIAN_POINT ( 'NONE',  ( -21.87999425512641949, 574.5197540325955288, 572.7156309544243413 ) ) ;
#7580 = ORIENTED_EDGE ( 'NONE', *, *, #4513, .T. ) ;
#7581 = CARTESIAN_POINT ( 'NONE',  ( -1190.000000000000227, 40.00000000000000000, 689.9999999999997726 ) ) ;
#7582 = CARTESIAN_POINT ( 'NONE',  ( -23.70725564000860786, 86.14175937584545295, 688.0140606388746392 ) ) ;
#7583 = CIRCLE ( 'NONE', #9718, 25.00000000000002132 ) ;
#7584 = CARTESIAN_POINT ( 'NONE',  ( -24.99040421216484731, 120.2410033968033929, -679.3073981572157436 ) ) ;
#7585 = CARTESIAN_POINT ( 'NONE',  ( -1135.480146591806033, 197.4680277570808755, 670.3513103559959063 ) ) ;
#7586 = CARTESIAN_POINT ( 'NONE',  ( -16.00668421074083270, 94.50772659086570116, -660.7926354557073410 ) ) ;
#7587 = CARTESIAN_POINT ( 'NONE',  ( -1126.735422096221782, 931.2628585918247381, -131.0108034103664636 ) ) ;
#7588 = ORIENTED_EDGE ( 'NONE', *, *, #3947, .F. ) ;
#7589 = CARTESIAN_POINT ( 'NONE',  ( -1482.101636300528526, 345.0000000000000568, -173.2334895884941659 ) ) ;
#7590 = AXIS2_PLACEMENT_3D ( 'NONE', #8949, #2599, #4291 ) ;
#7591 = ORIENTED_EDGE ( 'NONE', *, *, #4384, .F. ) ;
#7592 = CARTESIAN_POINT ( 'NONE',  ( -1127.326378567270012, 663.8775032260236912, 546.4098594470995067 ) ) ;
#7593 = CARTESIAN_POINT ( 'NONE',  ( -19.96919231375749959, 602.7706864837380181, 540.3016459125876736 ) ) ;
#7594 = DIRECTION ( 'NONE',  ( 0.8596027534348208432, -0.5109629206579225924, 0.000000000000000000 ) ) ;
#7595 = CARTESIAN_POINT ( 'NONE',  ( -1125.821401069181775, 933.9684452806671970, -132.2959758154971155 ) ) ;
#7596 = CARTESIAN_POINT ( 'NONE',  ( -1174.175685874047076, 931.5286359746785365, 161.0561649000730142 ) ) ;
#7597 = CARTESIAN_POINT ( 'NONE',  ( -18.76945834024951054, 89.64184860309943303, 663.4782123456556064 ) ) ;
#7598 = EDGE_CURVE ( 'NONE', #4559, #9542, #7375, .T. ) ;
#7599 = AXIS2_PLACEMENT_3D ( 'NONE', #58, #9653, #3198 ) ;
#7600 = FACE_OUTER_BOUND ( 'NONE', #5238, .T. ) ;
#7601 = ORIENTED_EDGE ( 'NONE', *, *, #9613, .T. ) ;
#7602 = MANIFOLD_SOLID_BREP ( 'Y\X2\00fc\X0\kseklik-Ekstr\X2\00fc\X0\zyon2[2]', #5344 ) ;
#7603 = EDGE_LOOP ( 'NONE', ( #1697, #4629, #1919, #1126 ) ) ;
#7604 = CARTESIAN_POINT ( 'NONE',  ( -22.27939591511579209, 562.6910609938314565, 551.2697047565220601 ) ) ;
#7605 = FILL_AREA_STYLE ('',( #4230 ) ) ;
#7606 = ADVANCED_FACE ( 'NONE', ( #5433 ), #10197, .F. ) ;
#7607 = EDGE_CURVE ( 'NONE', #3061, #4235, #10204, .T. ) ;
#7608 = DIRECTION ( 'NONE',  ( 0.000000000000000000, 0.000000000000000000, -1.000000000000000000 ) ) ;
#7609 = CARTESIAN_POINT ( 'NONE',  ( -1125.022508805821872, 939.1488423165325230, 131.9004241992542461 ) ) ;
#7610 = DIRECTION ( 'NONE',  ( -1.000000000000000000, 1.110223024625143327E-15, -1.110223024625143327E-15 ) ) ;
#7611 = ORIENTED_EDGE ( 'NONE', *, *, #3816, .F. ) ;
#7612 = CARTESIAN_POINT ( 'NONE',  ( -1164.492873371923679, 677.8731575623910430, -522.7671415485522175 ) ) ;
#7613 = ADVANCED_FACE ( 'NONE', ( #2588 ), #996, .F. ) ;
#7614 = CARTESIAN_POINT ( 'NONE',  ( -1131.075541356362010, 955.6782686212226281, -145.6660261647830055 ) ) ;
#7615 = CARTESIAN_POINT ( 'NONE',  ( -40.00000000000034106, 30.00000000000000711, 720.0000000000000000 ) ) ;
#7616 = EDGE_LOOP ( 'NONE', ( #7358, #7997 ) ) ;
#7617 = VECTOR ( 'NONE', #7154, 1000.000000000000000 ) ;
#7618 = DIRECTION ( 'NONE',  ( 0.000000000000000000, 0.000000000000000000, -1.000000000000000000 ) ) ;
#7620 = CARTESIAN_POINT ( 'NONE',  ( -1149.999999999999545, 877.7696337518982546, -361.1688817075450970 ) ) ;
#7619 = AXIS2_PLACEMENT_3D ( 'NONE', #1511, #3769, #6968 ) ;
#7621 = DIRECTION ( 'NONE',  ( 0.000000000000000000, 1.000000000000000000, 0.000000000000000000 ) ) ;
#7622 = CARTESIAN_POINT ( 'NONE',  ( -385.5549505783704944, 844.2703537956053879, -448.7780475532337050 ) ) ;
#7623 = CARTESIAN_POINT ( 'NONE',  ( -18.09169287493182310, 110.8942257887211724, -697.2695857949862557 ) ) ;
#7624 = CARTESIAN_POINT ( 'NONE',  ( 39.99999999999971578, 40.00000000000000000, -720.0000000000000000 ) ) ;
#7625 = VERTEX_POINT ( 'NONE', #5724 ) ;
#7626 = CARTESIAN_POINT ( 'NONE',  ( -1135.541839460226811, 198.8586167631682429, -670.3951588713181309 ) ) ;
#7627 = ORIENTED_EDGE ( 'NONE', *, *, #4710, .T. ) ;
#7628 = AXIS2_PLACEMENT_3D ( 'NONE', #10050, #438, #3583 ) ;
#7629 = CARTESIAN_POINT ( 'NONE',  ( -1127.903654632866846, 182.2451170578157473, 638.2489096443127892 ) ) ;
#7630 = CIRCLE ( 'NONE', #5799, 25.00000000000002842 ) ;
#7631 = CARTESIAN_POINT ( 'NONE',  ( -1132.016361321778732, 204.6620044533004261, 667.3689149008752111 ) ) ;
#7632 = DIRECTION ( 'NONE',  ( 0.000000000000000000, 1.000000000000000000, 0.000000000000000000 ) ) ;
#7633 = CARTESIAN_POINT ( 'NONE',  ( -397.1282034264789331, 827.9590136141931680, 448.7780475532339892 ) ) ;
#7634 = EDGE_CURVE ( 'NONE', #9064, #7539, #7060, .T. ) ;
#7635 = DIRECTION ( 'NONE',  ( -1.000000000000000000, -5.551115123125780730E-16, 0.000000000000000000 ) ) ;
#7636 = VERTEX_POINT ( 'NONE', #68 ) ;
#7637 = DIRECTION ( 'NONE',  ( 0.000000000000000000, 0.000000000000000000, 1.000000000000000000 ) ) ;
#7638 = CARTESIAN_POINT ( 'NONE',  ( -1127.269436855192907, 183.7422450934555229, -639.5807414292445401 ) ) ;
#7639 = CARTESIAN_POINT ( 'NONE',  ( -18.27261211291514442, 91.85223224197193304, 697.0863444731418213 ) ) ;
#7640 = LINE ( 'NONE', #570, #6453 ) ;
#7641 = TOROIDAL_SURFACE ( 'NONE', #4502, 1749.999999999999545, 25.00000000000000711 ) ;
#7642 = CARTESIAN_POINT ( 'NONE',  ( -1173.750000000000000, 30.00000000000000711, -626.2500000000001137 ) ) ;
#7643 = CARTESIAN_POINT ( 'NONE',  ( -1161.229294889099720, 918.0661195009923858, 130.6835155221004925 ) ) ;
#7644 = VERTEX_POINT ( 'NONE', #4125 ) ;
#7645 = CARTESIAN_POINT ( 'NONE',  ( -22.53394652722813873, 562.6536163878937487, 552.0290549086487317 ) ) ;
#7646 = EDGE_CURVE ( 'NONE', #529, #1846, #7892, .T. ) ;
#7647 = ORIENTED_EDGE ( 'NONE', *, *, #4871, .T. ) ;
#7648 = CARTESIAN_POINT ( 'NONE',  ( -1156.777507222743679, 681.9842856697575826, 514.8091989630730723 ) ) ;
#7649 = LINE ( 'NONE', #10135, #5617 ) ;
#7650 = CARTESIAN_POINT ( 'NONE',  ( -1153.706262443921560, 915.3449135951103699, -134.9429926830775059 ) ) ;
#7651 = CARTESIAN_POINT ( 'NONE',  ( -1125.055206685136000, 942.1188328712497650, -132.3472594198612455 ) ) ;
#7652 = CIRCLE ( 'NONE', #7983, 1774.999999999999545 ) ;
#7653 = CARTESIAN_POINT ( 'NONE',  ( -1174.677349985742694, 934.2369133850753542, 157.2859034412873882 ) ) ;
#7654 = CARTESIAN_POINT ( 'NONE',  ( -24.67816722314367439, 82.36040777031514892, 675.9441412858886906 ) ) ;
#7655 = AXIS2_PLACEMENT_3D ( 'NONE', #6387, #1655, #891 ) ;
#7656 = PLANE ( 'NONE',  #8140 ) ;
#7657 = EDGE_LOOP ( 'NONE', ( #7507, #6176, #7020, #76, #5184, #9075 ) ) ;
#7658 = MANIFOLD_SOLID_BREP ( 'Y\X2\00fc\X0\kseklik-Ekstr\X2\00fc\X0\zyon2[1]', #9474 ) ;
#7659 = ORIENTED_EDGE ( 'NONE', *, *, #8953, .F. ) ;
#7660 = CARTESIAN_POINT ( 'NONE',  ( -1125.026201685279375, 938.4779336647915216, 167.8609954422802559 ) ) ;
#7661 = CARTESIAN_POINT ( 'NONE',  ( -21.92841488214654078, 600.9296093349619241, -537.1851850595385258 ) ) ;
#7662 = CARTESIAN_POINT ( 'NONE',  ( -1131.378564003983456, 955.9242172882776458, 146.8507001426489182 ) ) ;
#7663 = DIRECTION ( 'NONE',  ( 0.5786626424054297502, 0.8155670090706009789, 0.000000000000000000 ) ) ;
#7664 = DIRECTION ( 'NONE',  ( -0.7941567930305997169, 0.5634716255418392716, 0.2276284588811126053 ) ) ;
#7665 = CARTESIAN_POINT ( 'NONE',  ( -1130.425647882331987, 672.0920793093245038, -533.4939322078082569 ) ) ;
#7666 = CARTESIAN_POINT ( 'NONE',  ( 2.308085168284957309E-14, 600.0000000000000000, 488.5786437626905467 ) ) ;
#7667 = CARTESIAN_POINT ( 'NONE',  ( -1458.041541306736235, 334.9999999999999432, 158.6010951158156388 ) ) ;
#7668 = VERTEX_POINT ( 'NONE', #6491 ) ;
#7669 = CARTESIAN_POINT ( 'NONE',  ( -1125.728672947635914, 931.3579308131485277, -166.6286000450169240 ) ) ;
#7670 = DIRECTION ( 'NONE',  ( 1.000000000000000000, 0.000000000000000000, -2.220446049250312292E-15 ) ) ;
#7671 = DIRECTION ( 'NONE',  ( 0.000000000000000000, 1.000000000000000000, 0.000000000000000000 ) ) ;
#7672 = CYLINDRICAL_SURFACE ( 'NONE', #2358, 19.99999999999998934 ) ;
#7673 = DIRECTION ( 'NONE',  ( 1.000000000000000000, 0.000000000000000000, 4.999362528151271919E-51 ) ) ;
#7674 = DIRECTION ( 'NONE',  ( 0.000000000000000000, 0.000000000000000000, -1.000000000000000000 ) ) ;
#7675 = SURFACE_STYLE_FILL_AREA ( #4529 ) ;
#7676 = EDGE_LOOP ( 'NONE', ( #7953, #5108, #5418, #1473 ) ) ;
#7677 = DIRECTION ( 'NONE',  ( 0.000000000000000000, 0.000000000000000000, 1.000000000000000000 ) ) ;
#7678 = AXIS2_PLACEMENT_3D ( 'NONE', #7779, #9185, #2111 ) ;
#7679 = EDGE_LOOP ( 'NONE', ( #4137, #50, #5254, #7387 ) ) ;
#7680 = CARTESIAN_POINT ( 'NONE',  ( -1125.075612776214030, 177.9365672144658959, 647.9387406835563752 ) ) ;
#7681 = CARTESIAN_POINT ( 'NONE',  ( -1126.403696083984414, 181.5700022061843697, 658.2787384021706885 ) ) ;
#7682 = CARTESIAN_POINT ( 'NONE',  ( -1143.831754632465390, 914.3524061976007715, 152.7967987094249338 ) ) ;
#7683 = EDGE_CURVE ( 'NONE', #4968, #8872, #5620, .T. ) ;
#7684 = CARTESIAN_POINT ( 'NONE',  ( -22.27939591511579209, 562.6910609938314565, 551.2697047565220601 ) ) ;
#7685 = CARTESIAN_POINT ( 'NONE',  ( -23.30086000740748631, 572.0370092528470423, 570.7861798509718483 ) ) ;
#7686 = ORIENTED_EDGE ( 'NONE', *, *, #3651, .F. ) ;
#7687 = DIRECTION ( 'NONE',  ( 0.000000000000000000, 1.000000000000000000, 0.000000000000000000 ) ) ;
#7688 = CARTESIAN_POINT ( 'NONE',  ( -1132.159258893133710, 199.5366526450304150, -632.4868884886894875 ) ) ;
#7689 = CARTESIAN_POINT ( 'NONE',  ( -20.08333269546663402, 88.90529976658126543, 694.8965711924089419 ) ) ;
#7690 = CARTESIAN_POINT ( 'NONE',  ( -1173.750000000000227, 30.00000000000000711, 667.7499999999997726 ) ) ;
#7691 = CARTESIAN_POINT ( 'NONE',  ( -16.30470370615637421, 109.0557111503736394, -661.0450249961342024 ) ) ;
#7692 = CARTESIAN_POINT ( 'NONE',  ( -1163.750474142606436, 919.5222778666278600, 130.7503251571035037 ) ) ;
#7693 = ORIENTED_EDGE ( 'NONE', *, *, #6173, .F. ) ;
#7694 = DIRECTION ( 'NONE',  ( -4.872322894325868391E-15, -0.1999999999998937350, 0.9797958971132930683 ) ) ;
#7695 = CIRCLE ( 'NONE', #4725, 25.00000000000002132 ) ;
#7696 = ORIENTED_EDGE ( 'NONE', *, *, #4238, .F. ) ;
#7697 = CARTESIAN_POINT ( 'NONE',  ( 0.000000000000000000, 30.00000000000000711, 0.000000000000000000 ) ) ;
#7698 = EDGE_CURVE ( 'NONE', #9832, #120, #9265, .T. ) ;
#7699 = CARTESIAN_POINT ( 'NONE',  ( -22.27939591511578143, 562.6910609938313428, -551.2697047565220601 ) ) ;
#7700 = CARTESIAN_POINT ( 'NONE',  ( -23.75000000000033396, 40.00000000000000000, 650.2499999999998863 ) ) ;
#7701 = PLANE ( 'NONE',  #7493 ) ;
#7702 = CARTESIAN_POINT ( 'NONE',  ( -24.92162382001534482, 122.2054384320512526, 677.9040356991804401 ) ) ;
#7703 = APPLICATION_CONTEXT ( 'automotive_design' ) ;
#7704 = CARTESIAN_POINT ( 'NONE',  ( -495.2897197002004077, 924.2660875706181969, 163.1367457614944954 ) ) ;
#7705 = ORIENTED_EDGE ( 'NONE', *, *, #4715, .F. ) ;
#7706 = EDGE_LOOP ( 'NONE', ( #1686, #9030 ) ) ;
#7707 = CARTESIAN_POINT ( 'NONE',  ( -1126.224111892803421, 929.6948235517888861, 165.8782153712590457 ) ) ;
#7708 = CARTESIAN_POINT ( 'NONE',  ( -24.80613519894652796, 592.8390344254428328, -533.4718792360347379 ) ) ;
#7709 = CARTESIAN_POINT ( 'NONE',  ( -357.7080113700176867, 824.5123409701822084, -302.7158385259953661 ) ) ;
#7710 = CARTESIAN_POINT ( 'NONE',  ( -1125.238044318092761, 943.9530604841801278, 132.8682032364311567 ) ) ;
#7711 = CARTESIAN_POINT ( 'NONE',  ( -385.5549505783702671, 844.2703537956056152, 448.7780475532340461 ) ) ;
#7712 = CARTESIAN_POINT ( 'NONE',  ( -1523.981446312944627, 345.0000000000000568, 209.9899419033699530 ) ) ;
#7713 = CARTESIAN_POINT ( 'NONE',  ( -1153.962139339065061, 682.6625173264569639, -513.4800848329872451 ) ) ;
#7714 = CARTESIAN_POINT ( 'NONE',  ( -1133.128508999430778, 198.4088372129264428, -668.4486552847027951 ) ) ;
#7715 = FACE_OUTER_BOUND ( 'NONE', #3455, .T. ) ;
#7716 = TOROIDAL_SURFACE ( 'NONE', #1615, 100.0000000000001421, 23.00000000000000711 ) ;
#7717 = B_SPLINE_CURVE_WITH_KNOTS ( 'NONE', 3,
 ( #7013, #6326, #5603, #4833, #3136, #4786, #7155, #3911, #2469, #5516, #2419, #1638, #7203, #3181, #2374, #8667, #4875, #3274, #7894, #7062, #6424, #4692, #2514, #3959 ),
 .UNSPECIFIED., .F., .F.,
 ( 4, 2, 2, 2, 2, 2, 2, 2, 2, 2, 2, 4 ),
 ( 0.09865630917705722758, 0.09984653922038003171, 0.1010367692637028497, 0.1034172293503484441, 0.1057976894369940524, 0.1081781495236396468, 0.1093683795669626313, 0.1105586096102856158, 0.1129390696969316404, 0.1153195297835776650, 0.1165097598269006773, 0.1176999898702236896 ),
 .UNSPECIFIED. ) ;
#7718 = ORIENTED_EDGE ( 'NONE', *, *, #409, .F. ) ;
#7719 = DIRECTION ( 'NONE',  ( 0.7941567930305997169, -0.5634716255418393827, -0.2276284588811126608 ) ) ;
#7720 = CARTESIAN_POINT ( 'NONE',  ( -1149.999999999999545, 876.5281945957840435, -359.6008163958738351 ) ) ;
#7721 = DIRECTION ( 'NONE',  ( -1.698300684540295726E-17, 1.000000000000000000, -0.000000000000000000 ) ) ;
#7722 = CARTESIAN_POINT ( 'NONE',  ( 0.000000000000000000, 40.00000000000000000, -720.0000000000000000 ) ) ;
#7723 = CARTESIAN_POINT ( 'NONE',  ( -1125.261232675379006, 936.7138462074240124, 131.8968789793752023 ) ) ;
#7724 = CARTESIAN_POINT ( 'NONE',  ( -24.06358670445142423, 83.42653867597580586, -686.8089233117210597 ) ) ;
#7725 = DIRECTION ( 'NONE',  ( 0.000000000000000000, -1.000000000000000000, 0.000000000000000000 ) ) ;
#7726 = VERTEX_POINT ( 'NONE', #8269 ) ;
#7727 = CARTESIAN_POINT ( 'NONE',  ( -1131.559646541850043, 209.8668792837399621, -666.8870729778446957 ) ) ;
#7728 = CARTESIAN_POINT ( 'NONE',  ( -1125.022665846647897, 215.8959826693671289, 651.2323705427376126 ) ) ;
#7729 = CARTESIAN_POINT ( 'NONE',  ( 3.038872858745776688E-14, 479.2893218813453018, 650.7106781186548687 ) ) ;
#7730 = DIRECTION ( 'NONE',  ( 0.000000000000000000, 0.000000000000000000, -1.000000000000000000 ) ) ;
#7731 = EDGE_CURVE ( 'NONE', #7549, #687, #5158, .T. ) ;
#7732 = CARTESIAN_POINT ( 'NONE',  ( 0.000000000000000000, 40.00000000000000000, 0.000000000000000000 ) ) ;
#7733 = ORIENTED_EDGE ( 'NONE', *, *, #8236, .F. ) ;
#7734 = CYLINDRICAL_SURFACE ( 'NONE', #3157, 24.99999999999998934 ) ;
#7735 = CARTESIAN_POINT ( 'NONE',  ( -1128.497415430262663, 210.3289819273297780, -637.2383047012009456 ) ) ;
#7736 = CARTESIAN_POINT ( 'NONE',  ( -19.16979209268461659, 90.33770746841534560, 696.0538765207730876 ) ) ;
#7737 = DIRECTION ( 'NONE',  ( 0.000000000000000000, 1.000000000000000000, 0.000000000000000000 ) ) ;
#7738 = VECTOR ( 'NONE', #13, 1000.000000000000000 ) ;
#7739 = CARTESIAN_POINT ( 'NONE',  ( -24.99263518536987405, 82.09780065852743292, -679.3932162732677398 ) ) ;
#7741 = EDGE_CURVE ( 'NONE', #7561, #8665, #8989, .T. ) ;
#7740 = CARTESIAN_POINT ( 'NONE',  ( -1149.999999999999773, 915.0904436612944437, 134.6941054202155783 ) ) ;
#7742 = VERTEX_POINT ( 'NONE', #9765 ) ;
#7743 = CARTESIAN_POINT ( 'NONE',  ( -496.2960545460166486, 922.9796136799014903, -135.4600377288275581 ) ) ;
#7744 = ORIENTED_EDGE ( 'NONE', *, *, #7473, .F. ) ;
#7745 = EDGE_CURVE ( 'NONE', #3546, #4058, #254, .T. ) ;
#7746 = AXIS2_PLACEMENT_3D ( 'NONE', #3961, #9538, #8764 ) ;
#7747 = EDGE_LOOP ( 'NONE', ( #2502, #3407, #7031, #4507, #9362, #7021 ) ) ;
#7748 = AXIS2_PLACEMENT_3D ( 'NONE', #5141, #10015, #6851 ) ;
#7749 = CARTESIAN_POINT ( 'NONE',  ( -1133.949121704176832, 676.5327887915995007, 525.3186916600570839 ) ) ;
#7750 = EDGE_CURVE ( 'NONE', #9510, #624, #9333, .T. ) ;
#7751 = CYLINDRICAL_SURFACE ( 'NONE', #3476, 20.00000000000001776 ) ;
#7752 = CARTESIAN_POINT ( 'NONE',  ( -14.11287558473833137, 602.7946069519490493, 551.7223324842969987 ) ) ;
#7753 = AXIS2_PLACEMENT_3D ( 'NONE', #1574, #8784, #3156 ) ;
#7754 = CARTESIAN_POINT ( 'NONE',  ( -1443.041541306736235, 345.0000000000000000, -203.6010951158150704 ) ) ;
#7755 = CIRCLE ( 'NONE', #6754, 18.00000000000001421 ) ;
#7756 = CARTESIAN_POINT ( 'NONE',  ( -8.111822949032971408, 593.5835001677866103, 569.4026785657875962 ) ) ;
#7757 = CARTESIAN_POINT ( 'NONE',  ( -1142.356629867023003, 915.6434438654191581, -142.6962968145803643 ) ) ;
#7758 = ORIENTED_EDGE ( 'NONE', *, *, #8569, .T. ) ;
#7759 = ORIENTED_EDGE ( 'NONE', *, *, #6571, .T. ) ;
#7760 = CARTESIAN_POINT ( 'NONE',  ( -1126.805036380889078, 928.1776056301335984, 164.9857828876141639 ) ) ;
#7761 =( NAMED_UNIT ( * ) SI_UNIT ( $, .STERADIAN. ) SOLID_ANGLE_UNIT ( ) );
#7762 = EDGE_CURVE ( 'NONE', #565, #8582, #8266, .T. ) ;
#7763 = CARTESIAN_POINT ( 'NONE',  ( -18.63806638310422770, 603.4116755733305126, -542.5966456007429315 ) ) ;
#7764 = CARTESIAN_POINT ( 'NONE',  ( -1125.995645504149707, 947.2147591374427975, 134.4254443375579910 ) ) ;
#7765 = PLANE ( 'NONE',  #3199 ) ;
#7766 = DIRECTION ( 'NONE',  ( 0.000000000000000000, 1.000000000000000000, 0.000000000000000000 ) ) ;
#7767 = AXIS2_PLACEMENT_3D ( 'NONE', #2348, #1225, #550 ) ;
#7768 = CARTESIAN_POINT ( 'NONE',  ( -1133.089473966413152, 199.6471137600818508, -668.4129146429897901 ) ) ;
#7769 = CARTESIAN_POINT ( 'NONE',  ( -1174.213518397303233, 932.8985877270598621, 147.3426201564101348 ) ) ;
#7770 = ADVANCED_FACE ( 'NONE', ( #3667 ), #2998, .F. ) ;
#7771 = ORIENTED_EDGE ( 'NONE', *, *, #4207, .T. ) ;
#7772 = EDGE_CURVE ( 'NONE', #10207, #6011, #8757, .T. ) ;
#7773 = CARTESIAN_POINT ( 'NONE',  ( -1129.709429239360361, 952.6545058365710474, -160.4709074333598551 ) ) ;
#7774 = AXIS2_PLACEMENT_3D ( 'NONE', #8370, #10081, #6192 ) ;
#7775 = CARTESIAN_POINT ( 'NONE',  ( -23.71827001476165364, 563.0164934223863611, 555.8082063573192499 ) ) ;
#7776 = CARTESIAN_POINT ( 'NONE',  ( -1126.250000000000227, 30.00000000000000711, 632.2499999999997726 ) ) ;
#7777 = CARTESIAN_POINT ( 'NONE',  ( -480.0430627306078009, 911.3117373309964933, -302.7158385259953093 ) ) ;
#7778 = CARTESIAN_POINT ( 'NONE',  ( -15.84442401535597966, 98.11736751052856675, -699.3381489913037967 ) ) ;
#7779 = CARTESIAN_POINT ( 'NONE',  ( -1150.000000000000227, 938.9285782095131481, -149.8625354325471051 ) ) ;
#7780 = CARTESIAN_POINT ( 'NONE',  ( -1150.000000000000227, 200.0000000000000284, -650.0000000000011369 ) ) ;
#7781 = DIRECTION ( 'NONE',  ( 1.000000000000000000, 0.000000000000000000, 0.000000000000000000 ) ) ;
#7782 = CARTESIAN_POINT ( 'NONE',  ( -1130.764762599681490, 189.0312255697567991, 665.9726876833254892 ) ) ;
#7783 = CARTESIAN_POINT ( 'NONE',  ( -1125.039388663463569, 938.5456659960937031, 169.8602447863574127 ) ) ;
#7784 = CARTESIAN_POINT ( 'NONE',  ( -20.58136924485096841, 565.0499140784179417, 544.5425143778164738 ) ) ;
#7785 = CIRCLE ( 'NONE', #5792, 4.999999999999838352 ) ;
#7786 = DIRECTION ( 'NONE',  ( 1.000000000000000000, 0.000000000000000000, 0.000000000000000000 ) ) ;
#7787 = EDGE_LOOP ( 'NONE', ( #8686, #3775, #9970, #2722, #824 ) ) ;
#7788 = DIRECTION ( 'NONE',  ( 0.000000000000000000, 0.7071067811865486830, 0.7071067811865464625 ) ) ;
#7789 = LINE ( 'NONE', #2327, #4795 ) ;
#7790 = CARTESIAN_POINT ( 'NONE',  ( -24.56879014244475101, 82.75769430047557762, 684.6710337328851210 ) ) ;
#7791 = CARTESIAN_POINT ( 'NONE',  ( -9.125168146032628158, 590.8283226529482590, -571.9413239892976435 ) ) ;
#7792 = CARTESIAN_POINT ( 'NONE',  ( -19.44246534506336133, 88.67580690641587182, -664.2756926460335762 ) ) ;
#7794 = CARTESIAN_POINT ( 'NONE',  ( -1164.929682001177525, 920.3367545238385219, 130.9361472579555539 ) ) ;
#7793 = AXIS2_PLACEMENT_3D ( 'NONE', #6900, #2986, #5255 ) ;
#7795 = AXIS2_PLACEMENT_3D ( 'NONE', #7402, #333, #1995 ) ;
#7796 = VERTEX_POINT ( 'NONE', #9309 ) ;
#7797 = EDGE_CURVE ( 'NONE', #894, #2751, #1665, .T. ) ;
#7798 = DIRECTION ( 'NONE',  ( 0.000000000000000000, 1.000000000000000000, 0.000000000000000000 ) ) ;
#7799 = VERTEX_POINT ( 'NONE', #2951 ) ;
#7800 = VECTOR ( 'NONE', #6751, 1000.000000000000000 ) ;
#7801 = EDGE_CURVE ( 'NONE', #4598, #6261, #8425, .T. ) ;
#7802 = ORIENTED_EDGE ( 'NONE', *, *, #811, .T. ) ;
#7803 = VECTOR ( 'NONE', #8909, 1000.000000000000000 ) ;
#7804 = CARTESIAN_POINT ( 'NONE',  ( -1157.236141699988821, 681.8371464009067040, 515.0970426482360836 ) ) ;
#7805 = CARTESIAN_POINT ( 'NONE',  ( -488.9612418815322030, 929.2138353677045188, 145.8557304354854978 ) ) ;
#7806 = CARTESIAN_POINT ( 'NONE',  ( -23.50526674994356924, 562.8653629442160309, -555.0551877120850577 ) ) ;
#7807 =( BOUNDED_CURVE ( )  B_SPLINE_CURVE ( 3, ( #2973, #8447, #1381, #6012 ),
 .UNSPECIFIED., .F., .F. ) 
 B_SPLINE_CURVE_WITH_KNOTS ( ( 4, 4 ),
 ( 6.225483712799915637, 9.367076366389706976 ),
 .UNSPECIFIED. ) 
 CURVE ( )  GEOMETRIC_REPRESENTATION_ITEM ( )  RATIONAL_B_SPLINE_CURVE ( ( 1.000000000000000000, 0.3333333333333339810, 0.3333333333333339810, 1.000000000000000000 ) ) 
 REPRESENTATION_ITEM ( '' )  );
#7808 = EDGE_CURVE ( 'NONE', #3873, #7529, #2316, .T. ) ;
#7809 = CARTESIAN_POINT ( 'NONE',  ( -500.0430627306078577, 910.6867364633682200, -131.7766279177168940 ) ) ;
#7810 = EDGE_CURVE ( 'NONE', #6884, #9944, #7649, .T. ) ;
#7811 = CARTESIAN_POINT ( 'NONE',  ( -1150.000000000000227, 39.99999999999997868, -650.0000000000011369 ) ) ;
#7812 = CARTESIAN_POINT ( 'NONE',  ( -19.32542143807155455, 92.26957689800421747, 664.1353131778771512 ) ) ;
#7813 = SURFACE_STYLE_FILL_AREA ( #6974 ) ;
#7814 = EDGE_CURVE ( 'NONE', #9103, #5523, #1183, .T. ) ;
#7815 = ORIENTED_EDGE ( 'NONE', *, *, #3625, .T. ) ;
#7816 = B_SPLINE_CURVE_WITH_KNOTS ( 'NONE', 3,
 ( #1756, #5492, #4215, #10149, #8646, #4893, #1572, #4117, #7265, #4719, #802, #201, #3341, #9655, #2582, #5719, #8103, #1803, #4936, #2127, #5095, #5260, #1345, #7587, #3660, #2836, #8418, #1957, #1139, #9864, #5823, #3604, #2786, #4437, #406, #7366, #513, #298, #7483, #4270, #5046, #8261, #9203, #6589, #7423, #6809, #9755, #3555, #9977, #2682, #2894, #4381, #2016, #3498, #2075, #7536, #3438, #6034, #8985, #1907, #6752, #9810 ),
 .UNSPECIFIED., .F., .F.,
 ( 4, 2, 2, 2, 2, 2, 2, 2, 2, 2, 2, 2, 2, 2, 2, 2, 2, 2, 2, 2, 2, 2, 2, 2, 2, 2, 2, 2, 2, 2, 4 ),
 ( 0.0002102152919911420457, 0.004335680771264787021, 0.005367047141083283734, 0.006398413510901781315, 0.008461146250538762598, 0.01052387899017574215, 0.01258661172981272343, 0.01671207720908668079, 0.01877480994872358228, 0.02083754268836048029, 0.02496300816763432490, 0.02599437453745268370, 0.02702574090727104944, 0.02908847364690778092, 0.03115120638654451241, 0.03321393912618123695, 0.03527667186581796149, 0.03630803823563617111, 0.03733940460545437379, 0.04146487008472786451, 0.04249623645454626841, 0.04352760282436467232, 0.04559033556400138298, 0.04765306830363808671, 0.04971580104327478350, 0.05384126652254821177, 0.05590399926218481141, 0.05796673200182141800, 0.06209219748109494341, 0.06415493022073173734, 0.06621766296036853128 ),
 .UNSPECIFIED. ) ;
#7817 = ORIENTED_EDGE ( 'NONE', *, *, #2931, .T. ) ;
#7818 = CARTESIAN_POINT ( 'NONE',  ( -1133.274343845894919, 920.2238296558867887, 150.4883020247738443 ) ) ;
#7819 = AXIS2_PLACEMENT_3D ( 'NONE', #2210, #8288, #6726 ) ;
#7820 = CARTESIAN_POINT ( 'NONE',  ( -23.48987751923946732, 577.2534414989974039, -537.4931420147471499 ) ) ;
#7821 = DIRECTION ( 'NONE',  ( 0.000000000000000000, 0.000000000000000000, 1.000000000000000000 ) ) ;
#7822 = AXIS2_PLACEMENT_3D ( 'NONE', #1693, #2421, #5558 ) ;
#7823 = FILL_AREA_STYLE ('',( #803 ) ) ;
#7824 = DIRECTION ( 'NONE',  ( 0.000000000000000000, 0.000000000000000000, 1.000000000000000000 ) ) ;
#7825 = CARTESIAN_POINT ( 'NONE',  ( -1130.928306007426045, 207.2538539354398210, -666.1835496781420716 ) ) ;
#7826 = DIRECTION ( 'NONE',  ( -4.999362528151271919E-51, 0.000000000000000000, -1.000000000000000000 ) ) ;
#7827 = AXIS2_PLACEMENT_3D ( 'NONE', #4865, #2504, #6612 ) ;
#7828 = ORIENTED_EDGE ( 'NONE', *, *, #7810, .F. ) ;
#7829 = CARTESIAN_POINT ( 'NONE',  ( -1130.937828863248114, 921.9659311160992274, -157.8621894493770696 ) ) ;
#7830 = AXIS2_PLACEMENT_3D ( 'NONE', #8493, #538, #2917 ) ;
#7831 = EDGE_CURVE ( 'NONE', #627, #1213, #4128, .T. ) ;
#7832 = CARTESIAN_POINT ( 'NONE',  ( -18.02406389174208456, 581.7121505775538708, -572.8004369859138478 ) ) ;
#7833 = CARTESIAN_POINT ( 'NONE',  ( -40.00000000000034106, 40.00000000000000000, 0.000000000000000000 ) ) ;
#7834 = DIRECTION ( 'NONE',  ( -0.5106616124301164295, -0.8590958568053638222, 0.03433695400194440583 ) ) ;
#7835 = DIRECTION ( 'NONE',  ( 0.04118683666227203333, 0.9991514622347080765, 0.000000000000000000 ) ) ;
#7836 = ORIENTED_EDGE ( 'NONE', *, *, #9772, .T. ) ;
#7837 = CARTESIAN_POINT ( 'NONE',  ( -1127.111929415209488, 180.2981564676800019, -660.0613061036939371 ) ) ;
#7838 = DIRECTION ( 'NONE',  ( 0.000000000000000000, 0.000000000000000000, -1.000000000000000000 ) ) ;
#7839 = CARTESIAN_POINT ( 'NONE',  ( -494.2436988790144596, 925.4338376405473809, -161.6598456215403417 ) ) ;
#7840 = CARTESIAN_POINT ( 'NONE',  ( -1130.223827700120637, 953.1043992477710844, 163.1344417389974808 ) ) ;
#7841 = FACE_OUTER_BOUND ( 'NONE', #7112, .T. ) ;
#7842 = CARTESIAN_POINT ( 'NONE',  ( -1548.041541306736235, 345.0000000000000000, 158.6010951158155819 ) ) ;
#7843 = ORIENTED_EDGE ( 'NONE', *, *, #4827, .F. ) ;
#7844 = DIRECTION ( 'NONE',  ( -0.000000000000000000, -0.000000000000000000, -1.000000000000000000 ) ) ;
#7845 = CARTESIAN_POINT ( 'NONE',  ( -1125.355241911604480, 215.2692357562728489, -645.7582665694870911 ) ) ;
#7846 = FACE_OUTER_BOUND ( 'NONE', #1659, .T. ) ;
#7847 = CARTESIAN_POINT ( 'NONE',  ( -496.3544029120197933, 922.8849901791051025, -302.7158385259953093 ) ) ;
#7848 = PRESENTATION_LAYER_ASSIGNMENT (  '', '', ( #410 ) ) ;
#7849 = FACE_OUTER_BOUND ( 'NONE', #578, .T. ) ;
#7850 = CARTESIAN_POINT ( 'NONE',  ( -1153.304727491480435, 915.4432644843518574, 132.8013633126070658 ) ) ;
#7851 = ORIENTED_EDGE ( 'NONE', *, *, #676, .F. ) ;
#7852 = CARTESIAN_POINT ( 'NONE',  ( -17.96989969595530567, 95.37619189346115434, -662.6168575031339287 ) ) ;
#7853 = ORIENTED_EDGE ( 'NONE', *, *, #4904, .F. ) ;
#7854 = EDGE_LOOP ( 'NONE', ( #2621, #8466, #3382, #1277 ) ) ;
#7855 = DIRECTION ( 'NONE',  ( -1.000000000000000000, 1.110223024625143327E-15, -1.110223024625143327E-15 ) ) ;
#7856 = CARTESIAN_POINT ( 'NONE',  ( -24.99027862938593358, 122.2485396731904217, 679.3028816272169479 ) ) ;
#7857 = FACE_OUTER_BOUND ( 'NONE', #3831, .T. ) ;
#7858 = CARTESIAN_POINT ( 'NONE',  ( -1152.926862510408455, 915.2062072052410713, -135.3764798530332030 ) ) ;
#7859 = CARTESIAN_POINT ( 'NONE',  ( -10.56776211007589161, 588.4756259369147529, 573.5352884483531852 ) ) ;
#7860 = CARTESIAN_POINT ( 'NONE',  ( -25.00000000000029132, 84.11293485400726411, 679.8980596282324314 ) ) ;
#7861 = VECTOR ( 'NONE', #8011, 1000.000000000000000 ) ;
#7862 = DIRECTION ( 'NONE',  ( 1.000000000000000000, 0.000000000000000000, 0.000000000000000000 ) ) ;
#7863 = ORIENTED_EDGE ( 'NONE', *, *, #5271, .T. ) ;
#7864 = EDGE_CURVE ( 'NONE', #2035, #5408, #1456, .T. ) ;
#7865 = ORIENTED_EDGE ( 'NONE', *, *, #5267, .F. ) ;
#7866 = CARTESIAN_POINT ( 'NONE',  ( -1131.887776693008618, 956.1972461434756951, 150.1732621359369091 ) ) ;
#7867 = DIRECTION ( 'NONE',  ( 0.000000000000000000, 0.6207195780578259603, -0.7840326558350197983 ) ) ;
#7868 = CIRCLE ( 'NONE', #2103, 23.00000000000002132 ) ;
#7869 = DIRECTION ( 'NONE',  ( -0.000000000000000000, -0.000000000000000000, -1.000000000000000000 ) ) ;
#7870 = EDGE_CURVE ( 'NONE', #5661, #10187, #5469, .T. ) ;
#7871 = CARTESIAN_POINT ( 'NONE',  ( -23.75000000000028066, 30.00000000000000711, -697.7500000000000000 ) ) ;
#7872 = ADVANCED_FACE ( 'NONE', ( #6140 ), #4801, .F. ) ;
#7873 = DIRECTION ( 'NONE',  ( 0.9991514412379745025, -0.04118683579675176676, 0.0002050100731056651480 ) ) ;
#7874 = CARTESIAN_POINT ( 'NONE',  ( -1132.923163640123676, 201.1780379500159484, -668.2594301639215928 ) ) ;
#7875 = CARTESIAN_POINT ( 'NONE',  ( -1174.331266870259924, 933.1897350755094749, 149.5549356210520955 ) ) ;
#7876 = VERTEX_POINT ( 'NONE', #6914 ) ;
#7877 = ORIENTED_EDGE ( 'NONE', *, *, #6971, .F. ) ;
#7878 = CARTESIAN_POINT ( 'NONE',  ( -479.2193259973621480, 931.2947665756913693, 150.0000000000000284 ) ) ;
#7879 = CARTESIAN_POINT ( 'NONE',  ( -23.38755601811741869, 573.5865472201547846, -568.9366330513423691 ) ) ;
#7880 = CARTESIAN_POINT ( 'NONE',  ( -1172.458217746162518, 929.0031726527105320, -136.4845085595654552 ) ) ;
#7881 = DIRECTION ( 'NONE',  ( 0.000000000000000000, 0.000000000000000000, -1.000000000000000000 ) ) ;
#7882 =( NAMED_UNIT ( * ) PLANE_ANGLE_UNIT ( ) SI_UNIT ( $, .RADIAN. ) );
#7883 = EDGE_LOOP ( 'NONE', ( #6238, #1076, #6865, #4329 ) ) ;
#7884 = CARTESIAN_POINT ( 'NONE',  ( -2.902317422911738039E-13, 408.5786437626903762, -680.0000000000000000 ) ) ;
#7885 = VECTOR ( 'NONE', #10012, 1000.000000000000000 ) ;
#7886 = DIRECTION ( 'NONE',  ( -0.000000000000000000, 1.000000000000000000, -0.000000000000000000 ) ) ;
#7887 = CARTESIAN_POINT ( 'NONE',  ( -492.0808413160922328, 927.2894339420047345, -158.9496939458153975 ) ) ;
#7888 = CARTESIAN_POINT ( 'NONE',  ( -1125.595190546864842, 942.6357107798716015, 169.3169120950625484 ) ) ;
#7889 = CYLINDRICAL_SURFACE ( 'NONE', #4093, 5.999999999999894307 ) ;
#7890 = CYLINDRICAL_SURFACE ( 'NONE', #1758, 5.999999999999894307 ) ;
#7891 = ORIENTED_EDGE ( 'NONE', *, *, #6082, .T. ) ;
#7892 = CIRCLE ( 'NONE', #8810, 4.999999999999809930 ) ;
#7893 = DIRECTION ( 'NONE',  ( -0.5106616124301164295, -0.8590958568053636002, -0.03433695400194736874 ) ) ;
#7894 = CARTESIAN_POINT ( 'NONE',  ( -1147.434221126444072, 915.0635208092957100, 136.6146752043116805 ) ) ;
#7895 = LINE ( 'NONE', #1639, #1537 ) ;
#7896 = EDGE_CURVE ( 'NONE', #7548, #1436, #3302, .T. ) ;
#7897 = CARTESIAN_POINT ( 'NONE',  ( -4.553031471546817989E-14, 600.0000000000002274, -488.5786437626905467 ) ) ;
#7898 = CARTESIAN_POINT ( 'NONE',  ( -1443.041541306736235, 345.0000000000000000, -203.6010951158150704 ) ) ;
#7899 = EDGE_LOOP ( 'NONE', ( #9267, #9575, #9637, #5784 ) ) ;
#7900 = CARTESIAN_POINT ( 'NONE',  ( -16.84946258180154999, 100.6753258163689111, -661.5311830331991132 ) ) ;
#7901 = ORIENTED_EDGE ( 'NONE', *, *, #4176, .F. ) ;
#7902 = ORIENTED_EDGE ( 'NONE', *, *, #182, .F. ) ;
#7903 = CARTESIAN_POINT ( 'NONE',  ( -1172.950624033952863, 661.6844995077839258, 548.9330483644248488 ) ) ;
#7904 = FILL_AREA_STYLE_COLOUR ( '', #6128 ) ;
#7905 = CARTESIAN_POINT ( 'NONE',  ( -1148.797318936786269, 912.5283631735153449, -164.3956987715554305 ) ) ;
#7906 = CARTESIAN_POINT ( 'NONE',  ( -498.3133329542018259, 903.1568525354836083, -134.0728063798660514 ) ) ;
#7907 = CARTESIAN_POINT ( 'NONE',  ( -24.76016072291455217, 122.0366615301638262, 676.5281948640526934 ) ) ;
#7908 = VECTOR ( 'NONE', #4615, 1000.000000000000000 ) ;
#7909 = ORIENTED_EDGE ( 'NONE', *, *, #6812, .T. ) ;
#7910 = ORIENTED_EDGE ( 'NONE', *, *, #3070, .T. ) ;
#7911 = DIRECTION ( 'NONE',  ( -3.892316372769485506E-15, -0.7071067811865453523, -0.7071067811865496822 ) ) ;
#7912 = AXIS2_PLACEMENT_3D ( 'NONE', #3587, #8966, #3537 ) ;
#7913 = CARTESIAN_POINT ( 'NONE',  ( -21.83061752197024319, 576.3585525016376323, 570.9589473534247190 ) ) ;
#7914 = CARTESIAN_POINT ( 'NONE',  ( -1170.542277147419554, 923.1537872623689509, -165.9320234050426848 ) ) ;
#7915 = TOROIDAL_SURFACE ( 'NONE', #3612, 99.99999999999997158, 23.00000000000000711 ) ;
#7916 = EDGE_CURVE ( 'NONE', #1679, #5275, #8677, .T. ) ;
#7917 = DIRECTION ( 'NONE',  ( -0.000000000000000000, 1.000000000000000000, -0.000000000000000000 ) ) ;
#7918 = CARTESIAN_POINT ( 'NONE',  ( -1132.296291468256186, 203.8076620510969974, -667.6519916885199564 ) ) ;
#7919 = CARTESIAN_POINT ( 'NONE',  ( -12.05582537549923750, 603.7873664448615045, -552.5165400981718449 ) ) ;
#7920 = ORIENTED_EDGE ( 'NONE', *, *, #8998, .F. ) ;
#7921 = EDGE_CURVE ( 'NONE', #9876, #2698, #789, .T. ) ;
#7922 = ADVANCED_FACE ( 'NONE', ( #3289 ), #9603, .F. ) ;
#7923 = ORIENTED_EDGE ( 'NONE', *, *, #1796, .T. ) ;
#7924 = EDGE_CURVE ( 'NONE', #9186, #9132, #9348, .T. ) ;
#7925 = DIRECTION ( 'NONE',  ( 4.753142324176451439E-16, 4.015884846886308424E-16, 1.000000000000000000 ) ) ;
#7926 = CARTESIAN_POINT ( 'NONE',  ( -1173.750000000000227, 30.00000000000000711, -673.7499999999997726 ) ) ;
#7927 = CARTESIAN_POINT ( 'NONE',  ( -1458.041541306736235, 334.9999999999999432, 188.6010951158156388 ) ) ;
#7928 = CARTESIAN_POINT ( 'NONE',  ( -1129.159647075234943, 926.1794209870047325, 136.3320728795982006 ) ) ;
#7929 = STYLED_ITEM ( 'NONE', ( #8518 ), #918 ) ;
#7930 = TOROIDAL_SURFACE ( 'NONE', #2339, 149.9999999999998579, 20.00000000000003553 ) ;
#7931 = CARTESIAN_POINT ( 'NONE',  ( -19.52936522302570665, 113.5621074550742975, -695.6143937287391736 ) ) ;
#7932 = ADVANCED_FACE ( 'NONE', ( #7857 ), #7263, .T. ) ;
#7933 = ORIENTED_EDGE ( 'NONE', *, *, #8051, .T. ) ;
#7934 = CARTESIAN_POINT ( 'NONE',  ( -1135.408624133400508, 196.7806379938845396, -670.3000913821848599 ) ) ;
#7935 = CARTESIAN_POINT ( 'NONE',  ( -1158.001264304996084, 913.4886507562972611, 167.7169593409228128 ) ) ;
#7936 = CARTESIAN_POINT ( 'NONE',  ( -1458.041541306736235, 345.0000000000000000, 163.6010951158154398 ) ) ;
#7937 = CARTESIAN_POINT ( 'NONE',  ( -1126.633854587135829, 928.3924057933905942, 167.4350990257570118 ) ) ;
#7938 = CARTESIAN_POINT ( 'NONE',  ( -22.80799064727201753, 600.5495528547899085, 533.8280622769768797 ) ) ;
#7939 = ADVANCED_FACE ( 'NONE', ( #4017 ), #5477, .F. ) ;
#7940 = STYLED_ITEM ( 'NONE', ( #4944 ), #7658 ) ;
#7941 = CARTESIAN_POINT ( 'NONE',  ( -24.34131213410968542, 569.6648854897974843, 568.4696296540477078 ) ) ;
#7942 = VERTEX_POINT ( 'NONE', #7215 ) ;
#7943 = DIRECTION ( 'NONE',  ( 5.551115123125780730E-16, -1.000000000000000000, 0.000000000000000000 ) ) ;
#7944 = CARTESIAN_POINT ( 'NONE',  ( -1148.440666905433091, 217.9323305875223298, 650.0000000000011369 ) ) ;
#7945 = DIRECTION ( 'NONE',  ( 0.000000000000000000, 0.000000000000000000, -1.000000000000000000 ) ) ;
#7946 = CARTESIAN_POINT ( 'NONE',  ( -500.0430627306078009, 899.9751890758126365, 130.4798859067114449 ) ) ;
#7947 = CARTESIAN_POINT ( 'NONE',  ( 39.99999999999965894, 40.00000000000000000, 640.0000000000000000 ) ) ;
#7948 = DIRECTION ( 'NONE',  ( 0.000000000000000000, 0.000000000000000000, -1.000000000000000000 ) ) ;
#7949 = VERTEX_POINT ( 'NONE', #7122 ) ;
#7950 = CARTESIAN_POINT ( 'NONE',  ( -22.79374315499507375, 117.2452143988388116, -669.7184473131515006 ) ) ;
#7951 = EDGE_LOOP ( 'NONE', ( #5810, #9144, #1749, #4506 ) ) ;
#7952 = EDGE_CURVE ( 'NONE', #5351, #1824, #106, .T. ) ;
#7953 = ORIENTED_EDGE ( 'NONE', *, *, #8363, .T. ) ;
#7954 = CIRCLE ( 'NONE', #1353, 25.00000000000002132 ) ;
#7955 = AXIS2_PLACEMENT_3D ( 'NONE', #3272, #4003, #1545 ) ;
#7956 = CARTESIAN_POINT ( 'NONE',  ( 3.038872858745782368E-14, 496.9669914110089621, 668.3883476483186996 ) ) ;
#7957 = CARTESIAN_POINT ( 'NONE',  ( -492.0808413160922328, 927.2894339420047345, 140.7753769192813138 ) ) ;
#7958 = DIRECTION ( 'NONE',  ( 0.000000000000000000, 0.000000000000000000, -1.000000000000000000 ) ) ;
#7959 = EDGE_CURVE ( 'NONE', #909, #6701, #9259, .T. ) ;
#7960 = AXIS2_PLACEMENT_3D ( 'NONE', #3561, #2792, #2692 ) ;
#7961 = CARTESIAN_POINT ( 'NONE',  ( -1150.000000000000000, -804.6428199482242007, 0.000000000000000000 ) ) ;
#7962 = AXIS2_PLACEMENT_3D ( 'NONE', #650, #2163, #7514 ) ;
#7963 = CARTESIAN_POINT ( 'NONE',  ( -1125.135425575229647, 943.4321327044788177, 130.5950618301143606 ) ) ;
#7964 = VECTOR ( 'NONE', #7977, 999.9999999999998863 ) ;
#7965 = VERTEX_POINT ( 'NONE', #148 ) ;
#7966 = ORIENTED_EDGE ( 'NONE', *, *, #8463, .F. ) ;
#7967 = DIRECTION ( 'NONE',  ( 0.000000000000000000, 0.000000000000000000, -1.000000000000000000 ) ) ;
#7968 = CARTESIAN_POINT ( 'NONE',  ( -19.66864027541114268, 579.5025243051255757, 572.3253375480489922 ) ) ;
#7969 = CARTESIAN_POINT ( 'NONE',  ( -1163.134927418214374, 915.8208726543135754, -168.7851944695066209 ) ) ;
#7970 = CYLINDRICAL_SURFACE ( 'NONE', #1489, 25.00000000000003197 ) ;
#7971 = DIRECTION ( 'NONE',  ( 0.000000000000000000, 0.000000000000000000, -1.000000000000000000 ) ) ;
#7972 = CARTESIAN_POINT ( 'NONE',  ( -1125.280964014349820, 180.0436169924601870, -653.7500296449118196 ) ) ;
#7973 = CARTESIAN_POINT ( 'NONE',  ( -12.64807888786322287, 604.1805957337925292, -551.2322943483148947 ) ) ;
#7974 = ORIENTED_EDGE ( 'NONE', *, *, #10151, .T. ) ;
#7975 = VERTEX_POINT ( 'NONE', #6289 ) ;
#7976 = CARTESIAN_POINT ( 'NONE',  ( 23.74999999999988276, 30.00000000000000711, 703.7500000000001137 ) ) ;
#7977 = DIRECTION ( 'NONE',  ( 0.9959043170553905089, -0.08660037539612093493, -0.02598011261883533679 ) ) ;
#7978 = CARTESIAN_POINT ( 'NONE',  ( -1172.785685930945874, 929.6513065265876321, -137.1201741444207016 ) ) ;
#7979 = CIRCLE ( 'NONE', #4339, 24.99999999999998934 ) ;
#7980 = CARTESIAN_POINT ( 'NONE',  ( -24.57051624107173282, 121.4889267089473890, -684.8122738749115115 ) ) ;
#7981 = ORIENTED_EDGE ( 'NONE', *, *, #8423, .T. ) ;
#7982 = CARTESIAN_POINT ( 'NONE',  ( -1126.988173813941557, 180.1351460130271107, -659.7751745908719840 ) ) ;
#7983 = AXIS2_PLACEMENT_3D ( 'NONE', #9823, #9266, #7547 ) ;
#7984 = CARTESIAN_POINT ( 'NONE',  ( -1150.701011503075506, 912.6105267588193328, 163.2984178341478128 ) ) ;
#7985 = CARTESIAN_POINT ( 'NONE',  ( -495.2894021215975044, 924.2663535436787470, -162.8678926287464321 ) ) ;
#7986 = CARTESIAN_POINT ( 'NONE',  ( -1131.104645672509378, 954.3179931013009991, 161.6739582689356496 ) ) ;
#7987 = AXIS2_PLACEMENT_3D ( 'NONE', #3037, #5358, #4374 ) ;
#7988 = CARTESIAN_POINT ( 'NONE',  ( -24.43242814551207687, 563.8037983320084550, 558.6887933072475789 ) ) ;
#7989 = ORIENTED_EDGE ( 'NONE', *, *, #5168, .T. ) ;
#7990 = AXIS2_PLACEMENT_3D ( 'NONE', #10116, #6170, #5353 ) ;
#7991 = CARTESIAN_POINT ( 'NONE',  ( 23.74999999999967315, 30.00000000000000711, 650.2499999999998863 ) ) ;
#7992 = CARTESIAN_POINT ( 'NONE',  ( -10.19275232065916725, 602.0627597127623858, -556.9345014829845013 ) ) ;
#7993 = DIRECTION ( 'NONE',  ( 0.000000000000000000, 0.000000000000000000, 1.000000000000000000 ) ) ;
#7994 = CARTESIAN_POINT ( 'NONE',  ( -1146.183140259175616, 637.3059562411893921, 549.3520840482050289 ) ) ;
#7995 = ORIENTED_EDGE ( 'NONE', *, *, #1552, .T. ) ;
#7996 = CARTESIAN_POINT ( 'NONE',  ( -388.8965832833725926, 846.6413153346563831, 466.3055126365026695 ) ) ;
#7997 = ORIENTED_EDGE ( 'NONE', *, *, #7398, .F. ) ;
#7998 = EDGE_CURVE ( 'NONE', #6299, #4797, #2486, .T. ) ;
#7999 = ORIENTED_EDGE ( 'NONE', *, *, #7276, .T. ) ;
#8000 = VECTOR ( 'NONE', #6641, 1000.000000000000000 ) ;
#8001 = CARTESIAN_POINT ( 'NONE',  ( -2.927147495130478761E-14, 570.7106781186548687, -559.2893218813454723 ) ) ;
#8002 = CARTESIAN_POINT ( 'NONE',  ( -25.00000000000031974, 120.1818051264667702, 681.2075479507591353 ) ) ;
#8003 = DIRECTION ( 'NONE',  ( 1.000000000000000000, 0.000000000000000000, 0.000000000000000000 ) ) ;
#8004 = CARTESIAN_POINT ( 'NONE',  ( -24.20424768796542736, 565.8135868545076619, 555.3371878845308629 ) ) ;
#8005 = UNCERTAINTY_MEASURE_WITH_UNIT (LENGTH_MEASURE( 1.000000000000000082E-05 ), #1262, 'distance_accuracy_value', 'NONE');
#8006 = COLOUR_RGB ( '',0.6470588235294117974, 0.6196078431372549211, 0.5882352941176470784 ) ;
#8007 = CARTESIAN_POINT ( 'NONE',  ( -1125.945863199855694, 947.2004270627259075, 132.1347380895412016 ) ) ;
#8008 = B_SPLINE_CURVE_WITH_KNOTS ( 'NONE', 3,
 ( #7775, #6996, #2363, #4597, #9305, #7645, #2079, #2284 ),
 .UNSPECIFIED., .F., .F.,
 ( 4, 2, 2, 4 ),
 ( 0.03679324797879203468, 0.03916366730470546148, 0.04034887696766233101, 0.04153408663061920053 ),
 .UNSPECIFIED. ) ;
#8009 = ORIENTED_EDGE ( 'NONE', *, *, #7741, .T. ) ;
#8010 = EDGE_CURVE ( 'NONE', #8524, #5608, #4847, .T. ) ;
#8011 = DIRECTION ( 'NONE',  ( 0.000000000000000000, 1.000000000000000000, 0.000000000000000000 ) ) ;
#8012 = CARTESIAN_POINT ( 'NONE',  ( -24.44280174889230040, 571.0708349155157748, 566.4042625863600051 ) ) ;
#8013 = CARTESIAN_POINT ( 'NONE',  ( -1169.330440284503993, 921.4162791759806623, -167.0390856180137291 ) ) ;
#8014 = CIRCLE ( 'NONE', #1430, 25.00000000000002132 ) ;
#8015 = CARTESIAN_POINT ( 'NONE',  ( -13.85961355914440141, 602.6149120019068732, 552.3312450094983888 ) ) ;
#8016 = CARTESIAN_POINT ( 'NONE',  ( 3.933969144701300324E-14, 570.7106781186548687, 559.2893218813453586 ) ) ;
#8017 = LINE ( 'NONE', #3304, #1870 ) ;
#8018 = ORIENTED_EDGE ( 'NONE', *, *, #442, .F. ) ;
#8019 = AXIS2_PLACEMENT_3D ( 'NONE', #7622, #2925, #7048 ) ;
#8020 = ORIENTED_EDGE ( 'NONE', *, *, #1186, .T. ) ;
#8021 = CIRCLE ( 'NONE', #2745, 25.00000000000002132 ) ;
#8022 = CARTESIAN_POINT ( 'NONE',  ( -25.00129665462860729, 566.0646971465039314, -563.5479842985822643 ) ) ;
#8023 = CARTESIAN_POINT ( 'NONE',  ( -19.84863444475693228, 579.2537887196571091, -572.2458707801396258 ) ) ;
#8024 = CARTESIAN_POINT ( 'NONE',  ( -23.71883145926747716, 120.2074680203582346, -687.9262054850506729 ) ) ;
#8025 = ORIENTED_EDGE ( 'NONE', *, *, #9331, .T. ) ;
#8026 = FACE_BOUND ( 'NONE', #6296, .T. ) ;
#8027 = CARTESIAN_POINT ( 'NONE',  ( -1190.000000000000227, 40.00000000000000000, 609.9999999999997726 ) ) ;
#8028 = CARTESIAN_POINT ( 'NONE',  ( -1166.200211551962866, 918.0919175074932355, 168.4778984012417595 ) ) ;
#8029 = DIRECTION ( 'NONE',  ( 0.000000000000000000, 0.000000000000000000, -1.000000000000000000 ) ) ;
#8030 = CARTESIAN_POINT ( 'NONE',  ( -20.96671076533124278, 112.9747903366232720, -693.6384863433215742 ) ) ;
#8031 = CARTESIAN_POINT ( 'NONE',  ( -25.00182592860887354, 590.2536043648383384, 531.3932192450666889 ) ) ;
#8032 = DIRECTION ( 'NONE',  ( 5.551115123125780730E-16, -1.000000000000000000, 0.000000000000000000 ) ) ;
#8033 = ORIENTED_EDGE ( 'NONE', *, *, #7125, .T. ) ;
#8034 = DIRECTION ( 'NONE',  ( 1.000000000000000000, 0.000000000000000000, 0.000000000000000000 ) ) ;
#8035 = DIRECTION ( 'NONE',  ( 0.000000000000000000, 0.000000000000000000, 1.000000000000000000 ) ) ;
#8036 = CARTESIAN_POINT ( 'NONE',  ( -8.253656203668224833, 598.3829175753127174, -563.4068526967633943 ) ) ;
#8037 = CARTESIAN_POINT ( 'NONE',  ( -1144.863205451009435, 914.8925970778725514, 143.7268062828905784 ) ) ;
#8038 = UNCERTAINTY_MEASURE_WITH_UNIT (LENGTH_MEASURE( 1.000000000000000082E-05 ), #8691, 'distance_accuracy_value', 'NONE');
#8039 = DIRECTION ( 'NONE',  ( -1.000000000000000000, -5.551115123125780730E-16, 0.000000000000000000 ) ) ;
#8041 = CARTESIAN_POINT ( 'NONE',  ( -1126.250000000000227, 40.00000000000000000, -626.2499999999996589 ) ) ;
#8040 = CIRCLE ( 'NONE', #1941, 6.000000000000116351 ) ;
#8042 = ORIENTED_EDGE ( 'NONE', *, *, #53, .T. ) ;
#8043 = CARTESIAN_POINT ( 'NONE',  ( -24.68386242792187701, 84.39526040808409846, -676.0252632316510244 ) ) ;
#8044 = CARTESIAN_POINT ( 'NONE',  ( -1128.583792351325201, 952.7393249152366934, -139.4283037822795563 ) ) ;
#8045 = ORIENTED_EDGE ( 'NONE', *, *, #781, .T. ) ;
#8046 = CARTESIAN_POINT ( 'NONE',  ( -9.279651773491822908, 590.6006407292727545, 572.0854636622932503 ) ) ;
#8047 = EDGE_CURVE ( 'NONE', #5177, #2232, #8055, .T. ) ;
#8048 = PRESENTATION_LAYER_ASSIGNMENT (  '', '', ( #9696 ) ) ;
#8049 = VERTEX_POINT ( 'NONE', #4800 ) ;
#8050 = PLANE ( 'NONE',  #3048 ) ;
#8051 = EDGE_CURVE ( 'NONE', #9567, #6474, #10082, .T. ) ;
#8052 = ADVANCED_FACE ( 'NONE', ( #199 ), #7930, .T. ) ;
#8053 = ADVANCED_FACE ( 'NONE', ( #2580 ), #8924, .F. ) ;
#8054 = CARTESIAN_POINT ( 'NONE',  ( -1169.575476840149577, 672.0904005208178660, 533.4969724760088639 ) ) ;
#8055 = LINE ( 'NONE', #4064, #1991 ) ;
#8056 = CARTESIAN_POINT ( 'NONE',  ( -494.9743311249077351, 897.9973731213871133, -138.3012178678719408 ) ) ;
#8057 = CARTESIAN_POINT ( 'NONE',  ( -22.27167989008779259, 567.6324961262945408, -545.8813155971706692 ) ) ;
#8058 = DIRECTION ( 'NONE',  ( 0.000000000000000000, 1.000000000000000000, 0.000000000000000000 ) ) ;
#8059 = CARTESIAN_POINT ( 'NONE',  ( -1126.036297093753319, 947.5004071935254615, 132.2924549442584805 ) ) ;
#8060 = ORIENTED_EDGE ( 'NONE', *, *, #3305, .T. ) ;
#8061 = DIRECTION ( 'NONE',  ( 0.5786626424054264195, 0.8155670090706033104, 0.000000000000000000 ) ) ;
#8062 = CARTESIAN_POINT ( 'NONE',  ( -24.20424768796542736, 565.8135868545076619, 555.3371878845308629 ) ) ;
#8063 = CARTESIAN_POINT ( 'NONE',  ( -1168.470878178913608, 920.3843136428915841, -167.5735472413520029 ) ) ;
#8064 = CIRCLE ( 'NONE', #7574, 123.0000000000002274 ) ;
#8065 = LINE ( 'NONE', #5004, #3872 ) ;
#8066 = CARTESIAN_POINT ( 'NONE',  ( 0.000000000000000000, 30.00000000000000711, -720.0000000000000000 ) ) ;
#8067 = CARTESIAN_POINT ( 'NONE',  ( -1149.999999999999545, 892.0461840472275981, -379.2016327917510239 ) ) ;
#8068 = CIRCLE ( 'NONE', #2468, 6.000000000000005329 ) ;
#8069 = ADVANCED_FACE ( 'NONE', ( #4163 ), #247, .F. ) ;
#8070 = ORIENTED_EDGE ( 'NONE', *, *, #7698, .T. ) ;
#8071 = CIRCLE ( 'NONE', #6574, 25.00000000000002842 ) ;
#8072 = CARTESIAN_POINT ( 'NONE',  ( -19.36583101638601079, 577.9640999357511646, -574.4862871941456888 ) ) ;
#8073 = CARTESIAN_POINT ( 'NONE',  ( -1162.721011652300376, 915.3522372143924031, -170.7897774125365515 ) ) ;
#8074 = CARTESIAN_POINT ( 'NONE',  ( -1131.409954727881541, 922.9588072287593832, 140.1931284830705238 ) ) ;
#8075 = DIRECTION ( 'NONE',  ( 0.8155670090706016451, -0.5786626424054289730, 0.000000000000000000 ) ) ;
#8076 = AXIS2_PLACEMENT_3D ( 'NONE', #8226, #1160, #2702 ) ;
#8077 = EDGE_LOOP ( 'NONE', ( #2958, #6713 ) ) ;
#8078 = CARTESIAN_POINT ( 'NONE',  ( -12.95501199008982773, 601.8777355321377627, -554.5859481122128045 ) ) ;
#8079 = FACE_OUTER_BOUND ( 'NONE', #6682, .T. ) ;
#8080 = CARTESIAN_POINT ( 'NONE',  ( -1131.385482476325478, 955.1585851504088396, -155.8540623217775192 ) ) ;
#8081 = CARTESIAN_POINT ( 'NONE',  ( -498.9408586253301792, 904.7391275103578892, 166.4396035714220261 ) ) ;
#8082 = CARTESIAN_POINT ( 'NONE',  ( -22.19874501723076321, 88.49945598572921313, -691.5095004835726513 ) ) ;
#8083 = VECTOR ( 'NONE', #9183, 1000.000000000000000 ) ;
#8084 = EDGE_CURVE ( 'NONE', #3909, #9445, #3971, .T. ) ;
#8085 = CARTESIAN_POINT ( 'NONE',  ( -20.78893326127666441, 603.2164685307629952, 536.7435374150458074 ) ) ;
#8086 = ORIENTED_EDGE ( 'NONE', *, *, #3973, .T. ) ;
#8087 = LINE ( 'NONE', #3368, #6615 ) ;
#8088 = CARTESIAN_POINT ( 'NONE',  ( -1172.987326961741928, 659.2198265359560310, -550.9957645394513293 ) ) ;
#8089 = CARTESIAN_POINT ( 'NONE',  ( -7.926347608987147630, 596.5043742127396627, -565.9836850328767923 ) ) ;
#8090 = CARTESIAN_POINT ( 'NONE',  ( 23.74999999999972289, 30.00000000000000711, -703.7500000000000000 ) ) ;
#8091 = CARTESIAN_POINT ( 'NONE',  ( -1169.700466976763664, 648.1058411053427335, 552.6809723138865138 ) ) ;
#8092 = ORIENTED_EDGE ( 'NONE', *, *, #10208, .F. ) ;
#8093 = CARTESIAN_POINT ( 'NONE',  ( -1132.005978912904538, 201.1002879265128058, 632.6437555544448514 ) ) ;
#8094 = VERTEX_POINT ( 'NONE', #3386 ) ;
#8095 = CARTESIAN_POINT ( 'NONE',  ( -1134.311210255605602, 196.3448229697579563, 630.5354847281298589 ) ) ;
#8096 = AXIS2_PLACEMENT_3D ( 'NONE', #7420, #8982, #1191 ) ;
#8097 = CARTESIAN_POINT ( 'NONE',  ( -17.62768979770340039, 106.7005581148174116, 662.2721566226441610 ) ) ;
#8098 = ORIENTED_EDGE ( 'NONE', *, *, #2257, .F. ) ;
#8099 = CARTESIAN_POINT ( 'NONE',  ( -500.0430627306077440, 911.3117373309971754, -169.7121972520980080 ) ) ;
#8100 = CARTESIAN_POINT ( 'NONE',  ( -19.57237016656911521, 109.8798325051249094, 695.5648231106933963 ) ) ;
#8101 = CARTESIAN_POINT ( 'NONE',  ( -25.00000000000031264, 122.1893370922710318, 681.3673706267322814 ) ) ;
#8102 = DIRECTION ( 'NONE',  ( 0.000000000000000000, 0.000000000000000000, -1.000000000000000000 ) ) ;
#8103 = CARTESIAN_POINT ( 'NONE',  ( -1130.190740609956492, 924.8460346276981454, -134.8683376854475853 ) ) ;
#8104 = CARTESIAN_POINT ( 'NONE',  ( -1131.962470388300517, 956.8987484266111778, 142.7395248884480452 ) ) ;
#8105 = EDGE_CURVE ( 'NONE', #4494, #1124, #4122, .T. ) ;
#8106 = CARTESIAN_POINT ( 'NONE',  ( -1124.962071516943752, 940.6958221031312632, 130.0151949623415817 ) ) ;
#8107 = AXIS2_PLACEMENT_3D ( 'NONE', #9972, #2889, #1398 ) ;
#8108 = ORIENTED_EDGE ( 'NONE', *, *, #4878, .T. ) ;
#8109 = CARTESIAN_POINT ( 'NONE',  ( -1135.638203102114176, 918.3287073309495554, -150.5542347755975925 ) ) ;
#8110 = ADVANCED_FACE ( 'NONE', ( #6534 ), #403, .F. ) ;
#8111 = CARTESIAN_POINT ( 'NONE',  ( -1174.216693064029414, 932.2323327580760406, -155.1377176891844556 ) ) ;
#8112 = AXIS2_PLACEMENT_3D ( 'NONE', #10106, #8341, #7670 ) ;
#8113 = VECTOR ( 'NONE', #3027, 999.9999999999998863 ) ;
#8114 = DIRECTION ( 'NONE',  ( 0.5786626424054264195, 0.8155670090706033104, 0.000000000000000000 ) ) ;
#8115 = EDGE_CURVE ( 'NONE', #4292, #7529, #3552, .T. ) ;
#8116 = DIRECTION ( 'NONE',  ( 0.5786626424054264195, 0.8155670090706033104, 0.000000000000000000 ) ) ;
#8117 = CIRCLE ( 'NONE', #705, 25.00000000000002132 ) ;
#8118 = CARTESIAN_POINT ( 'NONE',  ( -18.56093830331104400, 604.6918115080492271, -540.2701807691710201 ) ) ;
#8119 = EDGE_LOOP ( 'NONE', ( #4697, #7355, #488, #8387 ) ) ;
#8120 = ORIENTED_EDGE ( 'NONE', *, *, #2447, .F. ) ;
#8121 = DIRECTION ( 'NONE',  ( -0.000000000000000000, 1.000000000000000000, -0.000000000000000000 ) ) ;
#8122 = VECTOR ( 'NONE', #8963, 1000.000000000000000 ) ;
#8123 = CARTESIAN_POINT ( 'NONE',  ( -500.0430627306078009, 923.4138252860708462, -170.2107461690513901 ) ) ;
#8124 = DIRECTION ( 'NONE',  ( -0.5106616124301164295, -0.8590958568053636002, -0.03433695400194736874 ) ) ;
#8125 = ORIENTED_EDGE ( 'NONE', *, *, #7331, .T. ) ;
#8126 = ORIENTED_EDGE ( 'NONE', *, *, #350, .T. ) ;
#8127 = CARTESIAN_POINT ( 'NONE',  ( -10.65557800331129634, 596.0322267634859372, -564.8201704231064468 ) ) ;
#8128 = LINE ( 'NONE', #8180, #7286 ) ;
#8129 = FACE_BOUND ( 'NONE', #8077, .T. ) ;
#8130 = CARTESIAN_POINT ( 'NONE',  ( -24.94384294951643355, 120.0761000420037448, -681.7851270356438818 ) ) ;
#8131 = CARTESIAN_POINT ( 'NONE',  ( -23.09698969982299133, 599.9942135606976308, 533.4380884744645073 ) ) ;
#8132 = ORIENTED_EDGE ( 'NONE', *, *, #9262, .T. ) ;
#8133 = EDGE_CURVE ( 'NONE', #687, #7636, #2176, .T. ) ;
#8134 = ORIENTED_EDGE ( 'NONE', *, *, #8105, .T. ) ;
#8135 = CIRCLE ( 'NONE', #3684, 1724.999999999999545 ) ;
#8136 = DIRECTION ( 'NONE',  ( -0.000000000000000000, -0.000000000000000000, -1.000000000000000000 ) ) ;
#8137 = CARTESIAN_POINT ( 'NONE',  ( -1162.345900010042897, 640.5797011337314188, -550.5453605133545807 ) ) ;
#8138 = CARTESIAN_POINT ( 'NONE',  ( -1458.041541306736235, 345.0000000000000000, -193.6010951158149282 ) ) ;
#8139 = FACE_OUTER_BOUND ( 'NONE', #1232, .T. ) ;
#8140 = AXIS2_PLACEMENT_3D ( 'NONE', #2088, #365, #3509 ) ;
#8141 = CARTESIAN_POINT ( 'NONE',  ( -2.902317422911738039E-13, 408.5786437626904899, -580.0000000000001137 ) ) ;
#8142 = CARTESIAN_POINT ( 'NONE',  ( -1127.000000000000455, 659.6952585571807504, 550.6572583450312095 ) ) ;
#8143 = ORIENTED_EDGE ( 'NONE', *, *, #2437, .F. ) ;
#8144 = CARTESIAN_POINT ( 'NONE',  ( -24.84943887865505374, 84.21936131289039906, -677.2431387382431467 ) ) ;
#8145 = ORIENTED_EDGE ( 'NONE', *, *, #1866, .T. ) ;
#8146 = DIRECTION ( 'NONE',  ( -0.000000000000000000, -0.000000000000000000, -1.000000000000000000 ) ) ;
#8147 = CARTESIAN_POINT ( 'NONE',  ( -16.88438724374009681, 100.6558745469061193, 661.5630100928713091 ) ) ;
#8148 = CIRCLE ( 'NONE', #3693, 6.000000000000116351 ) ;
#8149 = AXIS2_PLACEMENT_3D ( 'NONE', #2333, #6332, #2521 ) ;
#8150 = EDGE_LOOP ( 'NONE', ( #1504, #8698, #10066, #6349 ) ) ;
#8151 = ORIENTED_EDGE ( 'NONE', *, *, #9502, .F. ) ;
#8152 = CARTESIAN_POINT ( 'NONE',  ( -1458.041541306736235, 334.9999999999999432, -188.6010951158150704 ) ) ;
#8153 = CARTESIAN_POINT ( 'NONE',  ( -19.80016905251057224, 92.97014201446579307, 695.2666511471287549 ) ) ;
#8154 = CARTESIAN_POINT ( 'NONE',  ( -15.63045978934255587, 103.2223212213794739, 699.5112949064032364 ) ) ;
#8155 = CARTESIAN_POINT ( 'NONE',  ( -1131.348468320952406, 186.4993189799376978, 666.6531441120739601 ) ) ;
#8156 = CARTESIAN_POINT ( 'NONE',  ( -24.15888955906074287, 121.3276393309101451, -673.5612318765518012 ) ) ;
#8157 = CARTESIAN_POINT ( 'NONE',  ( -23.33771016765503958, 565.6857559301041647, -551.5943720210068477 ) ) ;
#8158 = CARTESIAN_POINT ( 'NONE',  ( -23.75000000000033396, 30.00000000000000711, 656.2499999999998863 ) ) ;
#8159 = CARTESIAN_POINT ( 'NONE',  ( -1125.712242121268901, 934.5321436549422742, 130.1457708609859480 ) ) ;
#8160 = ORIENTED_EDGE ( 'NONE', *, *, #1923, .F. ) ;
#8161 = CARTESIAN_POINT ( 'NONE',  ( -1128.407580409389993, 927.4732565900245618, -135.2672232254093387 ) ) ;
#8162 = CARTESIAN_POINT ( 'NONE',  ( -1130.235470204736657, 953.1464036254881194, -163.1227948553309943 ) ) ;
#8163 = CARTESIAN_POINT ( 'NONE',  ( -22.30261235100209305, 567.4475890801412561, 546.1922834150557264 ) ) ;
#8164 = DIRECTION ( 'NONE',  ( 0.000000000000000000, 0.000000000000000000, -1.000000000000000000 ) ) ;
#8165 = VECTOR ( 'NONE', #2569, 1000.000000000000000 ) ;
#8166 = DIRECTION ( 'NONE',  ( 1.000000000000000000, 0.000000000000000000, 0.000000000000000000 ) ) ;
#8167 = DIRECTION ( 'NONE',  ( 0.000000000000000000, 0.000000000000000000, 1.000000000000000000 ) ) ;
#8168 = EDGE_CURVE ( 'NONE', #2425, #4793, #6980, .T. ) ;
#8169 = CARTESIAN_POINT ( 'NONE',  ( -20.86994425294596311, 563.9350159118437205, -546.4482603613118954 ) ) ;
#8170 = ORIENTED_EDGE ( 'NONE', *, *, #6339, .T. ) ;
#8171 = ORIENTED_EDGE ( 'NONE', *, *, #9325, .T. ) ;
#8172 = CARTESIAN_POINT ( 'NONE',  ( -1150.000000000000227, 515.2069385598407507, -650.0000000000015916 ) ) ;
#8173 = ADVANCED_FACE ( 'NONE', ( #723 ), #9357, .F. ) ;
#8174 = EDGE_CURVE ( 'NONE', #7455, #6861, #3453, .T. ) ;
#8175 = CARTESIAN_POINT ( 'NONE',  ( -1149.999999999999773, 577.2788963656116721, 628.4032655834996604 ) ) ;
#8176 = DIRECTION ( 'NONE',  ( -1.000000000000000000, 0.000000000000000000, 0.000000000000000000 ) ) ;
#8177 = VERTEX_POINT ( 'NONE', #9200 ) ;
#8178 = ORIENTED_EDGE ( 'NONE', *, *, #8929, .F. ) ;
#8179 = CARTESIAN_POINT ( 'NONE',  ( -1563.041541306736235, 334.9999999999999432, -143.6010951158150704 ) ) ;
#8180 = CARTESIAN_POINT ( 'NONE',  ( 0.000000000000000000, 30.00000000000000711, -689.9999999999997726 ) ) ;
#8181 = CARTESIAN_POINT ( 'NONE',  ( -500.0430627306077440, 910.6867364633682200, 167.9484429473797604 ) ) ;
#8182 = CARTESIAN_POINT ( 'NONE',  ( -21.26879110106145632, 90.06871658866153041, -693.1729728210663097 ) ) ;
#8183 = AXIS2_PLACEMENT_3D ( 'NONE', #7697, #9368, #10080 ) ;
#8184 = CARTESIAN_POINT ( 'NONE',  ( -13.59889508733344066, 604.6576626462192507, 549.2720835484286681 ) ) ;
#8185 = ORIENTED_EDGE ( 'NONE', *, *, #5467, .F. ) ;
#8186 = ADVANCED_FACE ( 'NONE', ( #3709 ), #6857, .F. ) ;
#8187 = ORIENTED_EDGE ( 'NONE', *, *, #9709, .F. ) ;
#8188 = B_SPLINE_CURVE_WITH_KNOTS ( 'NONE', 3,
 ( #8482, #7860, #2294, #12, #6195 ),
 .UNSPECIFIED., .F., .F.,
 ( 4, 1, 4 ),
 ( 0.05817802089135334226, 0.05848332616079462976, 0.05878863143023592419 ),
 .UNSPECIFIED. ) ;
#8189 = CARTESIAN_POINT ( 'NONE',  ( -1149.999999999999545, 861.0102051443361688, -339.9999999999997158 ) ) ;
#8190 = CARTESIAN_POINT ( 'NONE',  ( -1152.681836613158339, 637.1536043706711325, -549.2941172082436196 ) ) ;
#8191 = DIRECTION ( 'NONE',  ( 0.000000000000000000, 0.000000000000000000, 1.000000000000000000 ) ) ;
#8192 = FACE_OUTER_BOUND ( 'NONE', #4670, .T. ) ;
#8193 = CARTESIAN_POINT ( 'NONE',  ( -1151.732592327296970, 180.0751882360863476, -650.0000000000011369 ) ) ;
#8194 = ORIENTED_EDGE ( 'NONE', *, *, #9323, .F. ) ;
#8195 = CARTESIAN_POINT ( 'NONE',  ( -1129.034141043794079, 187.0273312596196433, 636.3605095501662845 ) ) ;
#8196 = ORIENTED_EDGE ( 'NONE', *, *, #3481, .T. ) ;
#8197 = CARTESIAN_POINT ( 'NONE',  ( -1134.138741357570552, 195.3185078103939532, 630.6753424887107258 ) ) ;
#8198 = CARTESIAN_POINT ( 'NONE',  ( -23.94273217876396842, 118.9212766559877252, 672.7843583244225556 ) ) ;
#8199 = ORIENTED_EDGE ( 'NONE', *, *, #2253, .T. ) ;
#8200 = FILL_AREA_STYLE_COLOUR ( '', #1405 ) ;
#8201 = EDGE_CURVE ( 'NONE', #9445, #4097, #10020, .T. ) ;
#8202 = ORIENTED_EDGE ( 'NONE', *, *, #5584, .T. ) ;
#8203 = DIRECTION ( 'NONE',  ( 0.000000000000000000, 1.000000000000000000, 0.000000000000000000 ) ) ;
#8204 = CARTESIAN_POINT ( 'NONE',  ( -17.84125107917161301, 102.5636428191693028, 697.5125896645901094 ) ) ;
#8205 = CARTESIAN_POINT ( 'NONE',  ( -24.43730296600909924, 121.2896432339405663, 685.3132528763757136 ) ) ;
#8206 = CARTESIAN_POINT ( 'NONE',  ( -1130.103064352540741, 184.5255744716274080, 665.1452950073900183 ) ) ;
#8207 = CARTESIAN_POINT ( 'NONE',  ( -22.24228955494466575, 118.8382852844662665, -668.5711832168296951 ) ) ;
#8208 = CARTESIAN_POINT ( 'NONE',  ( -500.0430627306077440, 911.3117373309971754, 302.7158385259952524 ) ) ;
#8209 = ORIENTED_EDGE ( 'NONE', *, *, #6843, .F. ) ;
#8210 = CARTESIAN_POINT ( 'NONE',  ( -1126.250000000000455, 40.00000000000000000, 673.7499999999996589 ) ) ;
#8211 = AXIS2_PLACEMENT_3D ( 'NONE', #4770, #8121, #9621 ) ;
#8212 = VERTEX_POINT ( 'NONE', #9916 ) ;
#8213 = CARTESIAN_POINT ( 'NONE',  ( -1150.823736733245596, 918.9455489648189541, 149.8625354325496630 ) ) ;
#8214 = CARTESIAN_POINT ( 'NONE',  ( -1126.420224457209997, 945.5913806376127013, -168.3486820461293689 ) ) ;
#8215 = CARTESIAN_POINT ( 'NONE',  ( -23.01682089310086710, 574.9271888488218565, 538.8494380296386908 ) ) ;
#8216 = CARTESIAN_POINT ( 'NONE',  ( -1171.408089828424181, 926.9955518651089506, -137.4390562158133946 ) ) ;
#8217 = CARTESIAN_POINT ( 'NONE',  ( -499.8967856389275539, 908.8189881428544368, -167.4333715462597354 ) ) ;
#8218 = CARTESIAN_POINT ( 'NONE',  ( -18.44091406751104145, 90.13227592388476239, 663.1135432810546035 ) ) ;
#8219 = CARTESIAN_POINT ( 'NONE',  ( -22.81422102585546341, 600.5389514312416850, -533.8194517302189297 ) ) ;
#8220 = VERTEX_POINT ( 'NONE', #7584 ) ;
#8221 = ORIENTED_EDGE ( 'NONE', *, *, #8235, .F. ) ;
#8222 = CARTESIAN_POINT ( 'NONE',  ( -1127.000000000000000, 660.0000000000001137, -550.4159941854395584 ) ) ;
#8223 = LINE ( 'NONE', #5111, #2596 ) ;
#8224 = CARTESIAN_POINT ( 'NONE',  ( -1174.250486415355454, 931.8581192031670071, -160.6631743679664908 ) ) ;
#8225 = EDGE_CURVE ( 'NONE', #1213, #627, #6762, .T. ) ;
#8226 = CARTESIAN_POINT ( 'NONE',  ( -1458.041541306736235, 334.9999999999999432, 158.6010951158156388 ) ) ;
#8227 = ORIENTED_EDGE ( 'NONE', *, *, #5011, .T. ) ;
#8228 = ORIENTED_EDGE ( 'NONE', *, *, #6511, .F. ) ;
#8229 = CARTESIAN_POINT ( 'NONE',  ( -1172.415749122010993, 665.1952200126264643, -544.6756427853287050 ) ) ;
#8230 = CARTESIAN_POINT ( 'NONE',  ( -2.902317422911738039E-13, 408.5786437626903762, -680.0000000000000000 ) ) ;
#8231 = AXIS2_PLACEMENT_3D ( 'NONE', #3642, #6890, #7674 ) ;
#8232 = ADVANCED_FACE ( 'NONE', ( #2833 ), #9249, .F. ) ;
#8233 = DIRECTION ( 'NONE',  ( 0.000000000000000000, 0.000000000000000000, 1.000000000000000000 ) ) ;
#8234 = CARTESIAN_POINT ( 'NONE',  ( -20.07538774265841397, 111.0455879597840578, -694.9030676964656550 ) ) ;
#8235 = EDGE_CURVE ( 'NONE', #8843, #8422, #848, .T. ) ;
#8236 = EDGE_CURVE ( 'NONE', #7230, #9886, #1400, .T. ) ;
#8237 = FACE_BOUND ( 'NONE', #2895, .T. ) ;
#8238 = ORIENTED_EDGE ( 'NONE', *, *, #7490, .F. ) ;
#8239 = EDGE_LOOP ( 'NONE', ( #2668, #343, #6480, #9307 ) ) ;
#8240 = EDGE_CURVE ( 'NONE', #8872, #8796, #9300, .T. ) ;
#8241 = DIRECTION ( 'NONE',  ( 0.000000000000000000, -2.220446049250311109E-15, 1.000000000000000000 ) ) ;
#8242 = CIRCLE ( 'NONE', #995, 6.000000000000005329 ) ;
#8243 = CARTESIAN_POINT ( 'NONE',  ( -1134.623933956203928, 642.8285736752924322, -551.3017230260311408 ) ) ;
#8244 = LINE ( 'NONE', #2766, #4966 ) ;
#8245 = CARTESIAN_POINT ( 'NONE',  ( -500.0430627306077440, 911.3117373309971754, -169.7121972520980080 ) ) ;
#8246 = DIRECTION ( 'NONE',  ( -0.000000000000000000, 1.000000000000000000, -0.000000000000000000 ) ) ;
#8247 = ORIENTED_EDGE ( 'NONE', *, *, #5834, .F. ) ;
#8248 = CARTESIAN_POINT ( 'NONE',  ( -1127.350628236733883, 212.2309197891752603, 639.3633735552289181 ) ) ;
#8249 = ORIENTED_EDGE ( 'NONE', *, *, #1884, .F. ) ;
#8250 = CARTESIAN_POINT ( 'NONE',  ( -1132.940490327705447, 191.4705583502292825, 631.7242534670666601 ) ) ;
#8251 = EDGE_CURVE ( 'NONE', #9627, #5486, #9429, .T. ) ;
#8252 = CARTESIAN_POINT ( 'NONE',  ( -18.38797237767539627, 94.28836208294113419, 663.0597380706443573 ) ) ;
#8253 = DIRECTION ( 'NONE',  ( -1.000000000000000000, 0.000000000000000000, 0.000000000000000000 ) ) ;
#8254 = ORIENTED_EDGE ( 'NONE', *, *, #9626, .T. ) ;
#8255 = ORIENTED_EDGE ( 'NONE', *, *, #885, .F. ) ;
#8256 = CARTESIAN_POINT ( 'NONE',  ( -1110.000000000000000, 40.00000000000000000, -609.9999999999997726 ) ) ;
#8257 = CARTESIAN_POINT ( 'NONE',  ( -25.00000000000029488, 84.11641109784304149, 680.0000000000000000 ) ) ;
#8258 = CARTESIAN_POINT ( 'NONE',  ( -20.26774051182256642, 114.8270858193563413, 694.6440357188150756 ) ) ;
#8259 = CARTESIAN_POINT ( 'NONE',  ( -1130.570310233304554, 211.3193884841284671, 665.7695779262871838 ) ) ;
#8260 = CARTESIAN_POINT ( 'NONE',  ( -22.51155968128016482, 119.2016436691263408, -669.1094763271815964 ) ) ;
#8261 = CARTESIAN_POINT ( 'NONE',  ( -1125.926937926869641, 947.1363756158007163, -132.0921535210764546 ) ) ;
#8262 = ORIENTED_EDGE ( 'NONE', *, *, #5201, .T. ) ;
#8263 = VECTOR ( 'NONE', #6075, 1000.000000000000000 ) ;
#8264 = ADVANCED_FACE ( 'NONE', ( #9535 ), #6273, .T. ) ;
#8265 = ORIENTED_EDGE ( 'NONE', *, *, #9397, .T. ) ;
#8266 = CIRCLE ( 'NONE', #2826, 129.9999999999997726 ) ;
#8267 = CARTESIAN_POINT ( 'NONE',  ( -1126.607847931398055, 928.4587164947888596, -167.4618505055493074 ) ) ;
#8268 = EDGE_CURVE ( 'NONE', #3478, #4608, #9403, .T. ) ;
#8269 = CARTESIAN_POINT ( 'NONE',  ( -395.9708781416682086, 829.5901476323344923, -448.7780475532337050 ) ) ;
#8270 = CARTESIAN_POINT ( 'NONE',  ( -1170.604221766960791, 925.8161551015089117, -136.3384768874963981 ) ) ;
#8271 = CARTESIAN_POINT ( 'NONE',  ( -1174.349892816519059, 933.1918901008195917, 150.4594289888323431 ) ) ;
#8272 = CARTESIAN_POINT ( 'NONE',  ( -15.74238409860061516, 95.12566672083119101, 660.5766907903944229 ) ) ;
#8273 = DIRECTION ( 'NONE',  ( 0.000000000000000000, 1.000000000000000000, 0.000000000000000000 ) ) ;
#8274 = ORIENTED_EDGE ( 'NONE', *, *, #933, .T. ) ;
#8275 = VECTOR ( 'NONE', #10136, 1000.000000000000000 ) ;
#8276 = VERTEX_POINT ( 'NONE', #4051 ) ;
#8277 = FACE_OUTER_BOUND ( 'NONE', #437, .T. ) ;
#8278 = FACE_OUTER_BOUND ( 'NONE', #8537, .T. ) ;
#8279 = AXIS2_PLACEMENT_3D ( 'NONE', #1172, #5023, #4302 ) ;
#8280 = CARTESIAN_POINT ( 'NONE',  ( -1149.999999999999545, 912.4125363088027143, -165.3659685335971972 ) ) ;
#8281 = CARTESIAN_POINT ( 'NONE',  ( -1443.041541306736235, 334.9999999999999432, 203.6010951158156104 ) ) ;
#8282 = VERTEX_POINT ( 'NONE', #920 ) ;
#8283 = AXIS2_PLACEMENT_3D ( 'NONE', #3277, #4053, #2568 ) ;
#8284 = ORIENTED_EDGE ( 'NONE', *, *, #2134, .T. ) ;
#8285 = CARTESIAN_POINT ( 'NONE',  ( -1140.244444763352931, 680.8476565047668601, -517.0278121353404686 ) ) ;
#8286 = CARTESIAN_POINT ( 'NONE',  ( -1132.695604072336437, 190.8652317239557021, -631.9530403884816678 ) ) ;
#8287 = DIRECTION ( 'NONE',  ( 0.000000000000000000, 1.000000000000000000, 0.000000000000000000 ) ) ;
#8288 = DIRECTION ( 'NONE',  ( 0.000000000000000000, 1.000000000000000000, 0.000000000000000000 ) ) ;
#8289 = AXIS2_PLACEMENT_3D ( 'NONE', #600, #3847, #2974 ) ;
#8290 = CARTESIAN_POINT ( 'NONE',  ( -12.34934393155308641, 603.9956242843179552, 551.8704384887521428 ) ) ;
#8291 = ORIENTED_EDGE ( 'NONE', *, *, #6297, .T. ) ;
#8292 = ORIENTED_EDGE ( 'NONE', *, *, #5774, .T. ) ;
#8293 = DIRECTION ( 'NONE',  ( 0.000000000000000000, 0.000000000000000000, 1.000000000000000000 ) ) ;
#8294 = AXIS2_PLACEMENT_3D ( 'NONE', #8303, #1128, #7412 ) ;
#8295 = CARTESIAN_POINT ( 'NONE',  ( -1139.649044962472317, 639.4467350390677893, -550.1444801383856884 ) ) ;
#8296 = DIRECTION ( 'NONE',  ( 0.000000000000000000, 0.000000000000000000, -1.000000000000000000 ) ) ;
#8297 = DIRECTION ( 'NONE',  ( 1.000000000000000000, 0.000000000000000000, 0.000000000000000000 ) ) ;
#8298 = DIRECTION ( 'NONE',  ( 0.000000000000000000, 1.000000000000000000, 0.000000000000000000 ) ) ;
#8299 = ORIENTED_EDGE ( 'NONE', *, *, #8240, .T. ) ;
#8300 = CARTESIAN_POINT ( 'NONE',  ( -1134.925681845293639, 202.9577122495682033, -669.9450684767252824 ) ) ;
#8301 = ORIENTED_EDGE ( 'NONE', *, *, #3846, .F. ) ;
#8302 = CARTESIAN_POINT ( 'NONE',  ( -1130.463110717122618, 186.4246464832590391, 634.3949948782560568 ) ) ;
#8303 = CARTESIAN_POINT ( 'NONE',  ( -1149.999999999999545, 892.0461840472235053, -379.2016327917541503 ) ) ;
#8304 = CARTESIAN_POINT ( 'NONE',  ( -18.61044866683519672, 93.76884174321530452, 663.3033331363453726 ) ) ;
#8305 = LINE ( 'NONE', #3597, #9710 ) ;
#8306 = DIRECTION ( 'NONE',  ( -0.000000000000000000, 1.000000000000000000, -0.000000000000000000 ) ) ;
#8307 = ORIENTED_EDGE ( 'NONE', *, *, #609, .T. ) ;
#8308 = DIRECTION ( 'NONE',  ( 0.8155670090706017561, -0.5786626424054287510, 0.000000000000000000 ) ) ;
#8309 = CARTESIAN_POINT ( 'NONE',  ( -1132.189499083720648, 198.6032819990666098, -632.4561644341803230 ) ) ;
#8310 = DIRECTION ( 'NONE',  ( 0.000000000000000000, 0.000000000000000000, 1.000000000000000000 ) ) ;
#8311 = CARTESIAN_POINT ( 'NONE',  ( -1125.108636918623915, 217.8371548849264343, 652.3540880851846850 ) ) ;
#8313 = EDGE_CURVE ( 'NONE', #8276, #10131, #7717, .T. ) ;
#8312 = SURFACE_STYLE_FILL_AREA ( #9090 ) ;
#8314 = ORIENTED_EDGE ( 'NONE', *, *, #781, .F. ) ;
#8315 = AXIS2_PLACEMENT_3D ( 'NONE', #9440, #8853, #1013 ) ;
#8316 = AXIS2_PLACEMENT_3D ( 'NONE', #6081, #6185, #4647 ) ;
#8317 = ORIENTED_EDGE ( 'NONE', *, *, #1365, .T. ) ;
#8318 = AXIS2_PLACEMENT_3D ( 'NONE', #5229, #10152, #5389 ) ;
#8319 = CARTESIAN_POINT ( 'NONE',  ( -1128.029354152726455, 925.5176920396102105, -165.4878316732598478 ) ) ;
#8320 = CARTESIAN_POINT ( 'NONE',  ( -22.21145831822153127, 568.1898028967628989, 545.0333188655998811 ) ) ;
#8321 = VECTOR ( 'NONE', #4721, 1000.000000000000000 ) ;
#8322 = CARTESIAN_POINT ( 'NONE',  ( -1458.041541306736235, 334.9999999999999432, 163.6010951158154398 ) ) ;
#8323 = CYLINDRICAL_SURFACE ( 'NONE', #8976, 4.999999999999809930 ) ;
#8324 = CARTESIAN_POINT ( 'NONE',  ( -24.99263518536987050, 82.09780065852740449, 679.3932162732677398 ) ) ;
#8325 = CARTESIAN_POINT ( 'NONE',  ( -1443.041541306736235, 334.9999999999999432, -143.6010951158150704 ) ) ;
#8326 = ORIENTED_EDGE ( 'NONE', *, *, #9522, .F. ) ;
#8327 = ORIENTED_EDGE ( 'NONE', *, *, #5002, .F. ) ;
#8328 = DIRECTION ( 'NONE',  ( -9.284440173834540666E-15, -1.000000000000000000, 2.116085084935547861E-13 ) ) ;
#8329 = CARTESIAN_POINT ( 'NONE',  ( -14.37205014219696686, 583.7369990472543577, -575.2047112697928242 ) ) ;
#8330 = CIRCLE ( 'NONE', #7173, 6.000000000000116351 ) ;
#8331 = CARTESIAN_POINT ( 'NONE',  ( -14.92482186588075876, 603.2289795181782210, -549.8836432287478146 ) ) ;
#8332 = LINE ( 'NONE', #1265, #5097 ) ;
#8333 = CIRCLE ( 'NONE', #4343, 20.00000000000008882 ) ;
#8334 = FACE_OUTER_BOUND ( 'NONE', #5783, .T. ) ;
#8335 = ORIENTED_EDGE ( 'NONE', *, *, #4181, .T. ) ;
#8336 = CARTESIAN_POINT ( 'NONE',  ( -1128.112945944028070, 667.0969574682326311, -541.8772887058934202 ) ) ;
#8337 = CARTESIAN_POINT ( 'NONE',  ( -1130.332146245809099, 954.9575020913715662, -143.4367035397357029 ) ) ;
#8338 = CARTESIAN_POINT ( 'NONE',  ( -499.0255860060681243, 917.7304755037686164, 132.8533741481941490 ) ) ;
#8339 = LINE ( 'NONE', #9228, #215 ) ;
#8340 = ORIENTED_EDGE ( 'NONE', *, *, #5628, .F. ) ;
#8341 = DIRECTION ( 'NONE',  ( 1.457987752832361557E-15, -1.276756478318930021E-15, 1.000000000000000000 ) ) ;
#8342 = CARTESIAN_POINT ( 'NONE',  ( -12.05582537549923750, 603.7873664448615045, -552.5165400981718449 ) ) ;
#8343 = CARTESIAN_POINT ( 'NONE',  ( 0.000000000000000000, 40.00000000000000000, 0.000000000000000000 ) ) ;
#8344 = CARTESIAN_POINT ( 'NONE',  ( -23.75000000000028066, 40.00000000000000000, -709.7500000000000000 ) ) ;
#8345 = CARTESIAN_POINT ( 'NONE',  ( 0.000000000000000000, 40.00000000000000000, 609.9999999999997726 ) ) ;
#8346 = FILL_AREA_STYLE ('',( #2664 ) ) ;
#8347 = ORIENTED_EDGE ( 'NONE', *, *, #7745, .F. ) ;
#8348 = CARTESIAN_POINT ( 'NONE',  ( -1134.260907431077158, 204.8662029268912192, -669.4259679956552418 ) ) ;
#8349 = VERTEX_POINT ( 'NONE', #9493 ) ;
#8350 = CIRCLE ( 'NONE', #8838, 17.99999999999999645 ) ;
#8351 = CARTESIAN_POINT ( 'NONE',  ( -1127.160987494328083, 181.1146778176334351, 639.8160096942026485 ) ) ;
#8352 = CARTESIAN_POINT ( 'NONE',  ( -1172.999999999999773, 660.0000000000000000, 550.4159941854404678 ) ) ;
#8353 = FACE_BOUND ( 'NONE', #2957, .T. ) ;
#8354 = DIRECTION ( 'NONE',  ( 0.000000000000000000, -1.000000000000000000, 0.000000000000000000 ) ) ;
#8355 = CARTESIAN_POINT ( 'NONE',  ( -20.65766747663779412, 576.2478228825706310, 573.6720190116557205 ) ) ;
#8356 = VERTEX_POINT ( 'NONE', #826 ) ;
#8357 = DIRECTION ( 'NONE',  ( -0.7941567930305997169, 0.5634716255418392716, 0.2276284588811126053 ) ) ;
#8358 = CARTESIAN_POINT ( 'NONE',  ( -22.73204340999743067, 87.64362077658795158, 690.4169523098651098 ) ) ;
#8359 = CIRCLE ( 'NONE', #5217, 23.00000000000002132 ) ;
#8360 = DIRECTION ( 'NONE',  ( -0.000000000000000000, 1.000000000000000000, -0.000000000000000000 ) ) ;
#8361 = CARTESIAN_POINT ( 'NONE',  ( -1125.336671198858085, 178.0699601323706531, 654.1444978167885438 ) ) ;
#8362 = ORIENTED_EDGE ( 'NONE', *, *, #7808, .F. ) ;
#8363 = EDGE_CURVE ( 'NONE', #6846, #4598, #9586, .T. ) ;
#8364 = DIRECTION ( 'NONE',  ( 0.000000000000000000, -0.9797958971132929573, -0.1999999999998939015 ) ) ;
#8365 = EDGE_CURVE ( 'NONE', #9501, #7512, #91, .T. ) ;
#8366 = ADVANCED_FACE ( 'NONE', ( #7846 ), #5656, .F. ) ;
#8367 = EDGE_CURVE ( 'NONE', #4750, #5098, #736, .T. ) ;
#8368 = ORIENTED_EDGE ( 'NONE', *, *, #3389, .T. ) ;
#8369 = CARTESIAN_POINT ( 'NONE',  ( -1127.216692513786938, 663.1700221026428608, 547.2753518663608929 ) ) ;
#8370 = CARTESIAN_POINT ( 'NONE',  ( -357.7080113700176867, 824.5123409701822084, -302.7158385259953661 ) ) ;
#8371 = EDGE_CURVE ( 'NONE', #6315, #3151, #7425, .T. ) ;
#8372 = DIRECTION ( 'NONE',  ( 1.065464638161417581E-15, 0.7071067811865467956, 0.7071067811865482389 ) ) ;
#8373 = AXIS2_PLACEMENT_3D ( 'NONE', #1723, #7925, #5638 ) ;
#8374 = CARTESIAN_POINT ( 'NONE',  ( -1171.065148227062537, 923.7384289894009726, 167.8318653455700940 ) ) ;
#8375 = CARTESIAN_POINT ( 'NONE',  ( -14.48227018453909842, 100.4401237886760470, 659.6217774044999942 ) ) ;
#8376 = CARTESIAN_POINT ( 'NONE',  ( -488.0121001770307316, 929.6555221688521442, 150.6695704046218793 ) ) ;
#8377 = EDGE_LOOP ( 'NONE', ( #3884, #6337 ) ) ;
#8378 = ORIENTED_EDGE ( 'NONE', *, *, #8942, .T. ) ;
#8379 = MECHANICAL_DESIGN_GEOMETRIC_PRESENTATION_REPRESENTATION (  '', ( #9696 ), #459 ) ;
#8380 = CARTESIAN_POINT ( 'NONE',  ( -24.20424768796535986, 565.8135868545073208, -555.3371878845307492 ) ) ;
#8381 = SURFACE_STYLE_FILL_AREA ( #8946 ) ;
#8382 = LINE ( 'NONE', #6051, #6616 ) ;
#8383 = CARTESIAN_POINT ( 'NONE',  ( 3.038872858745776688E-14, 495.5527778486358557, 666.9741340859454795 ) ) ;
#8384 = CARTESIAN_POINT ( 'NONE',  ( -1131.306599278835392, 955.8681114584936722, 146.5536828325313081 ) ) ;
#8385 = CARTESIAN_POINT ( 'NONE',  ( -1150.000000000000000, 660.0000000000000000, 562.9128703017762518 ) ) ;
#8386 = CARTESIAN_POINT ( 'NONE',  ( -492.1937282297151910, 891.7956246476031765, -138.3908464783148418 ) ) ;
#8387 = ORIENTED_EDGE ( 'NONE', *, *, #859, .T. ) ;
#8388 = CARTESIAN_POINT ( 'NONE',  ( -1158.705654212456921, 681.2934277938056766, -516.1589150062055751 ) ) ;
#8389 = CARTESIAN_POINT ( 'NONE',  ( -1458.041541306736235, 345.0000000000000000, 153.6010951158157809 ) ) ;
#8390 = ADVANCED_FACE ( 'NONE', ( #5748 ), #5903, .F. ) ;
#8391 = CARTESIAN_POINT ( 'NONE',  ( -496.2978158185198367, 922.9772264583521064, 135.7261577313664986 ) ) ;
#8392 = LINE ( 'NONE', #5120, #5990 ) ;
#8393 = VERTEX_POINT ( 'NONE', #6621 ) ;
#8394 = ORIENTED_EDGE ( 'NONE', *, *, #4061, .T. ) ;
#8395 = CARTESIAN_POINT ( 'NONE',  ( -23.75000000000033396, 30.00000000000000711, 662.2499999999998863 ) ) ;
#8396 = CARTESIAN_POINT ( 'NONE',  ( -1190.000000000000227, 40.00000000000000000, -689.9999999999997726 ) ) ;
#8397 = PLANE ( 'NONE',  #8780 ) ;
#8398 = FACE_OUTER_BOUND ( 'NONE', #3512, .T. ) ;
#8399 = CARTESIAN_POINT ( 'NONE',  ( -16.58517514925085479, 107.2727138523214734, -698.7090839451815327 ) ) ;
#8400 = CARTESIAN_POINT ( 'NONE',  ( -1173.750000000000000, 30.00000000000000711, -626.2500000000001137 ) ) ;
#8401 = ORIENTED_EDGE ( 'NONE', *, *, #8367, .F. ) ;
#8402 = CARTESIAN_POINT ( 'NONE',  ( -1131.231141074471680, 210.3572603640285479, -666.5224581994643813 ) ) ;
#8403 = VERTEX_POINT ( 'NONE', #9790 ) ;
#8404 = AXIS2_PLACEMENT_3D ( 'NONE', #7577, #503, #5301 ) ;
#8405 = CARTESIAN_POINT ( 'NONE',  ( -1174.300304773532162, 932.6915817770335480, 153.7718874192258340 ) ) ;
#8406 = CARTESIAN_POINT ( 'NONE',  ( -1130.665581352706795, 207.7480100828555010, 665.8537627861065857 ) ) ;
#8407 = PLANE ( 'NONE',  #730 ) ;
#8408 = LINE ( 'NONE', #3545, #2305 ) ;
#8409 = CIRCLE ( 'NONE', #7578, 6.000000000000005329 ) ;
#8410 = CARTESIAN_POINT ( 'NONE',  ( -15.88560271393813217, 582.0320033720805668, 575.2721986097593572 ) ) ;
#8411 = ORIENTED_EDGE ( 'NONE', *, *, #794, .F. ) ;
#8412 = DIRECTION ( 'NONE',  ( -1.698300684540295726E-17, 1.000000000000000000, -0.000000000000000000 ) ) ;
#8413 = CARTESIAN_POINT ( 'NONE',  ( -1125.105066509947164, 180.0191401518517011, -647.6323743417186733 ) ) ;
#8414 = AXIS2_PLACEMENT_3D ( 'NONE', #1815, #3451, #8116 ) ;
#8415 = CARTESIAN_POINT ( 'NONE',  ( -22.62471084046971370, 85.32328884173692529, 690.6519914556365620 ) ) ;
#8416 = DIRECTION ( 'NONE',  ( 1.483630154005731530E-15, -0.7071067811865494601, 0.7071067811865456854 ) ) ;
#8417 = CARTESIAN_POINT ( 'NONE',  ( -14.76018880645425035, 98.37841300560792490, -659.8222308451687468 ) ) ;
#8418 = CARTESIAN_POINT ( 'NONE',  ( -1126.087504621454400, 933.1458202042496168, -130.4286699346060914 ) ) ;
#8419 = ORIENTED_EDGE ( 'NONE', *, *, #2686, .F. ) ;
#8420 = CARTESIAN_POINT ( 'NONE',  ( -1150.000000000000909, 938.9285782095131481, 149.8625354325497483 ) ) ;
#8421 = CIRCLE ( 'NONE', #9419, 25.00000000000002842 ) ;
#8422 = VERTEX_POINT ( 'NONE', #2107 ) ;
#8423 = EDGE_CURVE ( 'NONE', #968, #4559, #5186, .T. ) ;
#8424 = CARTESIAN_POINT ( 'NONE',  ( -1126.999999999999318, 660.0000000000000000, 550.4159941854392173 ) ) ;
#8425 = LINE ( 'NONE', #1350, #8603 ) ;
#8426 = CARTESIAN_POINT ( 'NONE',  ( -1162.173991060394883, 918.4172554414101342, -132.6658130513054914 ) ) ;
#8427 = EDGE_CURVE ( 'NONE', #7799, #4097, #6432, .T. ) ;
#8428 = CARTESIAN_POINT ( 'NONE',  ( -1125.070139162632813, 938.4800763160484394, -131.8640886535001471 ) ) ;
#8429 = FACE_OUTER_BOUND ( 'NONE', #195, .T. ) ;
#8430 = CARTESIAN_POINT ( 'NONE',  ( -14.76193094793550387, 98.36972693569805415, 659.8235048178830766 ) ) ;
#8431 = VECTOR ( 'NONE', #5557, 1000.000000000000114 ) ;
#8432 = CARTESIAN_POINT ( 'NONE',  ( -488.3948961860027111, 929.4847786812065351, 152.6010993033331999 ) ) ;
#8433 = VERTEX_POINT ( 'NONE', #8645 ) ;
#8434 = ORIENTED_EDGE ( 'NONE', *, *, #2886, .T. ) ;
#8435 = CARTESIAN_POINT ( 'NONE',  ( -1125.230366999579019, 933.9146370390752736, 167.4226368539098928 ) ) ;
#8436 = CARTESIAN_POINT ( 'NONE',  ( -373.9816977302616579, 860.5816939770174940, 448.7780475532339892 ) ) ;
#8437 = CARTESIAN_POINT ( 'NONE',  ( -22.80835368415584341, 599.5686391929448291, -535.9001086146170110 ) ) ;
#8438 = DIRECTION ( 'NONE',  ( 0.000000000000000000, 1.000000000000000000, 0.000000000000000000 ) ) ;
#8439 = DIRECTION ( 'NONE',  ( 0.000000000000000000, 1.000000000000000000, 0.000000000000000000 ) ) ;
#8440 = ADVANCED_FACE ( 'NONE', ( #4524 ), #3294, .T. ) ;
#8441 = DIRECTION ( 'NONE',  ( 1.000000000000000000, 0.000000000000000000, 0.000000000000000000 ) ) ;
#8442 = CARTESIAN_POINT ( 'NONE',  ( -1160.679862544981461, 680.3858403501519660, -517.9257046368475130 ) ) ;
#8443 = CARTESIAN_POINT ( 'NONE',  ( -1134.347661057234518, 200.8486591409010487, -630.5061197573340905 ) ) ;
#8444 = ORIENTED_EDGE ( 'NONE', *, *, #1916, .T. ) ;
#8445 = AXIS2_PLACEMENT_3D ( 'NONE', #1637, #9446, #9492 ) ;
#8446 = CARTESIAN_POINT ( 'NONE',  ( -1130.437448073896348, 922.4775438229305564, -158.8549860554270197 ) ) ;
#8447 = CARTESIAN_POINT ( 'NONE',  ( -1526.308102424746039, 345.0000000000000568, 214.0331471019870548 ) ) ;
#8449 = DIRECTION ( 'NONE',  ( 0.000000000000000000, 0.000000000000000000, 1.000000000000000000 ) ) ;
#8448 = VECTOR ( 'NONE', #9708, 1000.000000000000000 ) ;
#8450 = DIRECTION ( 'NONE',  ( -0.000000000000000000, 1.000000000000000000, 3.663341854709201164E-15 ) ) ;
#8451 = CARTESIAN_POINT ( 'NONE',  ( -1127.693873284664051, 951.2687420715396911, -137.6594516196175846 ) ) ;
#8452 = LINE ( 'NONE', #7722, #5216 ) ;
#8453 = CARTESIAN_POINT ( 'NONE',  ( -17.75026058200794665, 92.81162186366695721, -697.6199900439933117 ) ) ;
#8454 = DIRECTION ( 'NONE',  ( 0.000000000000000000, -1.000000000000000000, 0.000000000000000000 ) ) ;
#8455 = ORIENTED_EDGE ( 'NONE', *, *, #1706, .T. ) ;
#8456 = CARTESIAN_POINT ( 'NONE',  ( -1126.250000000000455, 40.00000000000000000, -673.7499999999996589 ) ) ;
#8457 = ORIENTED_EDGE ( 'NONE', *, *, #4878, .F. ) ;
#8458 = AXIS2_PLACEMENT_3D ( 'NONE', #3738, #6112, #1325 ) ;
#8459 = CARTESIAN_POINT ( 'NONE',  ( -1173.479926368231418, 929.3811429511201823, 160.0746971647058388 ) ) ;
#8460 = VECTOR ( 'NONE', #6407, 1000.000000000000000 ) ;
#8461 = CARTESIAN_POINT ( 'NONE',  ( -1129.401519793565967, 210.0052900320653748, 664.1982865232560016 ) ) ;
#8462 = CARTESIAN_POINT ( 'NONE',  ( -2.927147495130478761E-14, 586.9741340859454795, -575.5527778486360830 ) ) ;
#8463 = EDGE_CURVE ( 'NONE', #5744, #141, #18, .T. ) ;
#8464 = CARTESIAN_POINT ( 'NONE',  ( -1458.041541306736235, 334.9999999999999432, 193.6010951158154683 ) ) ;
#8465 = CARTESIAN_POINT ( 'NONE',  ( -20.22802428213606873, 576.8272289684996394, 573.9557597367925155 ) ) ;
#8466 = ORIENTED_EDGE ( 'NONE', *, *, #7801, .F. ) ;
#8467 = DIRECTION ( 'NONE',  ( 0.000000000000000000, 0.000000000000000000, -1.000000000000000000 ) ) ;
#8468 = CARTESIAN_POINT ( 'NONE',  ( -1132.188680064598429, 198.2939068068038466, -632.4569947132350762 ) ) ;
#8469 = DIRECTION ( 'NONE',  ( 0.000000000000000000, -0.9797958971132929573, -0.1999999999998939015 ) ) ;
#8470 = CARTESIAN_POINT ( 'NONE',  ( -1143.568214056353781, 914.8466257112120275, -147.9364179762824847 ) ) ;
#8471 = AXIS2_PLACEMENT_3D ( 'NONE', #2566, #3137, #6279 ) ;
#8472 = CARTESIAN_POINT ( 'NONE',  ( -22.50242509136577596, 84.77214083245794995, -669.1033880287462807 ) ) ;
#8473 = ORIENTED_EDGE ( 'NONE', *, *, #6276, .F. ) ;
#8474 =( BOUNDED_CURVE ( )  B_SPLINE_CURVE ( 3, ( #7092, #28, #906, #1626 ),
 .UNSPECIFIED., .F., .F. ) 
 B_SPLINE_CURVE_WITH_KNOTS ( ( 4, 4 ),
 ( 0.05770159437967606331, 3.199294247969469485 ),
 .UNSPECIFIED. ) 
 CURVE ( )  GEOMETRIC_REPRESENTATION_ITEM ( )  RATIONAL_B_SPLINE_CURVE ( ( 1.000000000000000000, 0.3333333333333332038, 0.3333333333333332038, 1.000000000000000000 ) ) 
 REPRESENTATION_ITEM ( '' )  );
#8475 = CARTESIAN_POINT ( 'NONE',  ( -499.5276992063602961, 915.8703214392354539, -132.1121987516438026 ) ) ;
#8476 = ORIENTED_EDGE ( 'NONE', *, *, #3019, .T. ) ;
#8477 = CARTESIAN_POINT ( 'NONE',  ( -1161.962391917462583, 679.6610723408721242, 519.3298381128391839 ) ) ;
#8478 = CARTESIAN_POINT ( 'NONE',  ( -23.75000000000028066, 40.00000000000000000, -703.7500000000000000 ) ) ;
#8479 = CARTESIAN_POINT ( 'NONE',  ( -1152.542051788686194, 915.1459043709344314, -135.6059390243983387 ) ) ;
#8480 = CARTESIAN_POINT ( 'NONE',  ( -1124.998745946331610, 940.9195432282688216, -132.1019169862879039 ) ) ;
#8481 = FACE_BOUND ( 'NONE', #5056, .T. ) ;
#8482 = CARTESIAN_POINT ( 'NONE',  ( -25.00000000000029488, 84.11641109784304149, 680.0000000000000000 ) ) ;
#8483 = AXIS2_PLACEMENT_3D ( 'NONE', #664, #6026, #4430 ) ;
#8484 = DIRECTION ( 'NONE',  ( 0.000000000000000000, 0.000000000000000000, 1.000000000000000000 ) ) ;
#8485 = ORIENTED_EDGE ( 'NONE', *, *, #8870, .F. ) ;
#8486 = ORIENTED_EDGE ( 'NONE', *, *, #10027, .F. ) ;
#8487 = AXIS2_PLACEMENT_3D ( 'NONE', #9799, #6526, #6578 ) ;
#8488 = CARTESIAN_POINT ( 'NONE',  ( -500.0130362656917100, 910.0530599126834659, 132.1057288156204379 ) ) ;
#8489 = SURFACE_STYLE_USAGE ( .BOTH. , #1363 ) ;
#8490 = CARTESIAN_POINT ( 'NONE',  ( -23.98861184263264690, 596.7798607314311994, -534.3256858409698680 ) ) ;
#8491 = CARTESIAN_POINT ( 'NONE',  ( -1131.810875539710651, 956.1940761383668814, 149.2545316747513198 ) ) ;
#8492 = CARTESIAN_POINT ( 'NONE',  ( -1149.999999999999773, 915.0904436612944437, 134.6941054202155783 ) ) ;
#8493 = CARTESIAN_POINT ( 'NONE',  ( 9.980836515789735480E-15, 500.0000000000000000, -488.5786437626906604 ) ) ;
#8494 = EDGE_CURVE ( 'NONE', #6036, #6846, #6302, .T. ) ;
#8495 = CARTESIAN_POINT ( 'NONE',  ( -1139.484344479466472, 680.4716614412710669, -517.7590665215442414 ) ) ;
#8496 = CARTESIAN_POINT ( 'NONE',  ( -1129.805753943260925, 187.0870668205211587, -664.7577171407380092 ) ) ;
#8497 = DIRECTION ( 'NONE',  ( 0.000000000000000000, 0.000000000000000000, 1.000000000000000000 ) ) ;
#8498 = EDGE_CURVE ( 'NONE', #4399, #3499, #5491, .T. ) ;
#8499 = EDGE_LOOP ( 'NONE', ( #4724, #7321, #6872, #9055 ) ) ;
#8500 = EDGE_CURVE ( 'NONE', #1846, #529, #3985, .T. ) ;
#8501 = LINE ( 'NONE', #4571, #4896 ) ;
#8502 = LINE ( 'NONE', #7563, #47 ) ;
#8503 = CYLINDRICAL_SURFACE ( 'NONE', #5149, 24.99999999999995026 ) ;
#8504 = CARTESIAN_POINT ( 'NONE',  ( -23.75000000000028066, 30.00000000000000711, -656.2500000000000000 ) ) ;
#8505 = CARTESIAN_POINT ( 'NONE',  ( -23.46736849409025893, 84.20830816096297156, -688.6413353413665845 ) ) ;
#8506 = EDGE_CURVE ( 'NONE', #3548, #9049, #6784, .T. ) ;
#8507 = ORIENTED_EDGE ( 'NONE', *, *, #8689, .F. ) ;
#8508 = CARTESIAN_POINT ( 'NONE',  ( -1125.192147909327787, 217.7714795907000962, -653.3796715923839429 ) ) ;
#8509 =( GEOMETRIC_REPRESENTATION_CONTEXT ( 3 ) GLOBAL_UNCERTAINTY_ASSIGNED_CONTEXT ( ( #3245 ) ) GLOBAL_UNIT_ASSIGNED_CONTEXT ( ( #5245, #3899, #5293 ) ) REPRESENTATION_CONTEXT ( 'NONE', 'WORKASPACE' ) );
#8510 = DIRECTION ( 'NONE',  ( 0.000000000000000000, -1.000000000000000000, 0.000000000000000000 ) ) ;
#8511 = CARTESIAN_POINT ( 'NONE',  ( -1125.009595787835224, 179.7589966031966355, 650.6926018427853933 ) ) ;
#8512 = CARTESIAN_POINT ( 'NONE',  ( -1149.999999999999545, 515.2069385598298368, 549.9999999999982947 ) ) ;
#8513 = ADVANCED_FACE ( 'NONE', ( #2165 ), #5290, .F. ) ;
#8514 = CARTESIAN_POINT ( 'NONE',  ( -1150.000000000000227, 591.5554466609315796, -646.4360166677132611 ) ) ;
#8515 = CARTESIAN_POINT ( 'NONE',  ( -19.33648422291684454, 577.9825618554424409, 574.4512232014492383 ) ) ;
#8516 = ORIENTED_EDGE ( 'NONE', *, *, #3489, .F. ) ;
#8517 = CARTESIAN_POINT ( 'NONE',  ( 3.038872858745776688E-14, 479.2893218813453018, 650.7106781186548687 ) ) ;
#8518 = PRESENTATION_STYLE_ASSIGNMENT (( #6229 ) ) ;
#8519 = DIRECTION ( 'NONE',  ( -0.7941567930305997169, 0.5634716255418393827, -0.2276284588811126608 ) ) ;
#8520 = DIRECTION ( 'NONE',  ( 0.000000000000000000, -0.7071067811865453523, -0.7071067811865496822 ) ) ;
#8521 = CARTESIAN_POINT ( 'NONE',  ( -18.44974064189126395, 90.11880386833307455, -663.1231226671727654 ) ) ;
#8522 = CARTESIAN_POINT ( 'NONE',  ( -1174.666063039009941, 935.2310738763975451, 145.1867662958512710 ) ) ;
#8523 = VECTOR ( 'NONE', #7081, 1000.000000000000000 ) ;
#8524 = VERTEX_POINT ( 'NONE', #8396 ) ;
#8525 = DIRECTION ( 'NONE',  ( -0.5106616124301164295, -0.8590958568053638222, 0.03433695400194440583 ) ) ;
#8526 = VERTEX_POINT ( 'NONE', #10003 ) ;
#8527 = ADVANCED_FACE ( 'NONE', ( #10051 ), #3584, .F. ) ;
#8528 = CIRCLE ( 'NONE', #5385, 125.0000000000002274 ) ;
#8529 = VERTEX_POINT ( 'NONE', #6730 ) ;
#8530 = CARTESIAN_POINT ( 'NONE',  ( -1142.641950308686091, 681.7962912974569463, 515.1769250614364637 ) ) ;
#8531 = DIRECTION ( 'NONE',  ( -0.000000000000000000, -0.000000000000000000, -1.000000000000000000 ) ) ;
#8532 = CARTESIAN_POINT ( 'NONE',  ( -1160.987413280234250, 917.7790618387474524, -132.6985930426074560 ) ) ;
#8533 = CARTESIAN_POINT ( 'NONE',  ( -7.901557379401849879, 596.1115717654250830, 566.4839657552701055 ) ) ;
#8534 = CARTESIAN_POINT ( 'NONE',  ( -24.42722278607499575, 84.68315491595858191, 674.5427133825290866 ) ) ;
#8535 = ADVANCED_FACE ( 'NONE', ( #2399 ), #5536, .T. ) ;
#8536 = CARTESIAN_POINT ( 'NONE',  ( -493.5177799389257984, 926.1208226682056193, 161.0611744577197726 ) ) ;
#8537 = EDGE_LOOP ( 'NONE', ( #2551, #9215, #7513, #7611, #774 ) ) ;
#8538 = VERTEX_POINT ( 'NONE', #7515 ) ;
#8539 = CARTESIAN_POINT ( 'NONE',  ( -1132.948840600004132, 920.3644719282721098, 152.2908254161289960 ) ) ;
#8540 = FILL_AREA_STYLE ('',( #1570 ) ) ;
#8541 = DIRECTION ( 'NONE',  ( 0.9991514412379743915, -0.04118683579675175982, 0.0002050100731056651480 ) ) ;
#8542 = CARTESIAN_POINT ( 'NONE',  ( -1124.998098858653293, 940.3778413905833986, 132.0363216079210531 ) ) ;
#8543 = PLANE ( 'NONE',  #9069 ) ;
#8544 = DIRECTION ( 'NONE',  ( 0.8155670090706019781, -0.5786626424054284179, 0.000000000000000000 ) ) ;
#8545 = DIRECTION ( 'NONE',  ( 0.000000000000000000, 1.000000000000000000, 0.000000000000000000 ) ) ;
#8546 = CARTESIAN_POINT ( 'NONE',  ( -1131.400174064729981, 206.2604865990089422, -666.7155173875539731 ) ) ;
#8547 = CARTESIAN_POINT ( 'NONE',  ( -1173.734430733936961, 931.5609557035556918, 143.5700334220057357 ) ) ;
#8548 = AXIS2_PLACEMENT_3D ( 'NONE', #1681, #911, #6416 ) ;
#8549 = EDGE_LOOP ( 'NONE', ( #8326, #2617, #4701, #8247 ) ) ;
#8550 = CARTESIAN_POINT ( 'NONE',  ( -1128.900185889944169, 924.4038196134146119, -161.6131228498704786 ) ) ;
#8551 = ADVANCED_FACE ( 'NONE', ( #2869 ), #9181, .T. ) ;
#8552 = LINE ( 'NONE', #704, #415 ) ;
#8553 = LINE ( 'NONE', #6114, #8113 ) ;
#8554 =( NAMED_UNIT ( * ) SI_UNIT ( $, .STERADIAN. ) SOLID_ANGLE_UNIT ( ) );
#8555 = CARTESIAN_POINT ( 'NONE',  ( -24.65452914971793064, 82.64172250664664432, -684.1970656036862692 ) ) ;
#8556 = PRESENTATION_STYLE_ASSIGNMENT (( #3696 ) ) ;
#8558 = ADVANCED_FACE ( 'NONE', ( #9425 ), #3691, .F. ) ;
#8557 = VERTEX_POINT ( 'NONE', #8342 ) ;
#8559 = CARTESIAN_POINT ( 'NONE',  ( -1134.075860280830057, 191.8587739266352514, -669.2729340877015147 ) ) ;
#8560 = EDGE_CURVE ( 'NONE', #7211, #5014, #1524, .T. ) ;
#8561 = CARTESIAN_POINT ( 'NONE',  ( -1126.483577836898576, 180.0958043219081901, 641.5102018979525837 ) ) ;
#8562 = CARTESIAN_POINT ( 'NONE',  ( -1127.901265122251743, 212.2728432709501192, 661.7005145421038605 ) ) ;
#8563 = DIRECTION ( 'NONE',  ( 0.000000000000000000, -1.000000000000000000, 0.000000000000000000 ) ) ;
#8564 = DIRECTION ( 'NONE',  ( 5.551115123125780730E-16, -1.000000000000000000, 0.000000000000000000 ) ) ;
#8565 = B_SPLINE_CURVE_WITH_KNOTS ( 'NONE', 3,
 ( #9058, #6882, #4408, #6724, #5180, #9117, #9276, #6832, #483, #9890, #6775, #5339, #9834, #543, #2861, #594, #6007, #2759, #1164, #375, #1983, #5284, #7449, #9999, #5118, #8286, #9176, #2968, #3734, #2100, #1216, #1319, #6107, #3685, #2919, #2809, #6055, #8443, #10046, #7509, #431, #3577, #5950, #6155, #9332, #6931, #849, #2352, #4568, #6258, #9382, #2302, #9476, #2401, #8649, #7041, #2255, #6355, #1621, #3784, #4667, #1471 ),
 .UNSPECIFIED., .F., .F.,
 ( 4, 2, 2, 2, 2, 2, 2, 2, 2, 2, 2, 2, 2, 2, 2, 2, 2, 2, 2, 2, 2, 2, 2, 2, 2, 2, 2, 2, 2, 2, 4 ),
 ( 0.06633143890263541731, 0.06736552631414416403, 0.06839961372565289688, 0.07046778854867070951, 0.07253596337168850827, 0.07357005078319747704, 0.07460413819470644581, 0.07667231301772459151, 0.07874048784074273721, 0.08287683748677898699, 0.08494501230979722983, 0.08701318713281550044, 0.09114953677885177796, 0.09321771160187009020, 0.09528588642488838856, 0.09735406124790668692, 0.09838814865941582222, 0.09942223607092495752, 0.1014904108939432004, 0.1035585857169614293, 0.1076949353629977763, 0.1097631101860159081, 0.1118312850090340260, 0.1159676346550703729, 0.1201039843011066921, 0.1221721591241248794, 0.1232062465356340702, 0.1242403339471432611, 0.1283766835931802464, 0.1304448584161988500, 0.1325130332392174815 ),
 .UNSPECIFIED. ) ;
#8566 = EDGE_CURVE ( 'NONE', #4300, #5328, #1360, .T. ) ;
#8567 = CARTESIAN_POINT ( 'NONE',  ( 3.038872858745769746E-14, 408.5786437626904899, 580.0000000000001137 ) ) ;
#8568 = ORIENTED_EDGE ( 'NONE', *, *, #8047, .T. ) ;
#8569 = EDGE_CURVE ( 'NONE', #145, #3322, #2589, .T. ) ;
#8570 = CYLINDRICAL_SURFACE ( 'NONE', #523, 25.00000000000003197 ) ;
#8571 = CARTESIAN_POINT ( 'NONE',  ( -1125.015583341062438, 215.8313416478873989, -649.0660239434373580 ) ) ;
#8572 = CARTESIAN_POINT ( 'NONE',  ( -1150.000000000000227, 938.9285782095131481, 149.8625354325496630 ) ) ;
#8573 = DIRECTION ( 'NONE',  ( 0.000000000000000000, -0.7071067811865453523, -0.7071067811865496822 ) ) ;
#8574 = CIRCLE ( 'NONE', #6938, 25.00000000000002132 ) ;
#8575 = CARTESIAN_POINT ( 'NONE',  ( -15.27807376092329683, 96.38778882969374706, -660.2093921808913137 ) ) ;
#8576 = DIRECTION ( 'NONE',  ( 0.000000000000000000, 0.000000000000000000, 1.000000000000000000 ) ) ;
#8577 = EDGE_LOOP ( 'NONE', ( #6228, #5449 ) ) ;
#8578 = EDGE_CURVE ( 'NONE', #547, #8986, #2671, .T. ) ;
#8579 = CARTESIAN_POINT ( 'NONE',  ( -1150.000000000000000, 910.0000000000381988, 349.9999999998139515 ) ) ;
#8580 = ORIENTED_EDGE ( 'NONE', *, *, #479, .F. ) ;
#8581 = AXIS2_PLACEMENT_3D ( 'NONE', #5503, #4040, #7881 ) ;
#8582 = VERTEX_POINT ( 'NONE', #8885 ) ;
#8583 = VECTOR ( 'NONE', #534, 1000.000000000000114 ) ;
#8584 = CARTESIAN_POINT ( 'NONE',  ( -1133.031440115230453, 675.5792185290455336, 527.1156932182402670 ) ) ;
#8585 = CYLINDRICAL_SURFACE ( 'NONE', #4310, 6.000000000000116351 ) ;
#8586 = CARTESIAN_POINT ( 'NONE',  ( -20.96939004508363169, 601.9749054137024586, 538.6741909409929576 ) ) ;
#8587 = DIRECTION ( 'NONE',  ( 4.999362528151271919E-51, 0.000000000000000000, 1.000000000000000000 ) ) ;
#8588 = VECTOR ( 'NONE', #3521, 1000.000000000000000 ) ;
#8589 = FACE_BOUND ( 'NONE', #1908, .T. ) ;
#8590 = CARTESIAN_POINT ( 'NONE',  ( -1140.548979484839037, 915.6864284129959515, -149.9883964885151784 ) ) ;
#8591 = ORIENTED_EDGE ( 'NONE', *, *, #5675, .F. ) ;
#8592 = EDGE_CURVE ( 'NONE', #8049, #5328, #3253, .T. ) ;
#8593 = EDGE_LOOP ( 'NONE', ( #4638, #808, #8721, #7910, #2674, #4234 ) ) ;
#8594 = CARTESIAN_POINT ( 'NONE',  ( -499.4498859378807651, 906.4403663422449426, 132.9006123151485781 ) ) ;
#8595 = CARTESIAN_POINT ( 'NONE',  ( -1173.750000000000000, 30.00000000000000711, 626.2500000000001137 ) ) ;
#8596 = CARTESIAN_POINT ( 'NONE',  ( -1173.750000000000000, 30.00000000000000711, 632.2500000000002274 ) ) ;
#8597 = CARTESIAN_POINT ( 'NONE',  ( -25.00000000000030198, 120.2284581782640061, 680.0000000000000000 ) ) ;
#8598 = VECTOR ( 'NONE', #8003, 1000.000000000000000 ) ;
#8599 = CARTESIAN_POINT ( 'NONE',  ( -1132.400325337308459, 193.2814279866864240, -667.7591136569642458 ) ) ;
#8600 = CARTESIAN_POINT ( 'NONE',  ( -4.553031471546817989E-14, 600.0000000000002274, -488.5786437626905467 ) ) ;
#8601 = VERTEX_POINT ( 'NONE', #898 ) ;
#8602 = DIRECTION ( 'NONE',  ( 1.000000000000000000, 0.000000000000000000, 0.000000000000000000 ) ) ;
#8603 = VECTOR ( 'NONE', #4653, 1000.000000000000000 ) ;
#8604 = CARTESIAN_POINT ( 'NONE',  ( -18.76632602400558270, 580.7266856075934811, -572.6453216345190640 ) ) ;
#8605 =( NAMED_UNIT ( * ) PLANE_ANGLE_UNIT ( ) SI_UNIT ( $, .RADIAN. ) );
#8606 = CARTESIAN_POINT ( 'NONE',  ( -1128.649605937187289, 927.0408814800919117, 135.6064182361236021 ) ) ;
#8607 = CARTESIAN_POINT ( 'NONE',  ( -24.99971891114019229, 122.2122130344291833, -680.7040578272685707 ) ) ;
#8608 = DIRECTION ( 'NONE',  ( -1.000000000000000000, 0.000000000000000000, 0.000000000000000000 ) ) ;
#8609 = ORIENTED_EDGE ( 'NONE', *, *, #2686, .T. ) ;
#8610 = CARTESIAN_POINT ( 'NONE',  ( -1126.750403943409083, 179.8244619806843048, -659.1953502328475452 ) ) ;
#8611 = CARTESIAN_POINT ( 'NONE',  ( -1156.709551309679455, 913.1555881250005768, 167.1655689682156662 ) ) ;
#8612 = CARTESIAN_POINT ( 'NONE',  ( -24.12958494934919784, 565.7606120073934335, 554.9817302722520935 ) ) ;
#8613 = CARTESIAN_POINT ( 'NONE',  ( -1127.414329862587465, 948.1864261653142876, 167.1292436081581059 ) ) ;
#8614 = CARTESIAN_POINT ( 'NONE',  ( -23.75000000000033396, 40.00000000000000000, 662.2499999999998863 ) ) ;
#8615 = AXIS2_PLACEMENT_3D ( 'NONE', #9870, #8937, #8164 ) ;
#8616 = DIRECTION ( 'NONE',  ( 0.000000000000000000, 0.000000000000000000, 1.000000000000000000 ) ) ;
#8617 = ORIENTED_EDGE ( 'NONE', *, *, #364, .T. ) ;
#8618 = CARTESIAN_POINT ( 'NONE',  ( -500.0430627306077440, 911.3117373309971754, 132.0147611730997994 ) ) ;
#8619 = CARTESIAN_POINT ( 'NONE',  ( -1128.331800608079220, 652.2483364729450841, -553.1300444766144437 ) ) ;
#8620 = CARTESIAN_POINT ( 'NONE',  ( -1146.479186670268291, 914.8197142520067473, -141.0228440212648877 ) ) ;
#8621 = CARTESIAN_POINT ( 'NONE',  ( -18.65084542784660115, 113.4994908740370363, -663.3461314053464548 ) ) ;
#8623 = CARTESIAN_POINT ( 'NONE',  ( -1174.779125602154863, 935.8391866593578925, 147.0274801304501580 ) ) ;
#8622 = VECTOR ( 'NONE', #3415, 1000.000000000000000 ) ;
#8624 = CIRCLE ( 'NONE', #1369, 20.00000000000008882 ) ;
#8625 = VERTEX_POINT ( 'NONE', #4028 ) ;
#8626 = CARTESIAN_POINT ( 'NONE',  ( -16.95595458689387769, 99.45799249808462150, -661.6262274749767585 ) ) ;
#8627 = ORIENTED_EDGE ( 'NONE', *, *, #7177, .F. ) ;
#8628 = CIRCLE ( 'NONE', #2024, 18.00000000000001421 ) ;
#8629 = ADVANCED_FACE ( 'NONE', ( #2540 ), #3981, .F. ) ;
#8630 = ORIENTED_EDGE ( 'NONE', *, *, #9338, .T. ) ;
#8631 = TOROIDAL_SURFACE ( 'NONE', #9120, 50.00000000000027711, 25.00000000000000711 ) ;
#8632 = EDGE_CURVE ( 'NONE', #8177, #5540, #4414, .T. ) ;
#8633 = CARTESIAN_POINT ( 'NONE',  ( -1172.790990467952724, 663.1842480476979063, 547.2844538408706967 ) ) ;
#8634 = CARTESIAN_POINT ( 'NONE',  ( -25.00000000000030909, 122.2412364159315388, 679.8842652254359109 ) ) ;
#8635 = CARTESIAN_POINT ( 'NONE',  ( -1149.999999999999545, 912.4125363088027143, -165.3659685335971972 ) ) ;
#8636 = CARTESIAN_POINT ( 'NONE',  ( -1167.770782331423788, 922.5759580772838717, -134.0253204551516433 ) ) ;
#8637 = CARTESIAN_POINT ( 'NONE',  ( 0.000000000000000000, 40.00000000000000000, -609.9999999999997726 ) ) ;
#8638 = CARTESIAN_POINT ( 'NONE',  ( -1140.576189127961925, 915.6406531067979131, -150.3848731943131725 ) ) ;
#8639 = CARTESIAN_POINT ( 'NONE',  ( -1149.999999999999545, 892.0461840472275981, -379.2016327917510239 ) ) ;
#8640 = EDGE_LOOP ( 'NONE', ( #9961, #8568, #7447, #5248, #7591 ) ) ;
#8641 = ORIENTED_EDGE ( 'NONE', *, *, #3193, .T. ) ;
#8642 = CARTESIAN_POINT ( 'NONE',  ( -1132.468882519385033, 920.6703518831786823, 154.0344660324557537 ) ) ;
#8643 = DIRECTION ( 'NONE',  ( 0.000000000000000000, 1.000000000000000000, 0.000000000000000000 ) ) ;
#8644 = CIRCLE ( 'NONE', #6317, 23.00000000000000711 ) ;
#8645 = CARTESIAN_POINT ( 'NONE',  ( -1125.009721370614443, 177.7514603268096209, -650.6971183727841890 ) ) ;
#8646 = CARTESIAN_POINT ( 'NONE',  ( -1135.507901835327857, 918.8903184736740286, -145.0834423977454719 ) ) ;
#8647 =( LENGTH_UNIT ( ) NAMED_UNIT ( * ) SI_UNIT ( .MILLI., .METRE. ) );
#8648 = CARTESIAN_POINT ( 'NONE',  ( -1150.000000000000227, 200.0000000000000000, 650.0000000000011369 ) ) ;
#8649 = CARTESIAN_POINT ( 'NONE',  ( -1126.230172338601506, 216.1881270393144803, -642.2475055207727337 ) ) ;
#8650 = CARTESIAN_POINT ( 'NONE',  ( -1160.942271046547603, 917.7568068542536821, 132.7024833554692407 ) ) ;
#8651 = TOROIDAL_SURFACE ( 'NONE', #1538, 149.9999999999998579, 18.00000000000003197 ) ;
#8652 = VECTOR ( 'NONE', #556, 999.9999999999998863 ) ;
#8653 = ORIENTED_EDGE ( 'NONE', *, *, #10107, .F. ) ;
#8654 = CARTESIAN_POINT ( 'NONE',  ( -1129.671390525870947, 923.3831054395850515, -160.2686277039713900 ) ) ;
#8655 = CARTESIAN_POINT ( 'NONE',  ( -1169.866588464053393, 925.0296704500425449, -133.2522951120788548 ) ) ;
#8656 = DIRECTION ( 'NONE',  ( 1.000000000000000000, 0.000000000000000000, 0.000000000000000000 ) ) ;
#8657 = FILL_AREA_STYLE ('',( #1386 ) ) ;
#8658 = ORIENTED_EDGE ( 'NONE', *, *, #5195, .F. ) ;
#8659 = CARTESIAN_POINT ( 'NONE',  ( -1128.583962983698711, 182.2978994744373722, -662.9493617481710999 ) ) ;
#8660 = DIRECTION ( 'NONE',  ( 0.000000000000000000, 0.000000000000000000, -1.000000000000000000 ) ) ;
#8661 = CARTESIAN_POINT ( 'NONE',  ( -495.6342603246752105, 923.8502855767935671, -163.2586361474749594 ) ) ;
#8662 = CARTESIAN_POINT ( 'NONE',  ( -1128.042084216305284, 925.4469275459703113, 165.4801503008856116 ) ) ;
#8663 = CYLINDRICAL_SURFACE ( 'NONE', #1643, 20.00000000000008882 ) ;
#8664 = DIRECTION ( 'NONE',  ( -1.000000000000000000, 1.110223024625143327E-15, -1.110223024625143327E-15 ) ) ;
#8665 = VERTEX_POINT ( 'NONE', #1864 ) ;
#8666 = CARTESIAN_POINT ( 'NONE',  ( 0.000000000000000000, 40.00000000000000000, -640.0000000000000000 ) ) ;
#8667 = CARTESIAN_POINT ( 'NONE',  ( -1145.151729520223626, 915.2327039081561679, 138.8229375572540221 ) ) ;
#8668 = CARTESIAN_POINT ( 'NONE',  ( -2.880137398330167607E-13, 30.00000000000000711, 705.0000000000001137 ) ) ;
#8669 = CARTESIAN_POINT ( 'NONE',  ( -23.75000000000028066, 30.00000000000000711, -656.2500000000000000 ) ) ;
#8670 = CARTESIAN_POINT ( 'NONE',  ( -1164.544064342440379, 920.0599655226462801, 130.8632543239781683 ) ) ;
#8671 = ORIENTED_EDGE ( 'NONE', *, *, #6511, .T. ) ;
#8672 = CARTESIAN_POINT ( 'NONE',  ( -24.51307531715231391, 119.6940302870419544, -675.0808557904500731 ) ) ;
#8673 = ORIENTED_EDGE ( 'NONE', *, *, #8133, .F. ) ;
#8674 = EDGE_LOOP ( 'NONE', ( #6085, #1324 ) ) ;
#8675 = CARTESIAN_POINT ( 'NONE',  ( -1458.041541306736235, 345.0000000000000000, -188.6010951158150704 ) ) ;
#8676 = DIRECTION ( 'NONE',  ( 0.000000000000000000, 0.000000000000000000, -1.000000000000000000 ) ) ;
#8677 = LINE ( 'NONE', #889, #9095 ) ;
#8678 = EDGE_CURVE ( 'NONE', #9747, #843, #6135, .T. ) ;
#8679 = DIRECTION ( 'NONE',  ( 0.000000000000000000, -1.000000000000000000, 0.000000000000000000 ) ) ;
#8680 = EDGE_CURVE ( 'NONE', #9179, #8882, #7785, .T. ) ;
#8681 = EDGE_CURVE ( 'NONE', #624, #4797, #2026, .T. ) ;
#8682 = EDGE_CURVE ( 'NONE', #1554, #3344, #3310, .T. ) ;
#8683 = CARTESIAN_POINT ( 'NONE',  ( -1140.726631065909714, 915.8557515555336295, -147.1933834755512578 ) ) ;
#8684 = CIRCLE ( 'NONE', #256, 23.00000000000003553 ) ;
#8685 = FACE_BOUND ( 'NONE', #8377, .T. ) ;
#8686 = ORIENTED_EDGE ( 'NONE', *, *, #992, .F. ) ;
#8687 = VERTEX_POINT ( 'NONE', #4393 ) ;
#8688 = B_SPLINE_CURVE_WITH_KNOTS ( 'NONE', 3,
 ( #6796, #9966, #2884, #6023, #2414, #3174, #771, #6225, #6418, #4682, #3999, #3084, #3906, #7006, #8662, #1683, #1591, #7937, #9396, #5552, #2507, #913, #4735, #8710, #10170, #86, #7783, #2320, #7056, #1540, #5453, #7888, #4046, #132, #5599, #866, #5650, #8756, #8613, #9489, #821, #4826, #7840, #3953, #7986, #37, #1633, #10219, #9580, #4781, #7149, #3130, #7101, #7199, #9531, #6320, #3269, #3225 ),
 .UNSPECIFIED., .F., .F.,
 ( 4, 2, 2, 2, 2, 2, 2, 2, 2, 2, 2, 2, 2, 2, 2, 2, 2, 2, 2, 2, 2, 2, 2, 2, 2, 2, 2, 2, 4 ),
 ( 0.001977481473945450711, 0.004052658623914456339, 0.005090247198899092509, 0.006127835773883729548, 0.01027819007382183188, 0.01442854437375993074, 0.01857889867369803480, 0.02272925297363613539, 0.02480443012360546151, 0.02584201869859037090, 0.02687960727357528376, 0.03102996157351603501, 0.03518031587345678279, 0.03621790444844188300, 0.03725549302342697627, 0.03933067017339710730, 0.04140584732336723139, 0.04244343589835253977, 0.04348102447333784815, 0.04763137877327917186, 0.05178173307322048863, 0.05385691022319118171, 0.05593208737316186091, 0.06008244167310341360, 0.06215761882307423158, 0.06423279597304504263, 0.06527038454803051060, 0.06630797312301597857, 0.06838315027298680349 ),
 .UNSPECIFIED. ) ;
#8689 = EDGE_CURVE ( 'NONE', #3546, #7644, #6442, .T. ) ;
#8690 = CARTESIAN_POINT ( 'NONE',  ( 3.933969144701300324E-14, 570.7106781186548687, 559.2893218813453586 ) ) ;
#8691 =( LENGTH_UNIT ( ) NAMED_UNIT ( * ) SI_UNIT ( .MILLI., .METRE. ) );
#8692 = CARTESIAN_POINT ( 'NONE',  ( -1174.180173134635197, 932.0500508421366703, -155.5852700612902311 ) ) ;
#8693 = CARTESIAN_POINT ( 'NONE',  ( -1149.176263266754631, 958.9116074542073420, 149.8625354325496630 ) ) ;
#8695 = EDGE_CURVE ( 'NONE', #4186, #9554, #6291, .T. ) ;
#8694 = CARTESIAN_POINT ( 'NONE',  ( -462.0430627306076872, 911.3117373309971754, 302.7158385259952524 ) ) ;
#8696 = CARTESIAN_POINT ( 'NONE',  ( -1127.214697623030816, 213.2259369093917485, -660.3011705358982226 ) ) ;
#8697 = LINE ( 'NONE', #9383, #3194 ) ;
#8698 = ORIENTED_EDGE ( 'NONE', *, *, #6390, .T. ) ;
#8699 = EDGE_LOOP ( 'NONE', ( #4312, #5008, #7313, #1346, #4648, #5645 ) ) ;
#8700 = CARTESIAN_POINT ( 'NONE',  ( -4.553031471546817989E-14, 600.0000000000002274, -488.5786437626905467 ) ) ;
#8701 = CARTESIAN_POINT ( 'NONE',  ( -19.67098447194795696, 579.4992851694341880, -572.3243034802338798 ) ) ;
#8702 = CARTESIAN_POINT ( 'NONE',  ( -1156.850242475309415, 916.2836004375767516, -131.4410736153748189 ) ) ;
#8703 = CARTESIAN_POINT ( 'NONE',  ( -1149.999999999999545, 885.5051025721307951, -345.0000000001836611 ) ) ;
#8704 = ADVANCED_FACE ( 'NONE', ( #2846 ), #5989, .F. ) ;
#8705 = ORIENTED_EDGE ( 'NONE', *, *, #7797, .T. ) ;
#8706 = CARTESIAN_POINT ( 'NONE',  ( -1130.406026319871216, 184.9901726940536832, -665.5344029076762808 ) ) ;
#8707 = AXIS2_PLACEMENT_3D ( 'NONE', #4733, #7886, #2412 ) ;
#8708 = CARTESIAN_POINT ( 'NONE',  ( -23.00000000000029843, 408.5786437626904899, -680.0000000000000000 ) ) ;
#8709 = CYLINDRICAL_SURFACE ( 'NONE', #7142, 17.99999999999999645 ) ;
#8710 = CARTESIAN_POINT ( 'NONE',  ( -1125.041426354333908, 935.0958371984710311, 169.7196102783312028 ) ) ;
#8711 = CARTESIAN_POINT ( 'NONE',  ( -24.79738811768315543, 593.9444705856327573, 531.4188052408098883 ) ) ;
#8712 = EDGE_CURVE ( 'NONE', #9304, #529, #5159, .T. ) ;
#8713 = DIRECTION ( 'NONE',  ( -1.084036547835517478E-17, 1.000000000000000000, 6.123233995736766036E-17 ) ) ;
#8714 = ORIENTED_EDGE ( 'NONE', *, *, #7158, .F. ) ;
#8715 = MECHANICAL_DESIGN_GEOMETRIC_PRESENTATION_REPRESENTATION (  '', ( #7550 ), #4421 ) ;
#8716 = DIRECTION ( 'NONE',  ( -1.000000000000000000, -5.551115123125780730E-16, 0.000000000000000000 ) ) ;
#8717 = CARTESIAN_POINT ( 'NONE',  ( -1127.023440014944072, 658.7546095304189748, -551.3306692791938985 ) ) ;
#8718 = CARTESIAN_POINT ( 'NONE',  ( -1173.750000000000227, 30.00000000000000711, -673.7499999999997726 ) ) ;
#8719 = CARTESIAN_POINT ( 'NONE',  ( -1173.750000000000000, 30.00000000000000711, 626.2500000000001137 ) ) ;
#8720 = CARTESIAN_POINT ( 'NONE',  ( -1172.510006774738031, 655.2185244105116908, 552.8201103430466219 ) ) ;
#8721 = ORIENTED_EDGE ( 'NONE', *, *, #1241, .F. ) ;
#8722 = CARTESIAN_POINT ( 'NONE',  ( -24.10667554322775175, 119.1486103699890862, -673.3505738446559690 ) ) ;
#8723 = ORIENTED_EDGE ( 'NONE', *, *, #7646, .T. ) ;
#8724 = ORIENTED_EDGE ( 'NONE', *, *, #8689, .T. ) ;
#8725 = CARTESIAN_POINT ( 'NONE',  ( -1149.999999999999091, 876.5281945957797234, 359.6008163958770183 ) ) ;
#8726 = CARTESIAN_POINT ( 'NONE',  ( -1126.250000000000227, 30.00000000000000711, 626.2499999999996589 ) ) ;
#8727 = CARTESIAN_POINT ( 'NONE',  ( -1149.999999999999773, 2.364775042451583431E-11, 649.9999999999995453 ) ) ;
#8728 = CARTESIAN_POINT ( 'NONE',  ( -1126.662615144863139, 949.1458326843730902, -135.6942177543205332 ) ) ;
#8729 = CARTESIAN_POINT ( 'NONE',  ( -492.4209068129552520, 895.5846647903954363, -141.8558151243189513 ) ) ;
#8730 = CARTESIAN_POINT ( 'NONE',  ( -489.4948262968724180, 893.6860695284021858, -149.7268581015163988 ) ) ;
#8731 = VECTOR ( 'NONE', #7414, 1000.000000000000000 ) ;
#8732 = CARTESIAN_POINT ( 'NONE',  ( -1129.531207050535613, 925.7734800622141620, 134.0456122322658530 ) ) ;
#8733 = ORIENTED_EDGE ( 'NONE', *, *, #9680, .F. ) ;
#8734 = B_SPLINE_CURVE_WITH_KNOTS ( 'NONE', 3,
 ( #9416, #7809, #739, #2903, #3290, #6290, #838, #150, #5618, #2433, #7906, #5718, #7170, #8827, #5570, #7123, #8056, #8877, #107, #9464, #8729, #6343, #4848, #6386, #1755, #60, #4065, #9507, #9654, #1802, #986, #4116 ),
 .UNSPECIFIED., .F., .F.,
 ( 4, 2, 2, 2, 2, 2, 2, 2, 2, 2, 2, 2, 2, 2, 2, 4 ),
 ( 0.03161787082856806069, 0.03348805502434260006, 0.03535823922011713943, 0.03722842341589167880, 0.03909860761166621818, 0.04096879180744075755, 0.04283897600321529692, 0.04657934439476468791, 0.04844952859053937994, 0.05031971278631407196, 0.05406008117786346989, 0.05593026537363812722, 0.05780044956941278456, 0.05967063376518745577, 0.06060572586307477749, 0.06154081796096210616 ),
 .UNSPECIFIED. ) ;
#8735 = AXIS2_PLACEMENT_3D ( 'NONE', #478, #3681, #9273 ) ;
#8736 = ORIENTED_EDGE ( 'NONE', *, *, #1747, .F. ) ;
#8737 = DIRECTION ( 'NONE',  ( -0.000000000000000000, 1.000000000000000000, -0.000000000000000000 ) ) ;
#8738 = TOROIDAL_SURFACE ( 'NONE', #7912, 1749.999999999999545, 25.00000000000000711 ) ;
#8739 = CARTESIAN_POINT ( 'NONE',  ( -1458.041541306736235, 345.0000000000000000, 158.6010951158156388 ) ) ;
#8740 = CARTESIAN_POINT ( 'NONE',  ( -1155.014386718150945, 912.8281652780591457, -166.3104426147222341 ) ) ;
#8741 = CARTESIAN_POINT ( 'NONE',  ( 3.038872858745772902E-14, 479.2893218813452449, -650.7106781186548687 ) ) ;
#8742 = CYLINDRICAL_SURFACE ( 'NONE', #7504, 6.000000000000116351 ) ;
#8743 = DIRECTION ( 'NONE',  ( 0.000000000000000000, 0.000000000000000000, 1.000000000000000000 ) ) ;
#8744 = CARTESIAN_POINT ( 'NONE',  ( -1174.272461200012231, 933.0588924002702242, 148.2195643905926943 ) ) ;
#8745 = ORIENTED_EDGE ( 'NONE', *, *, #3787, .F. ) ;
#8746 = CARTESIAN_POINT ( 'NONE',  ( -23.91942008865688862, 563.1726287026815498, -556.5342286701591092 ) ) ;
#8747 = ADVANCED_FACE ( 'NONE', ( #6706 ), #3506, .F. ) ;
#8748 = CARTESIAN_POINT ( 'NONE',  ( -1151.559333094567364, 182.0676694124776986, -650.0000000000011369 ) ) ;
#8749 = CARTESIAN_POINT ( 'NONE',  ( -1173.600619348729424, 931.5161797849604000, -139.1512947787939538 ) ) ;
#8750 = AXIS2_PLACEMENT_3D ( 'NONE', #5616, #4891, #3922 ) ;
#8751 = DIRECTION ( 'NONE',  ( 1.457987752832361557E-15, -1.276756478318930021E-15, 1.000000000000000000 ) ) ;
#8752 = ORIENTED_EDGE ( 'NONE', *, *, #8569, .F. ) ;
#8753 = CARTESIAN_POINT ( 'NONE',  ( -1135.480609714846423, 197.4737466368285368, -670.3516403651606197 ) ) ;
#8754 = CYLINDRICAL_SURFACE ( 'NONE', #8548, 24.99999999999998934 ) ;
#8755 = FACE_OUTER_BOUND ( 'NONE', #4950, .T. ) ;
#8756 = CARTESIAN_POINT ( 'NONE',  ( -1126.924999178049575, 947.0431498522185620, 167.7461184185403908 ) ) ;
#8757 = CIRCLE ( 'NONE', #4290, 6.000000000000116351 ) ;
#8758 = FACE_OUTER_BOUND ( 'NONE', #8768, .T. ) ;
#8759 = VERTEX_POINT ( 'NONE', #1148 ) ;
#8760 = LINE ( 'NONE', #6277, #7617 ) ;
#8761 = CARTESIAN_POINT ( 'NONE',  ( -1127.000000000000000, 660.0000000000001137, -550.4159941854395584 ) ) ;
#8762 = CARTESIAN_POINT ( 'NONE',  ( -11.07408707241766699, 603.0095766401511810, -554.7358387191378597 ) ) ;
#8763 = CARTESIAN_POINT ( 'NONE',  ( -1110.000000000000000, 30.00000000000000711, 0.000000000000000000 ) ) ;
#8764 = DIRECTION ( 'NONE',  ( 0.000000000000000000, 0.000000000000000000, 1.000000000000000000 ) ) ;
#8765 = CARTESIAN_POINT ( 'NONE',  ( -1148.104108548209297, 637.0749842586313889, 549.2641772095649912 ) ) ;
#8766 = ORIENTED_EDGE ( 'NONE', *, *, #6082, .F. ) ;
#8767 = CARTESIAN_POINT ( 'NONE',  ( -24.99040421216484731, 120.2410033968033929, -679.3073981572157436 ) ) ;
#8768 = EDGE_LOOP ( 'NONE', ( #8999, #2258, #3569, #7409, #2380 ) ) ;
#8769 = EDGE_CURVE ( 'NONE', #5132, #9906, #4280, .T. ) ;
#8770 = AXIS2_PLACEMENT_3D ( 'NONE', #3610, #359, #9928 ) ;
#8771 = VERTEX_POINT ( 'NONE', #3448 ) ;
#8772 = CIRCLE ( 'NONE', #865, 6.000000000000005329 ) ;
#8773 = DIRECTION ( 'NONE',  ( -1.110223024625143327E-15, -7.716246151171155500E-31, 1.000000000000000000 ) ) ;
#8774 = DIRECTION ( 'NONE',  ( 0.000000000000000000, 0.000000000000000000, -1.000000000000000000 ) ) ;
#8775 = CARTESIAN_POINT ( 'NONE',  ( -385.5549505783702671, 844.2703537956056152, 448.7780475532340461 ) ) ;
#8776 = CARTESIAN_POINT ( 'NONE',  ( -1135.732264942684424, 918.3234511076622084, -149.8594389012232284 ) ) ;
#8777 = VECTOR ( 'NONE', #3201, 1000.000000000000000 ) ;
#8778 = CIRCLE ( 'NONE', #10115, 23.00000000000000355 ) ;
#8779 = CARTESIAN_POINT ( 'NONE',  ( -1134.744554793703173, 919.6686477242104729, 142.5243429598411637 ) ) ;
#8780 = AXIS2_PLACEMENT_3D ( 'NONE', #9182, #3740, #1327 ) ;
#8781 = ORIENTED_EDGE ( 'NONE', *, *, #10040, .F. ) ;
#8782 = DIRECTION ( 'NONE',  ( 4.999362528151271919E-51, 0.000000000000000000, 1.000000000000000000 ) ) ;
#8783 = CARTESIAN_POINT ( 'NONE',  ( -1164.340246702255172, 916.6195682220625258, -168.7662538751469867 ) ) ;
#8784 = DIRECTION ( 'NONE',  ( 0.000000000000000000, -1.000000000000000000, 0.000000000000000000 ) ) ;
#8785 = CARTESIAN_POINT ( 'NONE',  ( -15.75740297662401446, 584.7235123135609456, 572.7337370428068652 ) ) ;
#8786 = CARTESIAN_POINT ( 'NONE',  ( -1125.876793843659016, 180.8228594466075378, -656.6609539984824551 ) ) ;
#8787 = CARTESIAN_POINT ( 'NONE',  ( -24.63153513248647286, 585.1418784149128669, -532.2540506410543912 ) ) ;
#8788 = VERTEX_POINT ( 'NONE', #1096 ) ;
#8789 = ORIENTED_EDGE ( 'NONE', *, *, #4738, .F. ) ;
#8790 = DIRECTION ( 'NONE',  ( 1.000000000000000000, 0.000000000000000000, 0.000000000000000000 ) ) ;
#8791 = CIRCLE ( 'NONE', #7822, 169.9999999999999147 ) ;
#8792 = DIRECTION ( 'NONE',  ( -1.084036547835517478E-17, 1.000000000000000000, 6.123233995736766036E-17 ) ) ;
#8793 = FACE_OUTER_BOUND ( 'NONE', #7499, .T. ) ;
#8794 = EDGE_CURVE ( 'NONE', #9345, #3322, #698, .T. ) ;
#8795 = CARTESIAN_POINT ( 'NONE',  ( -21.54844843555199674, 116.9080252322276152, -692.7182809766129594 ) ) ;
#8796 = VERTEX_POINT ( 'NONE', #1303 ) ;
#8797 = FACE_BOUND ( 'NONE', #2021, .T. ) ;
#8798 = VECTOR ( 'NONE', #6497, 999.9999999999998863 ) ;
#8799 = AXIS2_PLACEMENT_3D ( 'NONE', #6206, #7917, #6153 ) ;
#8800 = CARTESIAN_POINT ( 'NONE',  ( -1149.999999999999773, -804.6428199482238597, 0.000000000000000000 ) ) ;
#8801 = CARTESIAN_POINT ( 'NONE',  ( -1156.277992208338901, 913.0587737788270033, 166.9644334949209963 ) ) ;
#8802 = EDGE_CURVE ( 'NONE', #5540, #3444, #3192, .T. ) ;
#8803 = DIRECTION ( 'NONE',  ( 0.9991514412379743915, -0.04118683579675175982, 0.0002050100731056651480 ) ) ;
#8804 = CARTESIAN_POINT ( 'NONE',  ( -20.09615332119707887, 92.33261932754896861, -694.8762650947900283 ) ) ;
#8805 = EDGE_CURVE ( 'NONE', #514, #4740, #1479, .T. ) ;
#8806 = EDGE_CURVE ( 'NONE', #6921, #6531, #581, .T. ) ;
#8807 = CARTESIAN_POINT ( 'NONE',  ( -24.32408755121648269, 583.0843639970216827, 532.8226921005018539 ) ) ;
#8808 = CARTESIAN_POINT ( 'NONE',  ( -2.862362150852697360E-13, 39.99999999999997868, -680.0000000000000000 ) ) ;
#8809 = ORIENTED_EDGE ( 'NONE', *, *, #9135, .F. ) ;
#8810 = AXIS2_PLACEMENT_3D ( 'NONE', #8739, #8884, #4027 ) ;
#8811 = EDGE_CURVE ( 'NONE', #3151, #7965, #630, .T. ) ;
#8812 = CARTESIAN_POINT ( 'NONE',  ( -1174.349892816519741, 933.1918901008183411, -150.4594289888709113 ) ) ;
#8813 = CARTESIAN_POINT ( 'NONE',  ( -1548.041541306736235, 334.9999999999999432, -158.6010951158150704 ) ) ;
#8814 = CARTESIAN_POINT ( 'NONE',  ( -8.392327902404232987, 592.6707056461598313, -570.2919067325448168 ) ) ;
#8815 = CARTESIAN_POINT ( 'NONE',  ( -1144.598087705985108, 914.9027323982801363, 144.2998152959605704 ) ) ;
#8816 = DIRECTION ( 'NONE',  ( 0.000000000000000000, 0.000000000000000000, -1.000000000000000000 ) ) ;
#8817 = CARTESIAN_POINT ( 'NONE',  ( -2.942733134631078957E-13, 408.5786437626904899, 680.0000000000000000 ) ) ;
#8818 = VERTEX_POINT ( 'NONE', #7700 ) ;
#8819 = CARTESIAN_POINT ( 'NONE',  ( -24.57015538908250107, 119.7680895006699018, -675.3742698826968081 ) ) ;
#8820 = ORIENTED_EDGE ( 'NONE', *, *, #1250, .F. ) ;
#8821 = EDGE_CURVE ( 'NONE', #3402, #3929, #9933, .T. ) ;
#8822 = CARTESIAN_POINT ( 'NONE',  ( -1152.116449907519609, 912.3525080796106295, 166.8781046148415044 ) ) ;
#8823 = EDGE_LOOP ( 'NONE', ( #8314, #2089 ) ) ;
#8824 = CARTESIAN_POINT ( 'NONE',  ( -23.75000000000033396, 30.00000000000000711, 650.2499999999998863 ) ) ;
#8825 = CARTESIAN_POINT ( 'NONE',  ( -19.01098004113272566, 108.3091934161548551, 696.2378565696571968 ) ) ;
#8826 = DIRECTION ( 'NONE',  ( 0.000000000000000000, 0.000000000000000000, -1.000000000000000000 ) ) ;
#8827 = CARTESIAN_POINT ( 'NONE',  ( -496.7768429910160535, 900.3070570491928493, -135.9911097426260653 ) ) ;
#8828 = CARTESIAN_POINT ( 'NONE',  ( -23.65745628485253249, 565.6188991219551099, -552.9274649877278307 ) ) ;
#8829 = AXIS2_PLACEMENT_3D ( 'NONE', #4086, #2601, #3312 ) ;
#8830 = UNCERTAINTY_MEASURE_WITH_UNIT (LENGTH_MEASURE( 1.000000000000000082E-05 ), #3741, 'distance_accuracy_value', 'NONE');
#8831 = EDGE_CURVE ( 'NONE', #893, #4330, #1351, .T. ) ;
#8832 = CYLINDRICAL_SURFACE ( 'NONE', #1207, 24.99999999999995026 ) ;
#8833 = VERTEX_POINT ( 'NONE', #3000 ) ;
#8834 = CARTESIAN_POINT ( 'NONE',  ( -1134.108464560013772, 958.0023143328890001, -153.3099740347912530 ) ) ;
#8835 = CARTESIAN_POINT ( 'NONE',  ( -24.46055398587807517, 565.9954417823869335, 556.5574220516217565 ) ) ;
#8836 = ADVANCED_FACE ( 'NONE', ( #2239 ), #3056, .F. ) ;
#8837 = CARTESIAN_POINT ( 'NONE',  ( -1167.223870244687532, 919.0483048102506700, -168.1581374753374405 ) ) ;
#8838 = AXIS2_PLACEMENT_3D ( 'NONE', #56, #2429, #4798 ) ;
#8839 = CARTESIAN_POINT ( 'NONE',  ( -16.13625182927183843, 584.2129256519790488, 572.7915694146696524 ) ) ;
#8840 = DIRECTION ( 'NONE',  ( 1.000000000000000000, 0.000000000000000000, 0.000000000000000000 ) ) ;
#8841 = CARTESIAN_POINT ( 'NONE',  ( 39.99999999999965894, 40.00000000000000000, 720.0000000000000000 ) ) ;
#8842 = MECHANICAL_DESIGN_GEOMETRIC_PRESENTATION_REPRESENTATION (  '', ( #435 ), #732 ) ;
#8843 = VERTEX_POINT ( 'NONE', #4602 ) ;
#8844 = AXIS2_PLACEMENT_3D ( 'NONE', #1976, #5172, #2699 ) ;
#8845 = CARTESIAN_POINT ( 'NONE',  ( -21.47230477095342493, 575.0988631375973910, -573.0395923931730522 ) ) ;
#8846 = CARTESIAN_POINT ( 'NONE',  ( -1165.282113069804382, 917.1246394072805970, -170.6935147327120319 ) ) ;
#8847 = CARTESIAN_POINT ( 'NONE',  ( 3.038872858745770377E-14, 495.5527778486359125, -666.9741340859454795 ) ) ;
#8848 = ORIENTED_EDGE ( 'NONE', *, *, #8423, .F. ) ;
#8849 = CARTESIAN_POINT ( 'NONE',  ( -12.36896688144164891, 601.1771896363736687, -556.2615563603525288 ) ) ;
#8850 = DIRECTION ( 'NONE',  ( 1.000000000000000000, 0.000000000000000000, 0.000000000000000000 ) ) ;
#8851 = CARTESIAN_POINT ( 'NONE',  ( -1131.912605837459523, 956.1982696458734381, -150.4699661374964705 ) ) ;
#8852 = CARTESIAN_POINT ( 'NONE',  ( -23.96999147455697354, 565.6887507640593640, -554.2673945267500812 ) ) ;
#8853 = DIRECTION ( 'NONE',  ( 1.091107039334787751E-15, -2.115144935513907174E-15, 1.000000000000000000 ) ) ;
#8854 = CARTESIAN_POINT ( 'NONE',  ( -21.45634266210652896, 571.4428335235153327, 538.5222855667090016 ) ) ;
#8855 = EDGE_CURVE ( 'NONE', #4146, #7044, #6193, .T. ) ;
#8856 = ORIENTED_EDGE ( 'NONE', *, *, #2754, .F. ) ;
#8857 = CARTESIAN_POINT ( 'NONE',  ( -1548.041541306736235, 334.9999999999999432, 193.6010951158154114 ) ) ;
#8858 = CARTESIAN_POINT ( 'NONE',  ( -1131.139938963038958, 646.8139751796138626, -552.4052772476427435 ) ) ;
#8859 = CARTESIAN_POINT ( 'NONE',  ( -1149.999999999999545, 892.0461840472281665, -379.2016327917505691 ) ) ;
#8860 = CARTESIAN_POINT ( 'NONE',  ( -1146.887690407325408, 914.8142096863874713, 140.5414073201778820 ) ) ;
#8861 = ADVANCED_FACE ( 'NONE', ( #9371 ), #6242, .T. ) ;
#8862 = CARTESIAN_POINT ( 'NONE',  ( -23.96999147455702683, 565.6887507640594777, 554.2673945267501949 ) ) ;
#8864 = DIRECTION ( 'NONE',  ( 0.000000000000000000, -2.413528314402511920E-15, 1.000000000000000000 ) ) ;
#8863 = CIRCLE ( 'NONE', #281, 6.000000000000116351 ) ;
#8865 = ORIENTED_EDGE ( 'NONE', *, *, #7410, .T. ) ;
#8866 = DIRECTION ( 'NONE',  ( 0.000000000000000000, 0.000000000000000000, -1.000000000000000000 ) ) ;
#8867 = VERTEX_POINT ( 'NONE', #7074 ) ;
#8868 = CARTESIAN_POINT ( 'NONE',  ( -1443.041541306736235, 345.0000000000000000, -143.6010951158150704 ) ) ;
#8869 = CARTESIAN_POINT ( 'NONE',  ( -19.47682146246201640, 111.4771371173418970, 664.3218337971067058 ) ) ;
#8870 = EDGE_CURVE ( 'NONE', #6690, #54, #8734, .T. ) ;
#8871 = EDGE_CURVE ( 'NONE', #9805, #5369, #2501, .T. ) ;
#8872 = VERTEX_POINT ( 'NONE', #8004 ) ;
#8873 = CARTESIAN_POINT ( 'NONE',  ( -1144.617896747512305, 913.5034412446686929, 160.0144374692968086 ) ) ;
#8874 = CARTESIAN_POINT ( 'NONE',  ( -491.3111448737670912, 931.7932132955693305, 137.8954307406176554 ) ) ;
#8875 = CARTESIAN_POINT ( 'NONE',  ( -19.98876283817812904, 110.8679187342858370, 695.0337229665444738 ) ) ;
#8876 = CARTESIAN_POINT ( 'NONE',  ( -25.00000000000029843, 122.2371864296536330, 680.0000000000000000 ) ) ;
#8877 = CARTESIAN_POINT ( 'NONE',  ( -494.3411528114910425, 897.3196077501321497, -139.1437709659253983 ) ) ;
#8879 = EDGE_CURVE ( 'NONE', #6333, #2821, #9596, .T. ) ;
#8878 = CARTESIAN_POINT ( 'NONE',  ( -23.84681212192933231, 579.0577392753419872, -536.5732098899067068 ) ) ;
#8880 = CARTESIAN_POINT ( 'NONE',  ( -1133.407675973832056, 957.9836053005150234, 146.4801640268088079 ) ) ;
#8881 = CARTESIAN_POINT ( 'NONE',  ( -1126.527438416724181, 948.9367277105167204, 133.1295609127136288 ) ) ;
#8882 = VERTEX_POINT ( 'NONE', #7216 ) ;
#8883 = CARTESIAN_POINT ( 'NONE',  ( -1149.999999999999545, 515.2069385598509825, 649.9999999999974989 ) ) ;
#8884 = DIRECTION ( 'NONE',  ( 0.000000000000000000, -1.000000000000000000, 0.000000000000000000 ) ) ;
#8885 = CARTESIAN_POINT ( 'NONE',  ( -381.8420253505902906, 841.6359520855489791, -429.3030863496018128 ) ) ;
#8886 = TOROIDAL_SURFACE ( 'NONE', #984, 100.0000000000031832, 23.00000000000000711 ) ;
#8887 = CARTESIAN_POINT ( 'NONE',  ( -10.94681316028341556, 598.2507253322756924, 561.7058174995617037 ) ) ;
#8888 = DIRECTION ( 'NONE',  ( 0.8155670090706017561, -0.5786626424054287510, 0.000000000000000000 ) ) ;
#8889 = EDGE_CURVE ( 'NONE', #3676, #4330, #2391, .T. ) ;
#8890 = CARTESIAN_POINT ( 'NONE',  ( -21.84835213904762696, 602.0336206542538093, -535.1763763932603979 ) ) ;
#8891 = AXIS2_PLACEMENT_3D ( 'NONE', #10111, #10164, #4575 ) ;
#8892 = ORIENTED_EDGE ( 'NONE', *, *, #6562, .F. ) ;
#8893 = AXIS2_PLACEMENT_3D ( 'NONE', #1050, #117, #9664 ) ;
#8894 = CARTESIAN_POINT ( 'NONE',  ( -1548.041541306736235, 334.9999999999999432, 193.6010951158154114 ) ) ;
#8895 = CARTESIAN_POINT ( 'NONE',  ( -1190.000000000000227, 30.00000000000000711, -609.9999999999997726 ) ) ;
#8896 = CIRCLE ( 'NONE', #1491, 74.99999999999995737 ) ;
#8897 = EDGE_LOOP ( 'NONE', ( #1644, #8892, #9306, #7371 ) ) ;
#8898 = DIRECTION ( 'NONE',  ( 0.8155670090706017561, -0.5786626424054285289, 0.000000000000000000 ) ) ;
#8899 = CARTESIAN_POINT ( 'NONE',  ( -498.7919159187954392, 918.3018272106012319, 166.9018547255479916 ) ) ;
#8900 = PLANE ( 'NONE',  #4515 ) ;
#8901 = CARTESIAN_POINT ( 'NONE',  ( -18.62745085907698694, 107.0611112763666597, -696.6743441714321534 ) ) ;
#8902 = CARTESIAN_POINT ( 'NONE',  ( -17.80768966618239091, 604.9551906404611827, 541.5300277788429639 ) ) ;
#8903 = ORIENTED_EDGE ( 'NONE', *, *, #946, .F. ) ;
#8904 = ORIENTED_EDGE ( 'NONE', *, *, #6334, .F. ) ;
#8905 =( BOUNDED_CURVE ( )  B_SPLINE_CURVE ( 3, ( #4566, #7712, #3732, #643 ),
 .UNSPECIFIED., .F., .F. ) 
 B_SPLINE_CURVE_WITH_KNOTS ( ( 4, 4 ),
 ( 6.225483712799916525, 9.367076366389706976 ),
 .UNSPECIFIED. ) 
 CURVE ( )  GEOMETRIC_REPRESENTATION_ITEM ( )  RATIONAL_B_SPLINE_CURVE ( ( 1.000000000000000000, 0.3333333333333342585, 0.3333333333333342585, 1.000000000000000000 ) ) 
 REPRESENTATION_ITEM ( '' )  );
#8906 = PRESENTATION_LAYER_ASSIGNMENT (  '', '', ( #7929 ) ) ;
#8907 = CARTESIAN_POINT ( 'NONE',  ( 3.038872858745769746E-14, 408.5786437626903762, 703.0000000000001137 ) ) ;
#8908 = CARTESIAN_POINT ( 'NONE',  ( -1138.313250891953658, 640.1758009990621758, -550.4038536844872169 ) ) ;
#8909 = DIRECTION ( 'NONE',  ( 0.000000000000000000, 1.000000000000000000, 0.000000000000000000 ) ) ;
#8910 = CARTESIAN_POINT ( 'NONE',  ( 23.74999999999967315, 30.00000000000000711, 656.2500000000000000 ) ) ;
#8911 = CARTESIAN_POINT ( 'NONE',  ( -1127.052891197512963, 658.4046039662711109, 551.5215556321697932 ) ) ;
#8912 = ORIENTED_EDGE ( 'NONE', *, *, #2381, .F. ) ;
#8913 = ADVANCED_FACE ( 'NONE', ( #3340 ), #3243, .F. ) ;
#8914 = CARTESIAN_POINT ( 'NONE',  ( -1129.699296408345390, 188.4501759378048291, 635.4043784284660887 ) ) ;
#8915 = ORIENTED_EDGE ( 'NONE', *, *, #6515, .T. ) ;
#8916 = CARTESIAN_POINT ( 'NONE',  ( -1129.506827256776205, 211.7047633835761644, 635.6708777374570900 ) ) ;
#8917 = CARTESIAN_POINT ( 'NONE',  ( -1173.750000000000000, 30.00000000000000711, 620.2500000000000000 ) ) ;
#8918 = CARTESIAN_POINT ( 'NONE',  ( -1146.199361341441090, 913.3804479663326674, -158.1643382765912236 ) ) ;
#8919 = ORIENTED_EDGE ( 'NONE', *, *, #5036, .F. ) ;
#8920 = PRESENTATION_STYLE_ASSIGNMENT (( #4982 ) ) ;
#8921 = ORIENTED_EDGE ( 'NONE', *, *, #8821, .F. ) ;
#8922 = DIRECTION ( 'NONE',  ( 1.000000000000000000, 0.000000000000000000, 4.999362528151271919E-51 ) ) ;
#8923 = CARTESIAN_POINT ( 'NONE',  ( -19.16994749218548577, 94.48707576549053044, 696.0498023957392206 ) ) ;
#8924 = CYLINDRICAL_SURFACE ( 'NONE', #8096, 4.999999999999809930 ) ;
#8925 = CARTESIAN_POINT ( 'NONE',  ( -1126.995121644709116, 215.8146726716259138, 659.8063230462111051 ) ) ;
#8926 = CARTESIAN_POINT ( 'NONE',  ( -1479.774980188727795, 344.9999999999999432, 173.1926445299034469 ) ) ;
#8927 = CARTESIAN_POINT ( 'NONE',  ( -22.29904067941820500, 570.6759035418212989, -542.1733099882634406 ) ) ;
#8928 = ADVANCED_FACE ( 'NONE', ( #4753 ), #1028, .F. ) ;
#8929 = EDGE_CURVE ( 'NONE', #9673, #3444, #1843, .T. ) ;
#8930 = EDGE_CURVE ( 'NONE', #7742, #1299, #8934, .T. ) ;
#8931 = VERTEX_POINT ( 'NONE', #5529 ) ;
#8932 = CARTESIAN_POINT ( 'NONE',  ( -1129.934572142838078, 924.9807466166101904, -137.5109624824252990 ) ) ;
#8933 = CARTESIAN_POINT ( 'NONE',  ( -1127.213145792211435, 927.0570746712818391, -166.6241212195994592 ) ) ;
#8934 = CIRCLE ( 'NONE', #40, 4.999999999999809930 ) ;
#8935 = CARTESIAN_POINT ( 'NONE',  ( -24.07197920790295953, 580.2692564496072691, 536.0214856200876739 ) ) ;
#8936 = PRODUCT ( 'Rollbar_RollCage_tasar\X2\0131\X0\m\X2\0131\X0\_Varsay\X2\0131\X0\lan<As Welded>', 'Rollbar_RollCage_tasar\X2\0131\X0\m\X2\0131\X0\_Varsay\X2\0131\X0\lan<As Welded>', '', ( #1047 ) ) ;
#8937 = DIRECTION ( 'NONE',  ( 0.000000000000000000, -1.000000000000000000, 0.000000000000000000 ) ) ;
#8938 = VECTOR ( 'NONE', #8034, 1000.000000000000000 ) ;
#8939 = AXIS2_PLACEMENT_3D ( 'NONE', #6215, #10004, #2108 ) ;
#8940 = CARTESIAN_POINT ( 'NONE',  ( -14.30588753096789389, 586.7559422908683473, 572.2172818105601664 ) ) ;
#8941 = CARTESIAN_POINT ( 'NONE',  ( -1125.328294015039546, 180.1025510686759219, -654.0493538992543563 ) ) ;
#8942 = EDGE_CURVE ( 'NONE', #6474, #9567, #2359, .T. ) ;
#8943 = CARTESIAN_POINT ( 'NONE',  ( -21.49212701240507783, 563.0780047080243094, -548.8274609329967006 ) ) ;
#8944 = ORIENTED_EDGE ( 'NONE', *, *, #9449, .T. ) ;
#8945 = ORIENTED_EDGE ( 'NONE', *, *, #9338, .F. ) ;
#8946 = FILL_AREA_STYLE ('',( #2092 ) ) ;
#8947 = VECTOR ( 'NONE', #3757, 1000.000000000000000 ) ;
#8948 = CARTESIAN_POINT ( 'NONE',  ( -500.0430627306077440, 911.3117373309971754, -169.7121972520980080 ) ) ;
#8949 = CARTESIAN_POINT ( 'NONE',  ( -2.942733134631078957E-13, 408.5786437626904899, 680.0000000000000000 ) ) ;
#8950 = ORIENTED_EDGE ( 'NONE', *, *, #2632, .T. ) ;
#8951 = ORIENTED_EDGE ( 'NONE', *, *, #1795, .F. ) ;
#8952 = FACE_BOUND ( 'NONE', #4365, .T. ) ;
#8953 = EDGE_CURVE ( 'NONE', #5419, #7523, #4020, .T. ) ;
#8954 = CARTESIAN_POINT ( 'NONE',  ( -495.2856610806682625, 898.3542390192156972, 161.8301540598477857 ) ) ;
#8955 = CARTESIAN_POINT ( 'NONE',  ( -17.81899135445100057, 100.7371158759444683, -697.5353393488030633 ) ) ;
#8956 = B_SPLINE_CURVE_WITH_KNOTS ( 'NONE', 3,
 ( #2452, #6451, #8746, #4180, #2406, #5543, #3989, #7139, #6361, #5588, #1673, #8022, #4815, #4036, #9569, #7189, #121, #2495, #957, #4080, #7233, #2547, #8845, #1770, #8072, #9002, #5059, #7441, #9775, #5840, #4345, #5887, #8329, #6604, #3571, #1921 ),
 .UNSPECIFIED., .F., .F.,
 ( 4, 2, 2, 2, 2, 2, 2, 2, 2, 2, 2, 2, 2, 2, 2, 2, 2, 4 ),
 ( 0.004767000300252430094, 0.005915971748076281379, 0.007064943195900131798, 0.009362886091548141415, 0.01166082898719615277, 0.01280980043502015844, 0.01395877188284416412, 0.01855465767414046438, 0.02085260056978848961, 0.02315054346543651484, 0.02544848636108454007, 0.02774642925673256183, 0.03234231504802861923, 0.03349128649585249307, 0.03464025794367635996, 0.03693820083932388559, 0.03923614373497141122, 0.04153408663061894379 ),
 .UNSPECIFIED. ) ;
#8957 = FACE_BOUND ( 'NONE', #5843, .T. ) ;
#8958 = ORIENTED_EDGE ( 'NONE', *, *, #2436, .F. ) ;
#8959 = ORIENTED_EDGE ( 'NONE', *, *, #5574, .T. ) ;
#8960 = AXIS2_PLACEMENT_3D ( 'NONE', #2603, #9725, #3578 ) ;
#8961 = DIRECTION ( 'NONE',  ( 1.000000000000000000, 0.000000000000000000, -2.220446049250312292E-15 ) ) ;
#8962 = CARTESIAN_POINT ( 'NONE',  ( -1172.507919581568103, 655.2101286970852243, -552.8213474201902500 ) ) ;
#8963 = DIRECTION ( 'NONE',  ( -0.000000000000000000, -0.000000000000000000, -1.000000000000000000 ) ) ;
#8964 = CARTESIAN_POINT ( 'NONE',  ( -500.0430627306078009, 899.9751890758126365, -169.2451849583852663 ) ) ;
#8965 = VECTOR ( 'NONE', #9909, 1000.000000000000114 ) ;
#8966 = DIRECTION ( 'NONE',  ( -1.000000000000000000, 1.144917494144692189E-16, 1.387778780781445059E-17 ) ) ;
#8967 = CARTESIAN_POINT ( 'NONE',  ( -1129.933233523092667, 648.7343006673032733, 552.7980780548766688 ) ) ;
#8968 = ORIENTED_EDGE ( 'NONE', *, *, #952, .F. ) ;
#8969 = CARTESIAN_POINT ( 'NONE',  ( -1125.007474887449689, 215.8946617163933581, 650.6113006613398966 ) ) ;
#8970 = VERTEX_POINT ( 'NONE', #8776 ) ;
#8972 = CIRCLE ( 'NONE', #7150, 6.000000000000227374 ) ;
#8971 = CARTESIAN_POINT ( 'NONE',  ( -1130.743854408407742, 209.8029172899195771, 634.0494820589208302 ) ) ;
#8973 = CIRCLE ( 'NONE', #8483, 23.00000000000000355 ) ;
#8974 = DIRECTION ( 'NONE',  ( -4.614472616192960960E-16, 0.7071067811865479058, -0.7071067811865470176 ) ) ;
#8975 = CARTESIAN_POINT ( 'NONE',  ( -21.65066946233821454, 115.4416643901268884, 667.4905255421870152 ) ) ;
#8976 = AXIS2_PLACEMENT_3D ( 'NONE', #9871, #9100, #5163 ) ;
#8977 = ORIENTED_EDGE ( 'NONE', *, *, #4426, .F. ) ;
#8978 = CARTESIAN_POINT ( 'NONE',  ( -1145.578238739130484, 913.2004477126250777, 161.1924841486872424 ) ) ;
#8979 = EDGE_LOOP ( 'NONE', ( #9410, #7311, #5080, #6906 ) ) ;
#8980 = DIRECTION ( 'NONE',  ( -1.000000000000000000, 1.110223024625143327E-15, -1.110223024625143327E-15 ) ) ;
#8981 = DIRECTION ( 'NONE',  ( 0.000000000000000000, 0.000000000000000000, -1.000000000000000000 ) ) ;
#8982 = DIRECTION ( 'NONE',  ( 0.000000000000000000, 1.000000000000000000, 0.000000000000000000 ) ) ;
#8983 = CARTESIAN_POINT ( 'NONE',  ( -1135.504998726199574, 197.8199439211296351, 670.3689756185825672 ) ) ;
#8984 = CARTESIAN_POINT ( 'NONE',  ( -24.79533439952189866, 122.0845520161795150, -676.5324511650852628 ) ) ;
#8985 = CARTESIAN_POINT ( 'NONE',  ( -1133.596361421884694, 958.0942906226970308, -147.1346253274372486 ) ) ;
#8986 = VERTEX_POINT ( 'NONE', #1705 ) ;
#8987 = CARTESIAN_POINT ( 'NONE',  ( -1133.190020580651435, 920.7189966980183726, -145.6085676679137748 ) ) ;
#8988 = CARTESIAN_POINT ( 'NONE',  ( -1128.504767982422436, 950.3328112383303505, -165.6568748836920975 ) ) ;
#8989 = LINE ( 'NONE', #4279, #2006 ) ;
#8990 = DIRECTION ( 'NONE',  ( 0.000000000000000000, 0.000000000000000000, 1.000000000000000000 ) ) ;
#8991 = EDGE_CURVE ( 'NONE', #7523, #9174, #1247, .T. ) ;
#8992 = COLOUR_RGB ( '',0.6470588235294117974, 0.6196078431372549211, 0.5882352941176470784 ) ;
#8993 = EDGE_CURVE ( 'NONE', #7949, #7306, #9606, .T. ) ;
#8994 = ADVANCED_FACE ( 'NONE', ( #3387 ), #5973, .F. ) ;
#8995 = CARTESIAN_POINT ( 'NONE',  ( -12.95562444434861149, 601.8778979592563019, 554.5847777132294141 ) ) ;
#8996 = CARTESIAN_POINT ( 'NONE',  ( -14.83324012593377716, 98.03240370131868531, 659.8757557284615132 ) ) ;
#8997 = CARTESIAN_POINT ( 'NONE',  ( -23.49457184139924948, 599.0835004504001517, -532.9186326513944323 ) ) ;
#8998 = EDGE_CURVE ( 'NONE', #2806, #5622, #3320, .T. ) ;
#8999 = ORIENTED_EDGE ( 'NONE', *, *, #7331, .F. ) ;
#9000 = ORIENTED_EDGE ( 'NONE', *, *, #4650, .T. ) ;
#9001 = CARTESIAN_POINT ( 'NONE',  ( -23.75000000000011724, 30.00000000000000711, 697.7500000000003411 ) ) ;
#9002 = CARTESIAN_POINT ( 'NONE',  ( -18.15539718739767139, 579.4174780418535420, -574.8933996664424058 ) ) ;
#9003 = DIRECTION ( 'NONE',  ( -9.733805423170623998E-15, -0.7840326558349542951, 0.6207195780579085609 ) ) ;
#9004 = EDGE_CURVE ( 'NONE', #7070, #6116, #1193, .T. ) ;
#9005 = DIRECTION ( 'NONE',  ( -1.000000000000000000, 0.000000000000000000, 0.000000000000000000 ) ) ;
#9006 = ORIENTED_EDGE ( 'NONE', *, *, #8889, .T. ) ;
#9007 = ORIENTED_EDGE ( 'NONE', *, *, #3487, .F. ) ;
#9008 = PLANE ( 'NONE',  #225 ) ;
#9009 = DIRECTION ( 'NONE',  ( 1.084036547835517478E-17, -1.000000000000000000, -0.000000000000000000 ) ) ;
#9010 = CARTESIAN_POINT ( 'NONE',  ( -490.6844998719603836, 894.3746289506500489, 154.7844523336584359 ) ) ;
#9011 = CARTESIAN_POINT ( 'NONE',  ( -24.94012328878709894, 84.25748236293532045, -681.8343509657636332 ) ) ;
#9012 = CIRCLE ( 'NONE', #2093, 27.00000000000002487 ) ;
#9013 = DIRECTION ( 'NONE',  ( 0.000000000000000000, 1.000000000000000000, 0.000000000000000000 ) ) ;
#9014 = ORIENTED_EDGE ( 'NONE', *, *, #1251, .F. ) ;
#9015 = ORIENTED_EDGE ( 'NONE', *, *, #9967, .F. ) ;
#9016 = CARTESIAN_POINT ( 'NONE',  ( -4.553031471546817989E-14, 600.0000000000002274, -488.5786437626905467 ) ) ;
#9017 = EDGE_CURVE ( 'NONE', #4058, #3431, #8117, .T. ) ;
#9018 = CARTESIAN_POINT ( 'NONE',  ( -1146.926850424523991, 637.1534638892231897, -549.2944496363867302 ) ) ;
#9019 = DIRECTION ( 'NONE',  ( -1.805240690447420604E-15, 0.000000000000000000, 1.000000000000000000 ) ) ;
#9020 = FACE_BOUND ( 'NONE', #10184, .T. ) ;
#9021 = CARTESIAN_POINT ( 'NONE',  ( -2.620985795343638997E-14, 553.0330085889911516, -541.6116523516818688 ) ) ;
#9022 = CARTESIAN_POINT ( 'NONE',  ( -1127.006116796499555, 659.3791694550211560, 550.8891349464902305 ) ) ;
#9023 = ORIENTED_EDGE ( 'NONE', *, *, #6297, .F. ) ;
#9024 = CARTESIAN_POINT ( 'NONE',  ( -1130.139994663768448, 207.1897011076225397, 634.7943683433032902 ) ) ;
#9025 = VERTEX_POINT ( 'NONE', #7318 ) ;
#9026 = CARTESIAN_POINT ( 'NONE',  ( -1133.410641555891971, 192.7150490239769169, 631.2946069210656788 ) ) ;
#9027 = CARTESIAN_POINT ( 'NONE',  ( -1145.883433889837079, 913.4781109074352798, -157.6613400412606154 ) ) ;
#9028 = EDGE_CURVE ( 'NONE', #6603, #1836, #248, .T. ) ;
#9029 = CYLINDRICAL_SURFACE ( 'NONE', #7748, 18.00000000000003908 ) ;
#9030 = ORIENTED_EDGE ( 'NONE', *, *, #152, .F. ) ;
#9031 = CARTESIAN_POINT ( 'NONE',  ( -1125.000000000000000, 660.0000000000000000, -562.9128703017762518 ) ) ;
#9032 = ORIENTED_EDGE ( 'NONE', *, *, #7607, .T. ) ;
#9033 = LINE ( 'NONE', #6694, #1753 ) ;
#9034 =( NAMED_UNIT ( * ) PLANE_ANGLE_UNIT ( ) SI_UNIT ( $, .RADIAN. ) );
#9035 = CARTESIAN_POINT ( 'NONE',  ( -357.7080113700176867, 824.5123409701822084, -302.7158385259953661 ) ) ;
#9036 = CARTESIAN_POINT ( 'NONE',  ( -1132.201598076559776, 208.8576208255201152, 667.5623686912148287 ) ) ;
#9037 = CARTESIAN_POINT ( 'NONE',  ( -24.39923647666751094, 121.6193242687277234, -674.5419216288806865 ) ) ;
#9038 = DIRECTION ( 'NONE',  ( 0.000000000000000000, 1.000000000000000000, 0.000000000000000000 ) ) ;
#9039 = ORIENTED_EDGE ( 'NONE', *, *, #8133, .T. ) ;
#9040 = AXIS2_PLACEMENT_3D ( 'NONE', #3790, #6934, #10105 ) ;
#9041 = ORIENTED_EDGE ( 'NONE', *, *, #8225, .T. ) ;
#9042 = CARTESIAN_POINT ( 'NONE',  ( -1125.719019091130122, 931.1873444665797024, -168.7019279683700006 ) ) ;
#9043 = CARTESIAN_POINT ( 'NONE',  ( -24.25885217106525005, 595.8300290997744924, 534.0049431618101607 ) ) ;
#9044 = CARTESIAN_POINT ( 'NONE',  ( -1174.336936174068796, 933.2136873097296075, -149.5619168004223525 ) ) ;
#9045 = CARTESIAN_POINT ( 'NONE',  ( -1169.768510635673465, 921.7990210598327394, 168.9559779469825571 ) ) ;
#9046 = DIRECTION ( 'NONE',  ( 0.000000000000000000, 1.000000000000000000, 0.000000000000000000 ) ) ;
#9047 = DIRECTION ( 'NONE',  ( 0.9959043170553905089, -0.08660037539612093493, -0.02598011261883533679 ) ) ;
#9048 = ORIENTED_EDGE ( 'NONE', *, *, #576, .F. ) ;
#9049 = VERTEX_POINT ( 'NONE', #4326 ) ;
#9050 = PLANE ( 'NONE',  #3903 ) ;
#9051 =( NAMED_UNIT ( * ) SI_UNIT ( $, .STERADIAN. ) SOLID_ANGLE_UNIT ( ) );
#9052 = AXIS2_PLACEMENT_3D ( 'NONE', #5181, #7862, #4659 ) ;
#9053 = CARTESIAN_POINT ( 'NONE',  ( -1174.833468158592268, 935.6780146782144811, -153.9621302834275127 ) ) ;
#9054 = FACE_OUTER_BOUND ( 'NONE', #9319, .T. ) ;
#9055 = ORIENTED_EDGE ( 'NONE', *, *, #6643, .F. ) ;
#9056 = ORIENTED_EDGE ( 'NONE', *, *, #4455, .F. ) ;
#9057 = CARTESIAN_POINT ( 'NONE',  ( -1166.974957156779737, 675.5335305780652106, -527.1927291630793206 ) ) ;
#9058 = CARTESIAN_POINT ( 'NONE',  ( -1125.009721370614443, 177.7514603268096209, -650.6971183727841890 ) ) ;
#9059 = CIRCLE ( 'NONE', #5915, 1726.999999999999545 ) ;
#9060 = CARTESIAN_POINT ( 'NONE',  ( -489.9949191999662617, 893.9616904859601618, 153.0726449571229750 ) ) ;
#9061 = CARTESIAN_POINT ( 'NONE',  ( -1153.692263658737829, 915.3336142468738217, 134.9357366224674877 ) ) ;
#9062 = AXIS2_PLACEMENT_3D ( 'NONE', #9352, #4635, #5510 ) ;
#9063 = FACE_OUTER_BOUND ( 'NONE', #7397, .T. ) ;
#9064 = VERTEX_POINT ( 'NONE', #2630 ) ;
#9065 = ADVANCED_FACE ( 'NONE', ( #9918 ), #6798, .T. ) ;
#9066 = STYLED_ITEM ( 'NONE', ( #7039 ), #4902 ) ;
#9067 = VERTEX_POINT ( 'NONE', #8926 ) ;
#9068 = CARTESIAN_POINT ( 'NONE',  ( -1149.999999999999545, 515.2069385598509825, 649.9999999999974989 ) ) ;
#9069 = AXIS2_PLACEMENT_3D ( 'NONE', #6104, #3573, #5176 ) ;
#9070 = CARTESIAN_POINT ( 'NONE',  ( -1170.064427536299490, 648.7298549466862596, -552.7974139031906589 ) ) ;
#9071 = DIRECTION ( 'NONE',  ( -1.000000000000000000, 1.144917494144692189E-16, 1.387778780781445059E-17 ) ) ;
#9072 = CARTESIAN_POINT ( 'NONE',  ( -1526.308102424745812, 345.0000000000000568, -174.0095457017267790 ) ) ;
#9073 = DIRECTION ( 'NONE',  ( 0.000000000000000000, 0.000000000000000000, 1.000000000000000000 ) ) ;
#9074 = CARTESIAN_POINT ( 'NONE',  ( 3.345034558532609510E-14, 461.6116523516815846, -633.0330085889912652 ) ) ;
#9075 = ORIENTED_EDGE ( 'NONE', *, *, #6344, .T. ) ;
#9076 = CARTESIAN_POINT ( 'NONE',  ( -1125.354200669484726, 215.2708352106311338, 645.7644420117777599 ) ) ;
#9077 = VERTEX_POINT ( 'NONE', #3554 ) ;
#9078 = CARTESIAN_POINT ( 'NONE',  ( -1126.530607604539000, 215.7943503667848688, 641.3641205918191872 ) ) ;
#9079 = DIRECTION ( 'NONE',  ( -1.000000000000000000, 0.000000000000000000, 0.000000000000000000 ) ) ;
#9080 = CARTESIAN_POINT ( 'NONE',  ( -1548.041541306736235, 334.9999999999999432, 188.6010951158155819 ) ) ;
#9081 = CARTESIAN_POINT ( 'NONE',  ( -1110.000000000000000, 30.00000000000000711, 689.9999999999997726 ) ) ;
#9082 = ORIENTED_EDGE ( 'NONE', *, *, #7864, .T. ) ;
#9083 = CARTESIAN_POINT ( 'NONE',  ( -1458.041541306736235, 334.9999999999999432, -188.6010951158150704 ) ) ;
#9084 = ORIENTED_EDGE ( 'NONE', *, *, #3148, .T. ) ;
#9085 = CARTESIAN_POINT ( 'NONE',  ( -500.0430627306077440, 911.3117373309971754, 169.9789329422565345 ) ) ;
#9086 = CARTESIAN_POINT ( 'NONE',  ( -1131.468040961269253, 193.1704428435594991, -633.2158329457785158 ) ) ;
#9087 = CARTESIAN_POINT ( 'NONE',  ( -21.39186157570647495, 116.6612877629194003, 692.9773447977754586 ) ) ;
#9088 = CARTESIAN_POINT ( 'NONE',  ( -1132.275541043318754, 188.0802045088726118, 667.6542041978934776 ) ) ;
#9089 = CYLINDRICAL_SURFACE ( 'NONE', #7280, 22.99999999999993960 ) ;
#9090 = FILL_AREA_STYLE ('',( #5925 ) ) ;
#9091 = EDGE_CURVE ( 'NONE', #8276, #9067, #6588, .T. ) ;
#9092 = ORIENTED_EDGE ( 'NONE', *, *, #4446, .F. ) ;
#9093 = AXIS2_PLACEMENT_3D ( 'NONE', #7564, #3639, #6013 ) ;
#9094 = ORIENTED_EDGE ( 'NONE', *, *, #2132, .T. ) ;
#9095 = VECTOR ( 'NONE', #7073, 1000.000000000000000 ) ;
#9096 = CARTESIAN_POINT ( 'NONE',  ( -1126.494407138153292, 928.7514420258079326, -167.6189873617697117 ) ) ;
#9097 = CARTESIAN_POINT ( 'NONE',  ( 24.99999999999971934, 5.593572640239289804E-14, 680.0000000000000000 ) ) ;
#9098 = CARTESIAN_POINT ( 'NONE',  ( -1173.736987625796928, 931.5674991954713278, -143.5826560105356862 ) ) ;
#9099 = CARTESIAN_POINT ( 'NONE',  ( -1125.979620027964984, 947.1629560460960420, -134.3850204034628177 ) ) ;
#9100 = DIRECTION ( 'NONE',  ( 0.000000000000000000, 1.000000000000000000, 0.000000000000000000 ) ) ;
#9101 = CARTESIAN_POINT ( 'NONE',  ( -22.22162859808074842, 85.10359745351112792, 668.5299077917618433 ) ) ;
#9102 = PLANE ( 'NONE',  #5981 ) ;
#9103 = VERTEX_POINT ( 'NONE', #5873 ) ;
#9104 = AXIS2_PLACEMENT_3D ( 'NONE', #1279, #1326, #599 ) ;
#9105 = ORIENTED_EDGE ( 'NONE', *, *, #9509, .F. ) ;
#9106 = FACE_OUTER_BOUND ( 'NONE', #4035, .T. ) ;
#9107 = CARTESIAN_POINT ( 'NONE',  ( -2.645478731326567725E-14, 554.4472221513641443, 543.0258659140550890 ) ) ;
#9108 = AXIS2_PLACEMENT_3D ( 'NONE', #9145, #2070, #6423 ) ;
#9109 = B_SPLINE_CURVE_WITH_KNOTS ( 'NONE', 3,
 ( #9561, #4720, #6256, #20, #6353 ),
 .UNSPECIFIED., .F., .F.,
 ( 4, 1, 4 ),
 ( 0.06573942206281321865, 0.06604087791042319300, 0.06634233375803316735 ),
 .UNSPECIFIED. ) ;
#9110 = CARTESIAN_POINT ( 'NONE',  ( -19.63748354360971504, 602.9687773238149475, -540.8601716428856889 ) ) ;
#9111 = TOROIDAL_SURFACE ( 'NONE', #8289, 1749.999999999999545, 23.00000000000000711 ) ;
#9112 = CARTESIAN_POINT ( 'NONE',  ( 0.000000000000000000, 40.00000000000000000, 0.000000000000000000 ) ) ;
#9113 = ORIENTED_EDGE ( 'NONE', *, *, #6358, .F. ) ;
#9114 = VECTOR ( 'NONE', #348, 999.9999999999998863 ) ;
#9115 = ORIENTED_EDGE ( 'NONE', *, *, #8235, .T. ) ;
#9116 = CARTESIAN_POINT ( 'NONE',  ( -1127.000000000000000, 660.0000000000001137, -550.4159941854395584 ) ) ;
#9117 = CARTESIAN_POINT ( 'NONE',  ( -1125.077313601015703, 177.9396401265059922, -647.9163258753238779 ) ) ;
#9118 = CARTESIAN_POINT ( 'NONE',  ( -375.1390230150727234, 858.9505599588761697, -448.7780475532337050 ) ) ;
#9119 = CARTESIAN_POINT ( 'NONE',  ( -1155.263657199099953, 915.6796438858982583, 134.1806899912500910 ) ) ;
#9120 = AXIS2_PLACEMENT_3D ( 'NONE', #9448, #2470, #4100 ) ;
#9121 = AXIS2_PLACEMENT_3D ( 'NONE', #2707, #7196, #6557 ) ;
#9122 = ORIENTED_EDGE ( 'NONE', *, *, #505, .T. ) ;
#9123 = ORIENTED_EDGE ( 'NONE', *, *, #10214, .F. ) ;
#9124 = ADVANCED_FACE ( 'NONE', ( #9863 ), #5150, .F. ) ;
#9125 = DIRECTION ( 'NONE',  ( 9.733805423170623998E-15, 0.7840326558349542951, -0.6207195780579085609 ) ) ;
#9126 = TOROIDAL_SURFACE ( 'NONE', #4668, 50.00000000000005684, 23.00000000000000711 ) ;
#9127 = CARTESIAN_POINT ( 'NONE',  ( -1548.041541306736235, 334.9999999999999432, -188.6010951158150704 ) ) ;
#9128 = FACE_BOUND ( 'NONE', #2526, .T. ) ;
#9129 = DIRECTION ( 'NONE',  ( 0.000000000000000000, -0.6207195780579074507, -0.7840326558349552943 ) ) ;
#9130 = CARTESIAN_POINT ( 'NONE',  ( -16.95426501852097445, 94.58401957257443371, -698.3762577161854779 ) ) ;
#9131 = CARTESIAN_POINT ( 'NONE',  ( -1138.294618508335361, 640.1438202417806451, 550.3962507331251572 ) ) ;
#9133 = ADVANCED_FACE ( 'NONE', ( #1853 ), #9089, .F. ) ;
#9132 = VERTEX_POINT ( 'NONE', #1956 ) ;
#9134 = CARTESIAN_POINT ( 'NONE',  ( -1125.007364814630591, 217.9021993414726239, -650.6067837267333971 ) ) ;
#9135 = EDGE_CURVE ( 'NONE', #4930, #1196, #858, .T. ) ;
#9136 = EDGE_LOOP ( 'NONE', ( #7877, #8789, #586, #8455 ) ) ;
#9137 = EDGE_CURVE ( 'NONE', #7975, #894, #8628, .T. ) ;
#9138 = FACE_OUTER_BOUND ( 'NONE', #10025, .T. ) ;
#9139 = DIRECTION ( 'NONE',  ( 0.000000000000000000, 0.000000000000000000, -1.000000000000000000 ) ) ;
#9140 = CARTESIAN_POINT ( 'NONE',  ( -1144.528672743577999, 913.9797809776126769, 155.0611348906689955 ) ) ;
#9141 = DIRECTION ( 'NONE',  ( -0.000000000000000000, -0.000000000000000000, -1.000000000000000000 ) ) ;
#9142 = EDGE_CURVE ( 'NONE', #145, #4406, #9457, .T. ) ;
#9143 = FACE_OUTER_BOUND ( 'NONE', #1949, .T. ) ;
#9144 = ORIENTED_EDGE ( 'NONE', *, *, #1797, .T. ) ;
#9145 = CARTESIAN_POINT ( 'NONE',  ( -4.553031471546817989E-14, 600.0000000000002274, -488.5786437626905467 ) ) ;
#9146 = CARTESIAN_POINT ( 'NONE',  ( -22.52013474208876787, 87.97951656923706309, 690.8664162784706377 ) ) ;
#9147 = CARTESIAN_POINT ( 'NONE',  ( -15.66241333901708899, 99.16328836088295873, 699.4857313004025627 ) ) ;
#9148 = CARTESIAN_POINT ( 'NONE',  ( -1125.007364814630137, 217.9021993414725671, 650.6067837267336245 ) ) ;
#9149 = CARTESIAN_POINT ( 'NONE',  ( -24.95107463735783426, 122.2451306304054270, -677.8974980906210703 ) ) ;
#9150 =( LENGTH_UNIT ( ) NAMED_UNIT ( * ) SI_UNIT ( .MILLI., .METRE. ) );
#9151 = ORIENTED_EDGE ( 'NONE', *, *, #2005, .F. ) ;
#9152 = CARTESIAN_POINT ( 'NONE',  ( -1479.774980188727795, 345.0000000000000568, 133.1690431296433985 ) ) ;
#9153 = CIRCLE ( 'NONE', #1561, 4.999999999999838352 ) ;
#9154 = AXIS2_PLACEMENT_3D ( 'NONE', #8579, #7694, #8364 ) ;
#9155 = ORIENTED_EDGE ( 'NONE', *, *, #5325, .F. ) ;
#9156 = VECTOR ( 'NONE', #9942, 1000.000000000000000 ) ;
#9157 = CARTESIAN_POINT ( 'NONE',  ( -1125.353801350817776, 941.3857034795408936, -169.5656734569988942 ) ) ;
#9158 = CARTESIAN_POINT ( 'NONE',  ( -22.94471021566119617, 599.3175879226249663, 535.7079730720796533 ) ) ;
#9159 = CARTESIAN_POINT ( 'NONE',  ( -1150.000000000000909, 938.9285782095132618, -149.8625354325472472 ) ) ;
#9160 = EDGE_CURVE ( 'NONE', #3151, #6315, #4145, .T. ) ;
#9161 = ADVANCED_FACE ( 'NONE', ( #9405, #2330, #9251, #6904, #2990 ), #6129, .F. ) ;
#9162 = CARTESIAN_POINT ( 'NONE',  ( -1173.727109706186411, 929.8150449976923255, 162.9274167202977708 ) ) ;
#9163 = CARTESIAN_POINT ( 'NONE',  ( -25.00000000000030198, 120.2284581782640061, 680.0000000000000000 ) ) ;
#9164 = CYLINDRICAL_SURFACE ( 'NONE', #2382, 4.999999999999838352 ) ;
#9165 = ORIENTED_EDGE ( 'NONE', *, *, #8494, .T. ) ;
#9166 = ORIENTED_EDGE ( 'NONE', *, *, #3686, .T. ) ;
#9167 = CARTESIAN_POINT ( 'NONE',  ( -490.6808062889205644, 894.3723067605803863, 145.2192599179043668 ) ) ;
#9168 = DIRECTION ( 'NONE',  ( 1.000000000000000000, 0.000000000000000000, 0.000000000000000000 ) ) ;
#9169 =( GEOMETRIC_REPRESENTATION_CONTEXT ( 3 ) GLOBAL_UNCERTAINTY_ASSIGNED_CONTEXT ( ( #988 ) ) GLOBAL_UNIT_ASSIGNED_CONTEXT ( ( #9150, #4593, #671 ) ) REPRESENTATION_CONTEXT ( 'NONE', 'WORKASPACE' ) );
#9170 = CARTESIAN_POINT ( 'NONE',  ( -480.0430627306076872, 911.3117373309971754, 302.7158385259952524 ) ) ;
#9171 = CARTESIAN_POINT ( 'NONE',  ( -1129.261801790624304, 953.6900373831945217, 140.8738448031715222 ) ) ;
#9172 = FACE_OUTER_BOUND ( 'NONE', #3306, .T. ) ;
#9173 = VERTEX_POINT ( 'NONE', #7947 ) ;
#9174 = VERTEX_POINT ( 'NONE', #9497 ) ;
#9175 = CARTESIAN_POINT ( 'NONE',  ( -1127.209993340423807, 663.1919074642007672, -547.2755808262634218 ) ) ;
#9176 = CARTESIAN_POINT ( 'NONE',  ( -1132.945118295352358, 191.4657142120077822, -631.7180739105358498 ) ) ;
#9177 = DIRECTION ( 'NONE',  ( -0.000000000000000000, -1.000000000000000000, 8.619627893433011024E-16 ) ) ;
#9178 = VERTEX_POINT ( 'NONE', #2517 ) ;
#9179 = VERTEX_POINT ( 'NONE', #6280 ) ;
#9180 = DIRECTION ( 'NONE',  ( 0.000000000000000000, 0.6207195780579096711, 0.7840326558349535180 ) ) ;
#9181 = CYLINDRICAL_SURFACE ( 'NONE', #871, 20.00000000000007816 ) ;
#9182 = CARTESIAN_POINT ( 'NONE',  ( 0.000000000000000000, 40.00000000000000000, 0.000000000000000000 ) ) ;
#9183 = DIRECTION ( 'NONE',  ( 0.000000000000000000, 1.000000000000000000, 0.000000000000000000 ) ) ;
#9184 = CARTESIAN_POINT ( 'NONE',  ( -15.85881420037353529, 104.6699472095048975, -699.3266601803642288 ) ) ;
#9185 = DIRECTION ( 'NONE',  ( 0.9991514412379745025, -0.04118683579675176676, 0.0002050100731056651480 ) ) ;
#9186 = VERTEX_POINT ( 'NONE', #4879 ) ;
#9187 = CARTESIAN_POINT ( 'NONE',  ( -1125.041453428581690, 217.9051635687727639, -652.0108495494030194 ) ) ;
#9188 = ORIENTED_EDGE ( 'NONE', *, *, #7896, .F. ) ;
#9189 = AXIS2_PLACEMENT_3D ( 'NONE', #6350, #9512, #8782 ) ;
#9190 = DIRECTION ( 'NONE',  ( 0.000000000000000000, 1.000000000000000000, 0.000000000000000000 ) ) ;
#9191 = ADVANCED_FACE ( 'NONE', ( #778 ), #9943, .F. ) ;
#9192 = CARTESIAN_POINT ( 'NONE',  ( -1131.381138579151866, 206.2501896984389020, 666.6872789877559171 ) ) ;
#9193 = CARTESIAN_POINT ( 'NONE',  ( -1443.041541306736235, 334.9999999999999432, 143.6010951158156104 ) ) ;
#9194 = FACE_OUTER_BOUND ( 'NONE', #7899, .T. ) ;
#9195 = CARTESIAN_POINT ( 'NONE',  ( -1173.750000000000000, 30.00000000000000711, -632.2500000000002274 ) ) ;
#9196 = ADVANCED_FACE ( 'NONE', ( #7849 ), #3913, .F. ) ;
#9197 = ORIENTED_EDGE ( 'NONE', *, *, #6210, .F. ) ;
#9198 = DIRECTION ( 'NONE',  ( -1.000000000000000000, -5.551115123125780730E-16, 0.000000000000000000 ) ) ;
#9199 = CIRCLE ( 'NONE', #3081, 25.00000000000002132 ) ;
#9200 = CARTESIAN_POINT ( 'NONE',  ( -1149.999999999999545, 912.6723582046643060, -162.6455621457648135 ) ) ;
#9201 = LINE ( 'NONE', #621, #8947 ) ;
#9202 = CARTESIAN_POINT ( 'NONE',  ( -23.02424592666697478, 84.16303999667954372, -670.2390567122967013 ) ) ;
#9203 = CARTESIAN_POINT ( 'NONE',  ( -1126.015888971369122, 947.4346279903573986, -132.2476803135182593 ) ) ;
#9204 = ORIENTED_EDGE ( 'NONE', *, *, #2886, .F. ) ;
#9205 = CARTESIAN_POINT ( 'NONE',  ( -488.5979846075218234, 929.3900631844317104, -146.4967423961836062 ) ) ;
#9206 = ORIENTED_EDGE ( 'NONE', *, *, #3703, .F. ) ;
#9207 = EDGE_CURVE ( 'NONE', #2246, #5474, #6298, .T. ) ;
#9208 = CARTESIAN_POINT ( 'NONE',  ( -1151.335137862569582, 682.9629031888299551, 512.8902120922226686 ) ) ;
#9209 = CARTESIAN_POINT ( 'NONE',  ( -13.85961355914440141, 602.6149120019068732, 552.3312450094983888 ) ) ;
#9210 = CARTESIAN_POINT ( 'NONE',  ( -1163.715061705240259, 919.3466313444059779, -132.7541452673168862 ) ) ;
#9211 = AXIS2_PLACEMENT_3D ( 'NONE', #6551, #3260, #4133 ) ;
#9212 = CARTESIAN_POINT ( 'NONE',  ( -499.8108910913005616, 908.2135023155267390, -167.3098892038359793 ) ) ;
#9213 = CARTESIAN_POINT ( 'NONE',  ( -24.42135262840182719, 82.62172973893839867, 674.6093170004602371 ) ) ;
#9214 = FACE_OUTER_BOUND ( 'NONE', #5441, .T. ) ;
#9215 = ORIENTED_EDGE ( 'NONE', *, *, #4962, .F. ) ;
#9216 = EDGE_LOOP ( 'NONE', ( #4071, #2112, #2427, #3125 ) ) ;
#9217 = AXIS2_PLACEMENT_3D ( 'NONE', #8595, #2148, #4562 ) ;
#9218 = CARTESIAN_POINT ( 'NONE',  ( -1133.331905752007060, 920.2262024621272758, 149.8661075778517215 ) ) ;
#9219 = DIRECTION ( 'NONE',  ( 0.000000000000000000, 0.000000000000000000, 1.000000000000000000 ) ) ;
#9220 = CARTESIAN_POINT ( 'NONE',  ( -15.20958129398226077, 603.3444617267463173, -549.2661197864141513 ) ) ;
#9221 = DIRECTION ( 'NONE',  ( 0.000000000000000000, 1.000000000000000000, 0.000000000000000000 ) ) ;
#9222 = DIRECTION ( 'NONE',  ( 0.000000000000000000, 0.000000000000000000, 1.000000000000000000 ) ) ;
#9223 = DIRECTION ( 'NONE',  ( 0.000000000000000000, 0.000000000000000000, 1.000000000000000000 ) ) ;
#9224 = CARTESIAN_POINT ( 'NONE',  ( -480.8667994638531695, 891.3287080863029814, -149.7250708650966828 ) ) ;
#9225 = EDGE_CURVE ( 'NONE', #6899, #4805, #1855, .T. ) ;
#9226 = CARTESIAN_POINT ( 'NONE',  ( -1149.552500444577390, 683.0025376233563748, -512.8123295089949352 ) ) ;
#9227 = DIRECTION ( 'NONE',  ( -1.000000000000000000, 0.000000000000000000, 0.000000000000000000 ) ) ;
#9228 = CARTESIAN_POINT ( 'NONE',  ( -25.00000000000029843, 408.5786437626903762, -680.0000000000000000 ) ) ;
#9229 = ORIENTED_EDGE ( 'NONE', *, *, #7762, .F. ) ;
#9230 = DIRECTION ( 'NONE',  ( 0.000000000000000000, 1.000000000000000000, 0.000000000000000000 ) ) ;
#9231 = DIRECTION ( 'NONE',  ( 0.000000000000000000, 0.000000000000000000, -1.000000000000000000 ) ) ;
#9232 = CARTESIAN_POINT ( 'NONE',  ( 23.74999999999967315, 40.00000000000000000, 662.2500000000001137 ) ) ;
#9233 = LINE ( 'NONE', #4526, #941 ) ;
#9234 = CARTESIAN_POINT ( 'NONE',  ( -24.84602011933042576, 82.37491518095444576, -682.8524465824564231 ) ) ;
#9235 = ORIENTED_EDGE ( 'NONE', *, *, #6515, .F. ) ;
#9236 = CARTESIAN_POINT ( 'NONE',  ( -1126.482795029650788, 182.3772653285623164, 641.4564034065095939 ) ) ;
#9237 = ORIENTED_EDGE ( 'NONE', *, *, #3758, .F. ) ;
#9238 = VECTOR ( 'NONE', #9294, 999.9999999999998863 ) ;
#9239 = CARTESIAN_POINT ( 'NONE',  ( -1174.051306432414094, 931.4531795282229041, 156.8907170707622072 ) ) ;
#9240 = CARTESIAN_POINT ( 'NONE',  ( -1126.043461545899390, 214.7432791788936868, 657.1533236190713296 ) ) ;
#9241 = DIRECTION ( 'NONE',  ( 0.000000000000000000, 0.000000000000000000, -1.000000000000000000 ) ) ;
#9242 = CARTESIAN_POINT ( 'NONE',  ( -1173.750000000000000, 30.00000000000000711, 620.2500000000000000 ) ) ;
#9243 = AXIS2_PLACEMENT_3D ( 'NONE', #5807, #1230, #7519 ) ;
#9244 = CARTESIAN_POINT ( 'NONE',  ( -13.35942250475730297, 584.9014532254284404, 574.9945399439544644 ) ) ;
#9245 = ORIENTED_EDGE ( 'NONE', *, *, #7475, .F. ) ;
#9246 = FACE_OUTER_BOUND ( 'NONE', #9887, .T. ) ;
#9247 = CARTESIAN_POINT ( 'NONE',  ( -1131.127550362381953, 192.0608104644623779, -633.5928200463615667 ) ) ;
#9248 = AXIS2_PLACEMENT_3D ( 'NONE', #9822, #5881, #4450 ) ;
#9249 = CYLINDRICAL_SURFACE ( 'NONE', #4284, 25.00000000000000711 ) ;
#9250 = CARTESIAN_POINT ( 'NONE',  ( -1145.762848140249616, 914.8542966403454102, -142.0492881952829691 ) ) ;
#9251 = FACE_BOUND ( 'NONE', #2378, .T. ) ;
#9252 = CARTESIAN_POINT ( 'NONE',  ( -1174.444403505401169, 934.2123099803189916, 143.0276995258363115 ) ) ;
#9253 = ORIENTED_EDGE ( 'NONE', *, *, #3935, .T. ) ;
#9254 = ORIENTED_EDGE ( 'NONE', *, *, #8240, .F. ) ;
#9255 = CARTESIAN_POINT ( 'NONE',  ( -1162.619102816559689, 679.2438998041451441, 520.1356279329677363 ) ) ;
#9256 = CARTESIAN_POINT ( 'NONE',  ( -357.7080113700176867, 824.5123409701822084, -302.7158385259953661 ) ) ;
#9257 = ADVANCED_FACE ( 'NONE', ( #188 ), #5485, .F. ) ;
#9258 =( BOUNDED_CURVE ( )  B_SPLINE_CURVE ( 3, ( #3020, #2097, #8386, #9224 ),
 .UNSPECIFIED., .F., .F. ) 
 B_SPLINE_CURVE_WITH_KNOTS ( ( 4, 4 ),
 ( 3.182791143736313000, 4.712388980384689674 ),
 .UNSPECIFIED. ) 
 CURVE ( )  GEOMETRIC_REPRESENTATION_ITEM ( )  RATIONAL_B_SPLINE_CURVE ( ( 1.000000000000000000, 0.8143477329011805654, 0.8143477329011805654, 1.000000000000000000 ) ) 
 REPRESENTATION_ITEM ( '' )  );
#9259 = CIRCLE ( 'NONE', #8750, 25.00000000000002132 ) ;
#9260 = CARTESIAN_POINT ( 'NONE',  ( -1166.834668114890292, 921.7104594711031496, -133.5681870846266577 ) ) ;
#9261 = CARTESIAN_POINT ( 'NONE',  ( -1166.852999623444475, 918.4592244959604841, 170.3917237770674262 ) ) ;
#9262 = EDGE_CURVE ( 'NONE', #4791, #9698, #3830, .T. ) ;
#9263 = EDGE_CURVE ( 'NONE', #861, #3331, #7400, .T. ) ;
#9264 = CARTESIAN_POINT ( 'NONE',  ( -24.97756803601650333, 84.10403766825587013, 678.7771915577528716 ) ) ;
#9265 = CIRCLE ( 'NONE', #3458, 1724.999999999999545 ) ;
#9266 = DIRECTION ( 'NONE',  ( -1.000000000000000000, 0.000000000000000000, 0.000000000000000000 ) ) ;
#9267 = ORIENTED_EDGE ( 'NONE', *, *, #8168, .T. ) ;
#9268 = EDGE_LOOP ( 'NONE', ( #10166, #9952, #1268, #1760, #3795, #3249 ) ) ;
#9269 = CARTESIAN_POINT ( 'NONE',  ( -23.75000000000028066, 30.00000000000000711, -662.2500000000000000 ) ) ;
#9270 = SURFACE_SIDE_STYLE ('',( #3111 ) ) ;
#9271 = DIRECTION ( 'NONE',  ( 1.065464638161417581E-15, 0.7071067811865467956, 0.7071067811865482389 ) ) ;
#9272 = CARTESIAN_POINT ( 'NONE',  ( -1131.570173235577386, 956.0613659217873419, 147.7465250339594149 ) ) ;
#9273 = DIRECTION ( 'NONE',  ( 0.000000000000000000, 0.7071067811865474617, -0.7071067811865474617 ) ) ;
#9274 = CARTESIAN_POINT ( 'NONE',  ( -1110.000000000000000, 30.00000000000000711, 0.000000000000000000 ) ) ;
#9275 = CARTESIAN_POINT ( 'NONE',  ( -1128.314265030474189, 667.6882811141089178, -540.9510448285952862 ) ) ;
#9276 = CARTESIAN_POINT ( 'NONE',  ( -1125.144157317437703, 178.0534317747611794, -647.2350992338477909 ) ) ;
#9277 = LINE ( 'NONE', #9949, #5667 ) ;
#9278 = AXIS2_PLACEMENT_3D ( 'NONE', #7072, #6383, #8774 ) ;
#9279 = ORIENTED_EDGE ( 'NONE', *, *, #5666, .T. ) ;
#9280 = VECTOR ( 'NONE', #3229, 1000.000000000000000 ) ;
#9281 = CARTESIAN_POINT ( 'NONE',  ( -1131.633329862782148, 921.3321187072467637, -156.2807629037345407 ) ) ;
#9282 = CARTESIAN_POINT ( 'NONE',  ( -1126.250000000000227, 30.00000000000000711, -632.2499999999997726 ) ) ;
#9283 = VECTOR ( 'NONE', #10084, 1000.000000000000114 ) ;
#9284 = CARTESIAN_POINT ( 'NONE',  ( -385.5549505783706081, 844.2703537956053879, -448.7780475532336482 ) ) ;
#9285 = CARTESIAN_POINT ( 'NONE',  ( -1174.549758508614104, 934.6705112276188174, -143.8874935044610766 ) ) ;
#9286 = CARTESIAN_POINT ( 'NONE',  ( -24.98993534152446117, 82.14352709812389719, -680.7906272265463485 ) ) ;
#9287 = ORIENTED_EDGE ( 'NONE', *, *, #6715, .T. ) ;
#9288 = CARTESIAN_POINT ( 'NONE',  ( -1134.724329009279927, 203.6048345615892572, -669.7924516734187819 ) ) ;
#9289 = CIRCLE ( 'NONE', #360, 6.000000000000005329 ) ;
#9290 = DIRECTION ( 'NONE',  ( 1.000000000000000000, 0.000000000000000000, 0.000000000000000000 ) ) ;
#9291 = CIRCLE ( 'NONE', #6963, 25.00000000000002132 ) ;
#9292 = CARTESIAN_POINT ( 'NONE',  ( -1125.065961176377186, 179.7951806854674430, 651.9153924844622452 ) ) ;
#9293 = CARTESIAN_POINT ( 'NONE',  ( -1146.189137243751020, 913.3834873928451543, 158.1485407948703141 ) ) ;
#9294 = DIRECTION ( 'NONE',  ( -1.659227894316332837E-15, -0.7840326558350209085, -0.6207195780578245170 ) ) ;
#9295 = CARTESIAN_POINT ( 'NONE',  ( -14.86489141105830036, 583.1821040118385326, 575.2591820275667942 ) ) ;
#9296 = VERTEX_POINT ( 'NONE', #9590 ) ;
#9297 = EDGE_CURVE ( 'NONE', #5608, #5316, #1598, .T. ) ;
#9298 = CYLINDRICAL_SURFACE ( 'NONE', #1197, 6.000000000000116351 ) ;
#9299 = CARTESIAN_POINT ( 'NONE',  ( -465.3628565673369053, 900.8958097676993475, 302.7158385259953661 ) ) ;
#9300 = LINE ( 'NONE', #2227, #3801 ) ;
#9301 = DIRECTION ( 'NONE',  ( 0.000000000000000000, 0.000000000000000000, -1.000000000000000000 ) ) ;
#9302 = CARTESIAN_POINT ( 'NONE',  ( -24.41839859329590467, 82.62590821739509295, -674.6280880830954629 ) ) ;
#9303 = CARTESIAN_POINT ( 'NONE',  ( -1170.366814908956940, 925.6764709653842829, 133.7028249200060088 ) ) ;
#9304 = VERTEX_POINT ( 'NONE', #1742 ) ;
#9305 = CARTESIAN_POINT ( 'NONE',  ( -22.78602352355325777, 562.6580348586526270, 552.7895662063993996 ) ) ;
#9306 = ORIENTED_EDGE ( 'NONE', *, *, #9709, .T. ) ;
#9307 = ORIENTED_EDGE ( 'NONE', *, *, #2307, .F. ) ;
#9308 = CARTESIAN_POINT ( 'NONE',  ( -1128.965129293223981, 669.3829552026437568, 538.2175457915109291 ) ) ;
#9309 = CARTESIAN_POINT ( 'NONE',  ( -1149.999999999999773, 914.8752314534034440, 137.4142310823326056 ) ) ;
#9310 = DIRECTION ( 'NONE',  ( 0.000000000000000000, 1.000000000000000000, 0.000000000000000000 ) ) ;
#9311 = CARTESIAN_POINT ( 'NONE',  ( -1125.462067353900693, 935.4301465769667630, -131.9891052380060898 ) ) ;
#9312 = AXIS2_PLACEMENT_3D ( 'NONE', #1487, #4634, #716 ) ;
#9313 = AXIS2_PLACEMENT_3D ( 'NONE', #3462, #5794, #374 ) ;
#9314 = CARTESIAN_POINT ( 'NONE',  ( -8.069590265315650157, 597.6623095041564966, 564.4469928313565106 ) ) ;
#9315 = CARTESIAN_POINT ( 'NONE',  ( -22.23325178884001119, 118.8259686674776958, 668.5538681251915705 ) ) ;
#9316 = CIRCLE ( 'NONE', #6161, 4.999999999999838352 ) ;
#9317 = ADVANCED_FACE ( 'NONE', ( #7252 ), #3233, .F. ) ;
#9318 = CARTESIAN_POINT ( 'NONE',  ( -492.0749035841939758, 927.2938653456897100, 159.2114810233296964 ) ) ;
#9319 = EDGE_LOOP ( 'NONE', ( #7891, #436, #7627, #1493 ) ) ;
#9320 = ORIENTED_EDGE ( 'NONE', *, *, #832, .F. ) ;
#9321 = AXIS2_PLACEMENT_3D ( 'NONE', #2693, #8166, #7327 ) ;
#9322 = CARTESIAN_POINT ( 'NONE',  ( -1128.910973598463670, 924.3877921323208966, 161.6028448681358896 ) ) ;
#9323 = EDGE_CURVE ( 'NONE', #6701, #6132, #151, .T. ) ;
#9324 = EDGE_CURVE ( 'NONE', #7796, #10131, #9891, .T. ) ;
#9325 = EDGE_CURVE ( 'NONE', #6529, #4262, #6426, .T. ) ;
#9326 = CARTESIAN_POINT ( 'NONE',  ( -16.08267042684817838, 603.6146111604836051, -547.4271870411389500 ) ) ;
#9327 = CARTESIAN_POINT ( 'NONE',  ( -1127.063274387602632, 950.0529776155857462, 136.4550933334155616 ) ) ;
#9328 = DIRECTION ( 'NONE',  ( 0.000000000000000000, 0.000000000000000000, -1.000000000000000000 ) ) ;
#9329 = PLANE ( 'NONE',  #2865 ) ;
#9330 = DIRECTION ( 'NONE',  ( -0.000000000000000000, -0.000000000000000000, -1.000000000000000000 ) ) ;
#9331 = EDGE_CURVE ( 'NONE', #4011, #1516, #4445, .T. ) ;
#9332 = CARTESIAN_POINT ( 'NONE',  ( -1131.349287984785178, 208.7901173613053345, -633.3455991807539931 ) ) ;
#9333 = B_SPLINE_CURVE_WITH_KNOTS ( 'NONE', 3,
 ( #1043, #1911, #2791, #3560, #4170, #5932, #6543, #5051, #2638, #8163, #1964, #9927, #8320, #7492, #3396, #7541, #1201, #1147, #1095, #5777, #8215, #7431, #4390, #8935, #4221, #358, #1254, #1863, #7374, #4332, #308, #463, #3609, #5878, #2845, #5988, #3505, #416, #6757, #9043, #2740, #6705, #9869, #9816, #3447, #9158, #6596, #2690, #6652, #5830, #1412, #3102, #8586, #1301, #679, #7593, #4601, #6088, #2902, #4553, #6041, #5423, #2290, #4443, #6867, #519, #7752, #9209 ),
 .UNSPECIFIED., .F., .F.,
 ( 4, 2, 2, 2, 2, 2, 2, 2, 2, 2, 2, 2, 2, 2, 2, 2, 2, 2, 2, 2, 2, 2, 2, 2, 2, 2, 2, 2, 2, 2, 2, 2, 2, 4 ),
 ( 0.08462973447059148058, 0.08872582854355275106, 0.08974985206179311725, 0.09077387558003348345, 0.09282192261651402154, 0.09384594613475413794, 0.09486996965299426821, 0.09691801668947470916, 0.09896606372595515011, 0.1010141107624355911, 0.1051102048353962787, 0.1092062989083569524, 0.1112543459448373656, 0.1133023929813177788, 0.1173984870542784942, 0.1194465340907586715, 0.1214945811272388349, 0.1225186046454787570, 0.1235426281637186652, 0.1255906752001981763, 0.1266146987184380013, 0.1276387222366777707, 0.1296867692731573651, 0.1307107927913972456, 0.1317348163096371538, 0.1337828633461166927, 0.1348068868643563512, 0.1358309103825960096, 0.1378789574190750766, 0.1399270044555541159, 0.1419750514920331830, 0.1460711455649912893, 0.1481191926014703564, 0.1501672396379494234 ),
 .UNSPECIFIED. ) ;
#9334 = CARTESIAN_POINT ( 'NONE',  ( -1167.437837430290301, 922.2582800806161458, 133.8489454130858860 ) ) ;
#9335 = AXIS2_PLACEMENT_3D ( 'NONE', #3743, #8608, #5350 ) ;
#9336 = ORIENTED_EDGE ( 'NONE', *, *, #3816, .T. ) ;
#9337 = CARTESIAN_POINT ( 'NONE',  ( -1128.815450449301352, 951.1608574834864385, -162.2217389980189353 ) ) ;
#9338 = EDGE_CURVE ( 'NONE', #1378, #638, #5594, .T. ) ;
#9339 = DIRECTION ( 'NONE',  ( -0.7941567930305997169, 0.5634716255418394937, -0.2276284588811126608 ) ) ;
#9340 = CIRCLE ( 'NONE', #6496, 76.99999999999995737 ) ;
#9341 = DIRECTION ( 'NONE',  ( 0.000000000000000000, 0.7071067811865475727, -0.7071067811865475727 ) ) ;
#9342 = CARTESIAN_POINT ( 'NONE',  ( -1174.700756769501368, 935.4105229737830314, -145.6543865377882128 ) ) ;
#9343 = CARTESIAN_POINT ( 'NONE',  ( -19.25659093063309513, 90.19636773425588672, -695.9499762523402069 ) ) ;
#9344 = FACE_OUTER_BOUND ( 'NONE', #5909, .T. ) ;
#9345 = VERTEX_POINT ( 'NONE', #4835 ) ;
#9346 = DIRECTION ( 'NONE',  ( 0.000000000000000000, 0.000000000000000000, -1.000000000000000000 ) ) ;
#9347 =( GEOMETRIC_REPRESENTATION_CONTEXT ( 3 ) GLOBAL_UNCERTAINTY_ASSIGNED_CONTEXT ( ( #9550 ) ) GLOBAL_UNIT_ASSIGNED_CONTEXT ( ( #2216, #7882, #816 ) ) REPRESENTATION_CONTEXT ( 'NONE', 'WORKASPACE' ) );
#9348 = B_SPLINE_CURVE_WITH_KNOTS ( 'NONE', 3,
 ( #2529, #1704, #6485, #1754, #9548, #5569, #1607, #9, #9506, #4114, #985, #3339, #4752, #7905, #3242, #8635 ),
 .UNSPECIFIED., .F., .F.,
 ( 4, 2, 2, 2, 2, 2, 2, 4 ),
 ( 0.09729171133993003151, 0.09959023562642382865, 0.1007394977696707550, 0.1018887599129176813, 0.1064858084859046095, 0.1110828570588915376, 0.1133813813453847796, 0.1156799056318780078 ),
 .UNSPECIFIED. ) ;
#9349 = CARTESIAN_POINT ( 'NONE',  ( -1126.250000000000227, 30.00000000000000711, -620.2499999999995453 ) ) ;
#9350 = CARTESIAN_POINT ( 'NONE',  ( -1131.433723716111672, 190.5671586831386719, 666.7446668482085670 ) ) ;
#9351 = DIRECTION ( 'NONE',  ( 1.000000000000000000, 0.000000000000000000, -0.000000000000000000 ) ) ;
#9352 = CARTESIAN_POINT ( 'NONE',  ( -1458.041541306736235, 334.9999999999999432, -158.6010951158150704 ) ) ;
#9353 = CARTESIAN_POINT ( 'NONE',  ( -1150.000000000000227, 515.2069385598401823, -650.0000000000015916 ) ) ;
#9354 = ORIENTED_EDGE ( 'NONE', *, *, #5160, .F. ) ;
#9355 = FACE_OUTER_BOUND ( 'NONE', #2120, .T. ) ;
#9356 = CARTESIAN_POINT ( 'NONE',  ( -1126.528879286753408, 213.5049336807135489, -641.3270531312109597 ) ) ;
#9357 = CYLINDRICAL_SURFACE ( 'NONE', #9921, 18.00000000000003908 ) ;
#9358 = CARTESIAN_POINT ( 'NONE',  ( -11.63363533938195182, 587.0193792148244256, -574.2762319841967837 ) ) ;
#9359 = CARTESIAN_POINT ( 'NONE',  ( -14.58963280782745642, 103.2055183714549997, -659.6986566704639472 ) ) ;
#9360 = CARTESIAN_POINT ( 'NONE',  ( -1155.492394573944921, 915.9153430875352342, 131.9008554464271583 ) ) ;
#9361 = AXIS2_PLACEMENT_3D ( 'NONE', #6483, #452, #5716 ) ;
#9362 = ORIENTED_EDGE ( 'NONE', *, *, #461, .T. ) ;
#9363 = CARTESIAN_POINT ( 'NONE',  ( -495.2897197002006351, 924.2660875706180832, -136.5883251036021875 ) ) ;
#9364 = ORIENTED_EDGE ( 'NONE', *, *, #432, .T. ) ;
#9365 = EDGE_CURVE ( 'NONE', #8818, #1340, #8068, .T. ) ;
#9366 = TOROIDAL_SURFACE ( 'NONE', #1274, 99.99999999999920419, 23.00000000000000711 ) ;
#9367 = ORIENTED_EDGE ( 'NONE', *, *, #3940, .T. ) ;
#9368 = DIRECTION ( 'NONE',  ( 0.000000000000000000, -1.000000000000000000, 0.000000000000000000 ) ) ;
#9369 = DIRECTION ( 'NONE',  ( 1.000000000000000000, 0.000000000000000000, 0.000000000000000000 ) ) ;
#9370 = DIRECTION ( 'NONE',  ( -0.5786626424054287510, -0.8155670090706016451, 0.000000000000000000 ) ) ;
#9371 = FACE_OUTER_BOUND ( 'NONE', #5714, .T. ) ;
#9372 = CARTESIAN_POINT ( 'NONE',  ( -9.069934229764903932, 600.3791947540595402, 560.1912295442699588 ) ) ;
#9373 = CARTESIAN_POINT ( 'NONE',  ( -21.60123297980516099, 88.45077447745907762, 667.4047233700816832 ) ) ;
#9374 = CARTESIAN_POINT ( 'NONE',  ( -489.4948262968727590, 893.6860695284025269, 150.3096102304214412 ) ) ;
#9375 = ORIENTED_EDGE ( 'NONE', *, *, #7598, .F. ) ;
#9376 = ORIENTED_EDGE ( 'NONE', *, *, #3487, .T. ) ;
#9377 = CARTESIAN_POINT ( 'NONE',  ( -1190.000000000000227, 40.00000000000000000, 0.000000000000000000 ) ) ;
#9378 = AXIS2_PLACEMENT_3D ( 'NONE', #3355, #7333, #4907 ) ;
#9379 = LINE ( 'NONE', #9426, #758 ) ;
#9380 = DIRECTION ( 'NONE',  ( 0.000000000000000000, -0.7071067811865496822, 0.7071067811865453523 ) ) ;
#9381 = CYLINDRICAL_SURFACE ( 'NONE', #1714, 25.00000000000002132 ) ;
#9382 = CARTESIAN_POINT ( 'NONE',  ( -1127.003758220903364, 215.1704170649452408, -640.1734481660217853 ) ) ;
#9383 = CARTESIAN_POINT ( 'NONE',  ( -1563.041541306736235, 334.9999999999999432, -203.6010951158150704 ) ) ;
#9384 = COLOUR_RGB ( '',0.6470588235294117974, 0.6196078431372549211, 0.5882352941176470784 ) ;
#9385 = ORIENTED_EDGE ( 'NONE', *, *, #2683, .T. ) ;
#9386 = CARTESIAN_POINT ( 'NONE',  ( -1125.573906829894668, 942.7310916724952676, -167.2144871673606872 ) ) ;
#9387 = FACE_OUTER_BOUND ( 'NONE', #3928, .T. ) ;
#9388 = DIRECTION ( 'NONE',  ( 0.7941567930306002721, -0.5634716255418391606, 0.2276284588811120502 ) ) ;
#9389 = CARTESIAN_POINT ( 'NONE',  ( -1126.378484417498839, 932.0227570428265835, 132.8302862871915124 ) ) ;
#9390 = DIRECTION ( 'NONE',  ( -0.5106616124301163184, -0.8590958568053637112, 0.03433695400194439890 ) ) ;
#9391 = CARTESIAN_POINT ( 'NONE',  ( -1150.000000000000227, 938.9285782095131481, -149.8625354325471051 ) ) ;
#9392 = ORIENTED_EDGE ( 'NONE', *, *, #6173, .T. ) ;
#9393 = CARTESIAN_POINT ( 'NONE',  ( -2.620985795343640259E-14, 553.0330085889911516, -541.6116523516818688 ) ) ;
#9394 = CARTESIAN_POINT ( 'NONE',  ( -1168.474483699360690, 920.3884905132197218, 167.5714887136628874 ) ) ;
#9395 = CARTESIAN_POINT ( 'NONE',  ( -1129.809263278105618, 187.0930548721497075, 664.7628610984908164 ) ) ;
#9396 = CARTESIAN_POINT ( 'NONE',  ( -1126.519701353003938, 928.6841620031135562, 167.5932517302753979 ) ) ;
#9397 = EDGE_CURVE ( 'NONE', #6315, #5399, #2718, .T. ) ;
#9398 = CARTESIAN_POINT ( 'NONE',  ( -1443.041541306736235, 334.9999999999999432, 203.6010951158156104 ) ) ;
#9399 = CARTESIAN_POINT ( 'NONE',  ( -23.81788532915136614, 570.9586674522045087, 569.7984432232153722 ) ) ;
#9400 = ORIENTED_EDGE ( 'NONE', *, *, #9940, .T. ) ;
#9401 = CARTESIAN_POINT ( 'NONE',  ( -1526.308102424746266, 345.0000000000000568, -214.0331471019867990 ) ) ;
#9402 = CARTESIAN_POINT ( 'NONE',  ( -1124.999887312343162, 215.8940019272536972, -650.3010888892977164 ) ) ;
#9403 = LINE ( 'NONE', #7944, #1510 ) ;
#9404 = CARTESIAN_POINT ( 'NONE',  ( 3.038872858745769746E-14, 479.2893218813450744, 650.7106781186550961 ) ) ;
#9405 = FACE_OUTER_BOUND ( 'NONE', #6234, .T. ) ;
#9406 = CARTESIAN_POINT ( 'NONE',  ( -1156.827287384707461, 916.2891261609355524, 131.4631396140150628 ) ) ;
#9407 = AXIS2_PLACEMENT_3D ( 'NONE', #9995, #2095, #692 ) ;
#9408 = ORIENTED_EDGE ( 'NONE', *, *, #1140, .F. ) ;
#9409 = CARTESIAN_POINT ( 'NONE',  ( -16.90212024168488369, 102.5360404175407751, -661.5793762162859366 ) ) ;
#9410 = ORIENTED_EDGE ( 'NONE', *, *, #6977, .F. ) ;
#9411 = ORIENTED_EDGE ( 'NONE', *, *, #6205, .T. ) ;
#9412 = TOROIDAL_SURFACE ( 'NONE', #3443, 100.0000000000031832, 25.00000000000000711 ) ;
#9413 = LINE ( 'NONE', #5670, #610 ) ;
#9414 = DIRECTION ( 'NONE',  ( 0.000000000000000000, 0.000000000000000000, 1.000000000000000000 ) ) ;
#9415 = DIRECTION ( 'NONE',  ( -1.000000000000000000, 0.000000000000000000, -4.625929269271490844E-16 ) ) ;
#9416 = CARTESIAN_POINT ( 'NONE',  ( -500.0430627306077440, 911.3117373309971754, -131.7480254829412729 ) ) ;
#9417 = VECTOR ( 'NONE', #1106, 1000.000000000000000 ) ;
#9418 = CARTESIAN_POINT ( 'NONE',  ( -8.934656389862489334, 591.3042440711559493, 571.5163140184732811 ) ) ;
#9419 = AXIS2_PLACEMENT_3D ( 'NONE', #9733, #2871, #6678 ) ;
#9420 = CARTESIAN_POINT ( 'NONE',  ( -1144.132418302766837, 915.3622914097102239, -140.0458213240182204 ) ) ;
#9421 = CARTESIAN_POINT ( 'NONE',  ( 1.031328689966021292E-14, 623.0000000000000000, 488.5786437626909446 ) ) ;
#9422 = ORIENTED_EDGE ( 'NONE', *, *, #7921, .T. ) ;
#9423 = ORIENTED_EDGE ( 'NONE', *, *, #6151, .T. ) ;
#9424 = CARTESIAN_POINT ( 'NONE',  ( -499.8108910913004479, 908.2135023155268527, 132.4151816612607604 ) ) ;
#9425 = FACE_OUTER_BOUND ( 'NONE', #3195, .T. ) ;
#9426 = CARTESIAN_POINT ( 'NONE',  ( -500.0430627306077440, 911.3117373309971754, 302.7158385259952524 ) ) ;
#9427 =( NAMED_UNIT ( * ) PLANE_ANGLE_UNIT ( ) SI_UNIT ( $, .RADIAN. ) );
#9428 = DIRECTION ( 'NONE',  ( 5.551115123125781716E-16, -1.000000000000000000, 0.000000000000000000 ) ) ;
#9429 = CIRCLE ( 'NONE', #1658, 25.00000000000004974 ) ;
#9430 = CARTESIAN_POINT ( 'NONE',  ( -1128.589018075921331, 184.9554481608175820, -662.9142306575055272 ) ) ;
#9431 = CARTESIAN_POINT ( 'NONE',  ( -1173.874416635302168, 931.9391416854747376, 144.3663092372297854 ) ) ;
#9432 = ORIENTED_EDGE ( 'NONE', *, *, #10027, .T. ) ;
#9433 = DIRECTION ( 'NONE',  ( 0.000000000000000000, 0.000000000000000000, -1.000000000000000000 ) ) ;
#9434 = CARTESIAN_POINT ( 'NONE',  ( -24.98704722676142254, 568.5545985133577460, -562.8628012452118128 ) ) ;
#9435 = CARTESIAN_POINT ( 'NONE',  ( -1149.999999999999545, 887.4646943663573211, -345.4000000001838657 ) ) ;
#9436 = ORIENTED_EDGE ( 'NONE', *, *, #5782, .T. ) ;
#9437 = DIRECTION ( 'NONE',  ( 4.614472616192960960E-16, -0.7071067811865479058, -0.7071067811865470176 ) ) ;
#9438 = FACE_OUTER_BOUND ( 'NONE', #9728, .T. ) ;
#9439 = CARTESIAN_POINT ( 'NONE',  ( -488.3831117412781850, 929.4905397392002442, -152.3479909069705798 ) ) ;
#9440 = CARTESIAN_POINT ( 'NONE',  ( 2.308085168284950998E-14, 600.0000000000000000, 488.5786437626908878 ) ) ;
#9441 = AXIS2_PLACEMENT_3D ( 'NONE', #10174, #4690, #825 ) ;
#9442 = DIRECTION ( 'NONE',  ( 0.000000000000000000, 1.000000000000000000, 0.000000000000000000 ) ) ;
#9443 = ADVANCED_FACE ( 'NONE', ( #5858 ), #8738, .F. ) ;
#9444 = CARTESIAN_POINT ( 'NONE',  ( -2.645478731326587289E-14, 554.4472221513642580, -543.0258659140548616 ) ) ;
#9445 = VERTEX_POINT ( 'NONE', #6680 ) ;
#9446 = DIRECTION ( 'NONE',  ( 4.753142324176451439E-16, 4.015884846886308424E-16, 1.000000000000000000 ) ) ;
#9447 = CARTESIAN_POINT ( 'NONE',  ( 3.320541622549668160E-14, 463.0258659140547479, 634.4472221513642580 ) ) ;
#9448 = CARTESIAN_POINT ( 'NONE',  ( -1149.999999999999545, 861.0102051443361688, -339.9999999999997158 ) ) ;
#9449 = EDGE_CURVE ( 'NONE', #1604, #5070, #3611, .T. ) ;
#9450 = CARTESIAN_POINT ( 'NONE',  ( -479.2193259973622048, 931.2947665756913693, -149.7250708650966828 ) ) ;
#9452 = EDGE_CURVE ( 'NONE', #5622, #2806, #990, .T. ) ;
#9451 = CIRCLE ( 'NONE', #6136, 25.00000000000002132 ) ;
#9453 = AXIS2_PLACEMENT_3D ( 'NONE', #10041, #7553, #7608 ) ;
#9454 = ORIENTED_EDGE ( 'NONE', *, *, #2606, .T. ) ;
#9455 = CARTESIAN_POINT ( 'NONE',  ( -18.60960862370954771, 93.77077878515027010, -663.3024061296307536 ) ) ;
#9456 = EDGE_LOOP ( 'NONE', ( #3850, #8120, #9896, #3859 ) ) ;
#9457 = CIRCLE ( 'NONE', #2844, 6.000000000000116351 ) ;
#9458 = ADVANCED_FACE ( 'NONE', ( #7302 ), #9734, .F. ) ;
#9459 = EDGE_LOOP ( 'NONE', ( #398, #1636, #9804, #7521 ) ) ;
#9460 = AXIS2_PLACEMENT_3D ( 'NONE', #1888, #4197, #6622 ) ;
#9461 = CARTESIAN_POINT ( 'NONE',  ( -1168.155704969010458, 674.1342577882675187, 529.7900103919974981 ) ) ;
#9462 = CARTESIAN_POINT ( 'NONE',  ( -490.3223534232370184, 928.4727328543303884, 143.3145178832257898 ) ) ;
#9463 = DIRECTION ( 'NONE',  ( 0.000000000000000000, -1.000000000000000000, 0.000000000000000000 ) ) ;
#9464 = CARTESIAN_POINT ( 'NONE',  ( -493.0584514986549038, 896.1009694750227936, -140.9203457207648000 ) ) ;
#9465 = CARTESIAN_POINT ( 'NONE',  ( -24.80581527769128414, 122.0860353855187270, 676.8708422134326383 ) ) ;
#9466 = DIRECTION ( 'NONE',  ( 0.000000000000000000, -0.6207195780577426936, 0.7840326558350856345 ) ) ;
#9467 = ORIENTED_EDGE ( 'NONE', *, *, #4596, .F. ) ;
#9468 = ORIENTED_EDGE ( 'NONE', *, *, #5929, .T. ) ;
#9469 = DIRECTION ( 'NONE',  ( 0.000000000000000000, 0.000000000000000000, 1.000000000000000000 ) ) ;
#9470 = EDGE_CURVE ( 'NONE', #3228, #351, #4918, .T. ) ;
#9471 = DIRECTION ( 'NONE',  ( 0.000000000000000000, -1.000000000000000000, 0.000000000000000000 ) ) ;
#9472 = AXIS2_PLACEMENT_3D ( 'NONE', #8512, #3799, #6740 ) ;
#9473 = DIRECTION ( 'NONE',  ( -1.659227894316332837E-15, -0.7840326558350209085, -0.6207195780578245170 ) ) ;
#9474 = CLOSED_SHELL ( 'NONE', ( #5230, #1380, #6929, #8558, #2314, #605, #1987, #5338, #4940, #3955, #4886, #8366, #2749, #2559 ) ) ;
#9475 = CYLINDRICAL_SURFACE ( 'NONE', #5668, 6.000000000000005329 ) ;
#9476 = CARTESIAN_POINT ( 'NONE',  ( -1126.546761465656118, 215.7726545520443722, -641.3369884483942087 ) ) ;
#9477 = EDGE_CURVE ( 'NONE', #9568, #1824, #6743, .T. ) ;
#9478 = DIRECTION ( 'NONE',  ( 0.000000000000000000, 0.000000000000000000, 1.000000000000000000 ) ) ;
#9479 = ORIENTED_EDGE ( 'NONE', *, *, #6025, .F. ) ;
#9480 = VERTEX_POINT ( 'NONE', #4974 ) ;
#9481 = CARTESIAN_POINT ( 'NONE',  ( -1129.412153643445890, 923.7098049181914803, -160.7289534286628907 ) ) ;
#9482 = DIRECTION ( 'NONE',  ( 0.000000000000000000, 1.000000000000000000, 0.000000000000000000 ) ) ;
#9483 = CARTESIAN_POINT ( 'NONE',  ( -1151.628746942990574, 915.2088427238957138, -133.6726675371351405 ) ) ;
#9484 = LINE ( 'NONE', #2500, #5269 ) ;
#9485 = EDGE_LOOP ( 'NONE', ( #6813, #1055, #292, #7209 ) ) ;
#9486 = DIRECTION ( 'NONE',  ( 0.000000000000000000, 0.000000000000000000, 1.000000000000000000 ) ) ;
#9487 = CARTESIAN_POINT ( 'NONE',  ( -1149.999999999999091, 907.5641734986752454, 398.8024491876248021 ) ) ;
#9488 = CARTESIAN_POINT ( 'NONE',  ( -488.0121001770309590, 929.6555221688516895, -149.7268581015163988 ) ) ;
#9489 = CARTESIAN_POINT ( 'NONE',  ( -1128.486739005797290, 950.3380055673725337, 165.6996608025476689 ) ) ;
#9490 = LINE ( 'NONE', #662, #6738 ) ;
#9491 = EDGE_LOOP ( 'NONE', ( #1444, #7445, #1809, #4009, #9229, #9048 ) ) ;
#9492 = DIRECTION ( 'NONE',  ( 1.000000000000000000, 0.000000000000000000, 0.000000000000000000 ) ) ;
#9493 = CARTESIAN_POINT ( 'NONE',  ( -1125.009595787835678, 179.7589966031966924, -650.6926018427853933 ) ) ;
#9494 = CARTESIAN_POINT ( 'NONE',  ( -11.54962337008924145, 603.4282050433043878, -553.6308067216655218 ) ) ;
#9495 = FACE_BOUND ( 'NONE', #5144, .T. ) ;
#9496 = AXIS2_PLACEMENT_3D ( 'NONE', #1435, #8454, #709 ) ;
#9497 = CARTESIAN_POINT ( 'NONE',  ( -1110.000000000000000, 40.00000000000000000, 609.9999999999997726 ) ) ;
#9498 = CARTESIAN_POINT ( 'NONE',  ( -1172.854884893476537, 657.3959652156015636, 552.0509702775291316 ) ) ;
#9499 = ORIENTED_EDGE ( 'NONE', *, *, #4820, .T. ) ;
#9500 = CARTESIAN_POINT ( 'NONE',  ( -19.07830879772426513, 92.76103828461366163, -663.8400090468431927 ) ) ;
#9501 = VERTEX_POINT ( 'NONE', #3372 ) ;
#9502 = EDGE_CURVE ( 'NONE', #3413, #7571, #484, .T. ) ;
#9503 = ORIENTED_EDGE ( 'NONE', *, *, #5294, .T. ) ;
#9504 = CARTESIAN_POINT ( 'NONE',  ( -1172.679519239805813, 663.8866548916241754, 546.4139292667611016 ) ) ;
#9505 = CARTESIAN_POINT ( 'NONE',  ( -24.99353241682915794, 122.2488226112289311, 679.4195233024049685 ) ) ;
#9506 = CARTESIAN_POINT ( 'NONE',  ( -1142.892473807294209, 914.1690565881442581, -157.5338291436384281 ) ) ;
#9507 = CARTESIAN_POINT ( 'NONE',  ( -489.6249238221109294, 893.7563071329326476, -148.1695356725179238 ) ) ;
#9508 = CARTESIAN_POINT ( 'NONE',  ( -357.7080113700174024, 824.5123409701826631, 302.7158385259953661 ) ) ;
#9509 = EDGE_CURVE ( 'NONE', #6057, #8796, #1806, .T. ) ;
#9510 = VERTEX_POINT ( 'NONE', #8862 ) ;
#9511 = VERTEX_POINT ( 'NONE', #6624 ) ;
#9512 = DIRECTION ( 'NONE',  ( -1.000000000000000000, 0.000000000000000000, 4.999362528151271919E-51 ) ) ;
#9513 = DIRECTION ( 'NONE',  ( 0.000000000000000000, -1.000000000000000000, 0.000000000000000000 ) ) ;
#9514 = CARTESIAN_POINT ( 'NONE',  ( -1156.712926593768088, 913.1563843332678516, -167.1670964839073292 ) ) ;
#9515 = SURFACE_STYLE_FILL_AREA ( #7823 ) ;
#9516 = CARTESIAN_POINT ( 'NONE',  ( -1150.000000000000227, 515.2069385598298368, -673.0000000000014779 ) ) ;
#9517 = CARTESIAN_POINT ( 'NONE',  ( -1126.995364668840239, 213.5200425962169106, -659.8026546770864798 ) ) ;
#9518 = CARTESIAN_POINT ( 'NONE',  ( -1174.043420906019492, 932.4120299322197525, 145.6178137487289916 ) ) ;
#9519 = EDGE_LOOP ( 'NONE', ( #6554, #5555, #259, #42 ) ) ;
#9520 = ORIENTED_EDGE ( 'NONE', *, *, #7367, .F. ) ;
#9521 = FACE_OUTER_BOUND ( 'NONE', #4978, .T. ) ;
#9522 = EDGE_CURVE ( 'NONE', #3929, #3402, #8409, .T. ) ;
#9523 = CARTESIAN_POINT ( 'NONE',  ( -16.89183688966452834, 583.2040707092784260, -572.8704106263685389 ) ) ;
#9524 = CARTESIAN_POINT ( 'NONE',  ( -1161.261007912004061, 918.0682783019930184, -130.6654898881772056 ) ) ;
#9525 = CARTESIAN_POINT ( 'NONE',  ( -25.00984483587860652, 122.2502410824506995, -680.0042904138173299 ) ) ;
#9526 = ORIENTED_EDGE ( 'NONE', *, *, #9263, .F. ) ;
#9527 = CARTESIAN_POINT ( 'NONE',  ( -1127.491651613722070, 180.8026639189943410, -660.8971957561678892 ) ) ;
#9528 = CIRCLE ( 'NONE', #9866, 4.999999999999809930 ) ;
#9529 = CARTESIAN_POINT ( 'NONE',  ( -1161.886254009857794, 915.1053154051733145, 168.6851936245245440 ) ) ;
#9530 = CARTESIAN_POINT ( 'NONE',  ( -500.0430627306077440, 911.3117373309971754, -167.7103096919969403 ) ) ;
#9531 = CARTESIAN_POINT ( 'NONE',  ( -1134.180086698693458, 958.1497230413292527, 152.2831149772767674 ) ) ;
#9532 = CARTESIAN_POINT ( 'NONE',  ( -21.61380372316323317, 572.0468798682143188, 538.1170084251438084 ) ) ;
#9533 = EDGE_LOOP ( 'NONE', ( #2841, #4577, #8977, #8919 ) ) ;
#9534 = LINE ( 'NONE', #1690, #3479 ) ;
#9535 = FACE_OUTER_BOUND ( 'NONE', #400, .T. ) ;
#9536 = DIRECTION ( 'NONE',  ( -0.000000000000000000, 1.000000000000000000, -0.000000000000000000 ) ) ;
#9537 = CARTESIAN_POINT ( 'NONE',  ( -1150.000000000000000, -804.6428199482242007, 0.000000000000000000 ) ) ;
#9538 = DIRECTION ( 'NONE',  ( -1.084036547835517478E-17, 1.000000000000000000, 6.123233995736766036E-17 ) ) ;
#9539 = CARTESIAN_POINT ( 'NONE',  ( -1166.974665079177385, 644.4621576470813125, 551.7878874842397181 ) ) ;
#9540 = ORIENTED_EDGE ( 'NONE', *, *, #5201, .F. ) ;
#9541 = CARTESIAN_POINT ( 'NONE',  ( -24.13805514655042828, 85.02729888651192880, -673.3902609054119921 ) ) ;
#9542 = VERTEX_POINT ( 'NONE', #7351 ) ;
#9543 = B_SPLINE_CURVE_WITH_KNOTS ( 'NONE', 3,
 ( #9964, #5402, #6021, #8405, #1334, #2979, #6067, #9239, #2171, #5298, #8459, #1390, #4534, #4779, #3997, #1631, #964, #1729, #7004, #7197, #3267, #9394, #2505, #7147, #6223, #6318, #8028, #1589, #5648, #4824, #4866, #9529, #84, #769, #819, #3223, #7935, #8611, #8801, #2318, #7054, #2366, #10168, #3128, #7984, #3082 ),
 .UNSPECIFIED., .F., .F.,
 ( 4, 2, 2, 2, 2, 2, 2, 2, 2, 2, 2, 2, 2, 2, 2, 2, 2, 2, 2, 2, 2, 2, 4 ),
 ( 0.02737673402364415587, 0.03023912356029389431, 0.03167031832861872537, 0.03310151309694355642, 0.03596390263359328099, 0.03882629217024299861, 0.04168868170689271624, 0.04455107124354244774, 0.04598226601186705675, 0.04741346078019167271, 0.05027585031684118910, 0.05170704508516624220, 0.05313823985349129531, 0.05456943462181636229, 0.05600062939014141539, 0.05886301892679152159, 0.06029421369511686613, 0.06172540846344221760, 0.06458779800009240013, 0.06601899276841782793, 0.06745018753674322798, 0.07031257707339461094, 0.07317496661004599390 ),
 .UNSPECIFIED. ) ;
#9544 = EDGE_LOOP ( 'NONE', ( #63, #6577, #8108, #8591 ) ) ;
#9545 = AXIS2_PLACEMENT_3D ( 'NONE', #4703, #9369, #1703 ) ;
#9546 = DIRECTION ( 'NONE',  ( 0.000000000000000000, -1.000000000000000000, 0.000000000000000000 ) ) ;
#9547 = CARTESIAN_POINT ( 'NONE',  ( -489.3798071982981241, 928.9993241588839510, 144.9764836074377570 ) ) ;
#9548 = CARTESIAN_POINT ( 'NONE',  ( -1141.116337223124901, 915.1617720441732899, -153.3883063836512122 ) ) ;
#9549 = DIRECTION ( 'NONE',  ( -1.000000000000000000, -5.551115123125780730E-16, 0.000000000000000000 ) ) ;
#9550 = UNCERTAINTY_MEASURE_WITH_UNIT (LENGTH_MEASURE( 1.000000000000000082E-05 ), #2216, 'distance_accuracy_value', 'NONE');
#9551 = DIRECTION ( 'NONE',  ( 1.000000000000000000, 0.000000000000000000, 0.000000000000000000 ) ) ;
#9552 = VECTOR ( 'NONE', #8298, 1000.000000000000000 ) ;
#9553 = CARTESIAN_POINT ( 'NONE',  ( -1130.177403668607212, 924.8412535884369845, 134.8421846192777878 ) ) ;
#9554 = VERTEX_POINT ( 'NONE', #9021 ) ;
#9555 = CIRCLE ( 'NONE', #7753, 4.999999999999809930 ) ;
#9556 = ADVANCED_FACE ( 'NONE', ( #4251 ), #655, .T. ) ;
#9557 = CARTESIAN_POINT ( 'NONE',  ( -1131.862066493884640, 956.1961863224056515, 149.8661049336600684 ) ) ;
#9558 = AXIS2_PLACEMENT_3D ( 'NONE', #4729, #3406, #8075 ) ;
#9559 = CARTESIAN_POINT ( 'NONE',  ( -1153.781539483622737, 912.6655347963680924, -165.5926468715485953 ) ) ;
#9560 = EDGE_CURVE ( 'NONE', #8433, #1196, #5028, .T. ) ;
#9561 = CARTESIAN_POINT ( 'NONE',  ( -25.00000000000029488, 82.10768284645340032, 680.0000000000000000 ) ) ;
#9562 = ADVANCED_FACE ( 'NONE', ( #1121 ), #5585, .F. ) ;
#9563 = CARTESIAN_POINT ( 'NONE',  ( -12.69707389546286436, 589.2683165715874338, 571.0720376531119200 ) ) ;
#9564 = CARTESIAN_POINT ( 'NONE',  ( -1150.000000000000227, 515.2069385598298368, -549.9999999999982947 ) ) ;
#9565 = CARTESIAN_POINT ( 'NONE',  ( -22.04246399990508820, 562.7395134011036362, -550.5630289126762591 ) ) ;
#9566 = EDGE_CURVE ( 'NONE', #9649, #4750, #9685, .T. ) ;
#9567 = VERTEX_POINT ( 'NONE', #280 ) ;
#9568 = VERTEX_POINT ( 'NONE', #3419 ) ;
#9569 = CARTESIAN_POINT ( 'NONE',  ( -24.80318021532979955, 568.1854285824827002, -566.7460008238051614 ) ) ;
#9570 = ADVANCED_FACE ( 'NONE', ( #7404, #335, #3474, #9794, #6999 ), #5188, .F. ) ;
#9571 = CARTESIAN_POINT ( 'NONE',  ( -24.95588444150043017, 568.8753882651349159, -563.3947555043548618 ) ) ;
#9572 =( BOUNDED_CURVE ( )  B_SPLINE_CURVE ( 3, ( #2897, #9152, #574, #3813 ),
 .UNSPECIFIED., .F., .F. ) 
 B_SPLINE_CURVE_WITH_KNOTS ( ( 4, 4 ),
 ( 3.083891059210121632, 6.225483712799915637 ),
 .UNSPECIFIED. ) 
 CURVE ( )  GEOMETRIC_REPRESENTATION_ITEM ( )  RATIONAL_B_SPLINE_CURVE ( ( 1.000000000000000000, 0.3333333333333330373, 0.3333333333333330373, 1.000000000000000000 ) ) 
 REPRESENTATION_ITEM ( '' )  );
#9573 = AXIS2_PLACEMENT_3D ( 'NONE', #1994, #9639, #5702 ) ;
#9574 = CARTESIAN_POINT ( 'NONE',  ( 39.99999999999971578, 30.00000000000000711, 0.000000000000000000 ) ) ;
#9575 = ORIENTED_EDGE ( 'NONE', *, *, #10077, .T. ) ;
#9576 = CARTESIAN_POINT ( 'NONE',  ( -11.75034240846381017, 591.1908927285337541, -569.7269848166239399 ) ) ;
#9577 = DIRECTION ( 'NONE',  ( 0.000000000000000000, 0.000000000000000000, -1.000000000000000000 ) ) ;
#9578 = CARTESIAN_POINT ( 'NONE',  ( -1131.861468958356909, 956.1961616909067061, -149.8589658088310159 ) ) ;
#9579 = CARTESIAN_POINT ( 'NONE',  ( -488.5895153899478487, 929.3958264945999872, -152.9667730668030288 ) ) ;
#9580 = CARTESIAN_POINT ( 'NONE',  ( -1133.398992839207722, 957.1050659680589661, 156.5980007079031111 ) ) ;
#9581 = CARTESIAN_POINT ( 'NONE',  ( -22.95917701988961923, 577.0565384718529458, 535.2727897689977681 ) ) ;
#9582 = AXIS2_PLACEMENT_3D ( 'NONE', #3820, #629, #3768 ) ;
#9583 = DIRECTION ( 'NONE',  ( 0.8596027534348187338, -0.5109629206579261451, 0.000000000000000000 ) ) ;
#9584 = ORIENTED_EDGE ( 'NONE', *, *, #9756, .T. ) ;
#9585 = LINE ( 'NONE', #90, #9280 ) ;
#9586 = LINE ( 'NONE', #876, #2648 ) ;
#9587 = CARTESIAN_POINT ( 'NONE',  ( -1173.750000000000000, 40.00000000000000000, -620.2500000000000000 ) ) ;
#9588 = CARTESIAN_POINT ( 'NONE',  ( -1143.454472593018409, 914.7126397959345923, 149.8384240383935833 ) ) ;
#9589 = UNCERTAINTY_MEASURE_WITH_UNIT (LENGTH_MEASURE( 1.000000000000000082E-05 ), #798, 'distance_accuracy_value', 'NONE');
#9590 = CARTESIAN_POINT ( 'NONE',  ( -23.00000000000029488, 40.00000000000000000, 680.0000000000000000 ) ) ;
#9591 = CARTESIAN_POINT ( 'NONE',  ( -1171.914797580311188, 653.0077754465353337, 553.1003968103026409 ) ) ;
#9592 = ORIENTED_EDGE ( 'NONE', *, *, #4757, .F. ) ;
#9593 = CARTESIAN_POINT ( 'NONE',  ( -24.82985688549424097, 120.0987920491722036, -676.8508975192553407 ) ) ;
#9594 = ORIENTED_EDGE ( 'NONE', *, *, #4482, .F. ) ;
#9595 = CARTESIAN_POINT ( 'NONE',  ( -1173.750000000000227, 40.00000000000000000, 673.7499999999997726 ) ) ;
#9596 = CIRCLE ( 'NONE', #4496, 6.000000000000227374 ) ;
#9597 = EDGE_CURVE ( 'NONE', #6392, #6753, #3124, .T. ) ;
#9598 = ORIENTED_EDGE ( 'NONE', *, *, #9761, .F. ) ;
#9599 = CIRCLE ( 'NONE', #5136, 23.00000000000002132 ) ;
#9600 = CARTESIAN_POINT ( 'NONE',  ( -480.8667994638531127, 891.3287080863029814, 150.0000000000000284 ) ) ;
#9601 = CARTESIAN_POINT ( 'NONE',  ( -23.88600824404283074, 118.2443420025071248, 687.3996939272967666 ) ) ;
#9602 = ADVANCED_FACE ( 'NONE', ( #602 ), #6115, .T. ) ;
#9603 = CYLINDRICAL_SURFACE ( 'NONE', #7599, 22.99999999999990763 ) ;
#9604 = DIRECTION ( 'NONE',  ( -1.287215101014674543E-16, -1.000000000000000000, 0.000000000000000000 ) ) ;
#9605 = CARTESIAN_POINT ( 'NONE',  ( -24.18946288582319681, 580.9022434217528144, -535.7338027377787739 ) ) ;
#9606 = CIRCLE ( 'NONE', #3010, 4.999999999999838352 ) ;
#9607 = CARTESIAN_POINT ( 'NONE',  ( -1134.099037712333939, 958.2900968527602572, 149.8656290407867289 ) ) ;
#9608 = CARTESIAN_POINT ( 'NONE',  ( -1134.974627999753920, 919.4422072535637653, 143.1510460850770698 ) ) ;
#9609 = ORIENTED_EDGE ( 'NONE', *, *, #5168, .F. ) ;
#9610 = CARTESIAN_POINT ( 'NONE',  ( -1134.135942123662517, 958.2916181195745366, -150.2068892618908933 ) ) ;
#9611 = CARTESIAN_POINT ( 'NONE',  ( -24.87775575281161977, 566.9230354725863208, 559.4953813038424641 ) ) ;
#9612 = DIRECTION ( 'NONE',  ( 0.000000000000000000, 1.000000000000000000, 0.000000000000000000 ) ) ;
#9613 = EDGE_CURVE ( 'NONE', #2937, #9174, #2975, .T. ) ;
#9614 = CARTESIAN_POINT ( 'NONE',  ( -1443.041541306736235, 334.9999999999999432, 203.6010951158156104 ) ) ;
#9615 = CARTESIAN_POINT ( 'NONE',  ( -1127.647314275020562, 183.4340035994026437, -661.2079935453544977 ) ) ;
#9616 = LINE ( 'NONE', #2544, #8798 ) ;
#9617 = ORIENTED_EDGE ( 'NONE', *, *, #9756, .F. ) ;
#9618 = EDGE_CURVE ( 'NONE', #5885, #5087, #1649, .T. ) ;
#9619 = AXIS2_PLACEMENT_3D ( 'NONE', #1416, #6658, #5107 ) ;
#9620 = ORIENTED_EDGE ( 'NONE', *, *, #3131, .T. ) ;
#9621 = DIRECTION ( 'NONE',  ( 0.000000000000000000, 0.000000000000000000, -1.000000000000000000 ) ) ;
#9622 = AXIS2_PLACEMENT_3D ( 'NONE', #7927, #5704, #6519 ) ;
#9623 = CARTESIAN_POINT ( 'NONE',  ( -20.37344551245514168, 578.5160469302006732, -571.9783968198913726 ) ) ;
#9624 = AXIS2_PLACEMENT_3D ( 'NONE', #2065, #5196, #3427 ) ;
#9625 = CARTESIAN_POINT ( 'NONE',  ( 8.165361991197568415E-14, 500.0000000000000000, 488.5786437626906604 ) ) ;
#9626 = EDGE_CURVE ( 'NONE', #1196, #4930, #9837, .T. ) ;
#9627 = VERTEX_POINT ( 'NONE', #8703 ) ;
#9628 = CARTESIAN_POINT ( 'NONE',  ( -13.85961355914476378, 602.6149120019068732, -552.3312450094980477 ) ) ;
#9629 = VECTOR ( 'NONE', #7241, 1000.000000000000000 ) ;
#9630 = CIRCLE ( 'NONE', #2561, 5.999999999999894307 ) ;
#9631 = ADVANCED_FACE ( 'NONE', ( #860 ), #3273, .T. ) ;
#9632 = CARTESIAN_POINT ( 'NONE',  ( -1131.905803420904931, 956.0323957353392643, -152.3134309738875061 ) ) ;
#9633 = DIRECTION ( 'NONE',  ( 0.000000000000000000, 0.7071067811865486830, -0.7071067811865464625 ) ) ;
#9634 = CARTESIAN_POINT ( 'NONE',  ( -18.20616722453051395, 97.71719648705958150, -697.1335799084369000 ) ) ;
#9635 = CLOSED_SHELL ( 'NONE', ( #275, #1581, #6686, #2335, #2691, #8232, #8173 ) ) ;
#9636 = CARTESIAN_POINT ( 'NONE',  ( -489.4948262968726453, 893.6860695284022995, 149.9982127635803124 ) ) ;
#9637 = ORIENTED_EDGE ( 'NONE', *, *, #874, .F. ) ;
#9638 = DIRECTION ( 'NONE',  ( 0.000000000000000000, 1.000000000000000000, 0.000000000000000000 ) ) ;
#9639 = DIRECTION ( 'NONE',  ( 1.084036547835517478E-17, -1.000000000000000000, -0.000000000000000000 ) ) ;
#9640 = DIRECTION ( 'NONE',  ( 1.659227894316332837E-15, 0.7840326558350209085, -0.6207195780578245170 ) ) ;
#9641 = CARTESIAN_POINT ( 'NONE',  ( -1143.493341476339538, 914.6472499256033188, 150.4654232975392745 ) ) ;
#9642 = CARTESIAN_POINT ( 'NONE',  ( 7.859200291410730545E-14, 500.0000000000000000, 488.5786437626906604 ) ) ;
#9643 = CARTESIAN_POINT ( 'NONE',  ( -1156.122093658633048, 637.8164711977632351, 549.5447690386891963 ) ) ;
#9644 = ORIENTED_EDGE ( 'NONE', *, *, #541, .T. ) ;
#9645 = DIRECTION ( 'NONE',  ( -0.7941567930305997169, 0.5634716255418392716, 0.2276284588811126053 ) ) ;
#9646 = EDGE_LOOP ( 'NONE', ( #9520, #6910, #3619, #9032, #980, #2195 ) ) ;
#9647 = CARTESIAN_POINT ( 'NONE',  ( -1154.330795567817859, 912.4987993975414611, 168.2012439650560225 ) ) ;
#9648 = CARTESIAN_POINT ( 'NONE',  ( -20.19470322478571944, 112.9142266691637104, 665.2426343567880167 ) ) ;
#9649 = VERTEX_POINT ( 'NONE', #4083 ) ;
#9650 = CARTESIAN_POINT ( 'NONE',  ( -1144.163565374219388, 913.6659736930972713, 159.4070980995693105 ) ) ;
#9651 = CARTESIAN_POINT ( 'NONE',  ( -500.0430627306077440, 911.3117373309971754, 130.0128736129987033 ) ) ;
#9652 = FACE_OUTER_BOUND ( 'NONE', #9456, .T. ) ;
#9653 = DIRECTION ( 'NONE',  ( -0.000000000000000000, -0.000000000000000000, -1.000000000000000000 ) ) ;
#9654 = CARTESIAN_POINT ( 'NONE',  ( -489.5760743094007807, 893.7298418539389786, -148.4821318382323341 ) ) ;
#9655 = CARTESIAN_POINT ( 'NONE',  ( -1132.154800283267377, 922.3579924586558718, -137.5613100154070594 ) ) ;
#9656 = ADVANCED_FACE ( 'NONE', ( #1676 ), #3077, .T. ) ;
#9657 = DIRECTION ( 'NONE',  ( -0.7941567930305997169, 0.5634716255418392716, 0.2276284588811126053 ) ) ;
#9658 = CARTESIAN_POINT ( 'NONE',  ( -1127.193598591077262, 950.5431107704494025, 134.2370281072688556 ) ) ;
#9659 = ORIENTED_EDGE ( 'NONE', *, *, #3326, .T. ) ;
#9660 = CARTESIAN_POINT ( 'NONE',  ( -375.1390230150726097, 858.9505599588762834, 448.7780475532339892 ) ) ;
#9661 = SURFACE_SIDE_STYLE ('',( #114 ) ) ;
#9662 = CARTESIAN_POINT ( 'NONE',  ( -1158.004590470061657, 913.4896574524519792, -167.7182047213176759 ) ) ;
#9663 = CARTESIAN_POINT ( 'NONE',  ( -491.5173018122809481, 894.9263661177674294, -156.0968009106934744 ) ) ;
#9664 = DIRECTION ( 'NONE',  ( 0.5786626424054297502, 0.8155670090706009789, 3.083952846180990872E-15 ) ) ;
#9665 = DIRECTION ( 'NONE',  ( -1.084036547835517478E-17, 0.7840326558350856345, 0.6207195780577426936 ) ) ;
#9666 = ORIENTED_EDGE ( 'NONE', *, *, #4537, .T. ) ;
#9667 = EDGE_LOOP ( 'NONE', ( #174, #2995, #8609, #540, #4287, #8060 ) ) ;
#9668 = VECTOR ( 'NONE', #6323, 1000.000000000000000 ) ;
#9669 = DIRECTION ( 'NONE',  ( 0.000000000000000000, 0.000000000000000000, -1.000000000000000000 ) ) ;
#9670 = CARTESIAN_POINT ( 'NONE',  ( -1164.447609284053669, 916.4964637086566199, -170.7743197843758480 ) ) ;
#9671 = DIRECTION ( 'NONE',  ( 1.000000000000000000, 0.000000000000000000, 0.000000000000000000 ) ) ;
#9673 = VERTEX_POINT ( 'NONE', #6218 ) ;
#9672 = PRODUCT_DEFINITION_SHAPE ( 'NONE', 'NONE',  #2047 ) ;
#9674 = CARTESIAN_POINT ( 'NONE',  ( -11.02122602980647947, 598.5931303315734340, -561.1911060687689314 ) ) ;
#9675 = CARTESIAN_POINT ( 'NONE',  ( -1125.084594575341271, 177.8033673809073321, 652.0841794415963477 ) ) ;
#9676 = FACE_OUTER_BOUND ( 'NONE', #9216, .T. ) ;
#9677 = CARTESIAN_POINT ( 'NONE',  ( -22.93285533887928551, 116.6117235596689881, -689.9673313733592295 ) ) ;
#9678 = CARTESIAN_POINT ( 'NONE',  ( -18.55200852162429115, 604.6954219616217188, 540.2849574525611160 ) ) ;
#9679 = ORIENTED_EDGE ( 'NONE', *, *, #6773, .T. ) ;
#9680 = EDGE_CURVE ( 'NONE', #8529, #1624, #9484, .T. ) ;
#9681 = DIRECTION ( 'NONE',  ( -1.084036547835517478E-17, 1.000000000000000000, 6.123233995736766036E-17 ) ) ;
#9682 = CARTESIAN_POINT ( 'NONE',  ( -1153.833957326333348, 637.3184965363792571, -549.3567582251764634 ) ) ;
#9683 = DIRECTION ( 'NONE',  ( 1.387778780781444905E-17, -1.588892204119467868E-33, 1.000000000000000000 ) ) ;
#9684 = CARTESIAN_POINT ( 'NONE',  ( -1143.461096199915119, 914.7664863660070296, 149.1981398477237235 ) ) ;
#9685 = LINE ( 'NONE', #5750, #3948 ) ;
#9687 = CARTESIAN_POINT ( 'NONE',  ( -1170.784723331614941, 650.1217712916936762, 552.9974642200567132 ) ) ;
#9686 = CIRCLE ( 'NONE', #8211, 6.000000000000005329 ) ;
#9688 = VERTEX_POINT ( 'NONE', #1533 ) ;
#9689 = CARTESIAN_POINT ( 'NONE',  ( -1131.860159329321732, 194.9747782411292008, 632.7959017892184193 ) ) ;
#9690 = EDGE_CURVE ( 'NONE', #3929, #5954, #4675, .T. ) ;
#9691 = ORIENTED_EDGE ( 'NONE', *, *, #9262, .F. ) ;
#9692 = ADVANCED_FACE ( 'NONE', ( #6364 ), #5547, .F. ) ;
#9693 = CARTESIAN_POINT ( 'NONE',  ( -1131.657724406067473, 208.2738435336436567, 632.9872521746358416 ) ) ;
#9694 = FACE_OUTER_BOUND ( 'NONE', #3134, .T. ) ;
#9695 = CARTESIAN_POINT ( 'NONE',  ( -1143.606143385167570, 914.5135450477995391, -151.6408995416925052 ) ) ;
#9696 = STYLED_ITEM ( 'NONE', ( #689 ), #7568 ) ;
#9697 = EDGE_LOOP ( 'NONE', ( #101, #8401 ) ) ;
#9698 = VERTEX_POINT ( 'NONE', #10212 ) ;
#9699 = CARTESIAN_POINT ( 'NONE',  ( -1126.250000000000455, 30.00000000000000711, -673.7499999999996589 ) ) ;
#9700 = CARTESIAN_POINT ( 'NONE',  ( -18.32630413569257755, 97.21849472621001098, 697.0045728355237316 ) ) ;
#9701 = DIRECTION ( 'NONE',  ( 9.284440173834540666E-15, 1.000000000000000000, -2.116085084935547861E-13 ) ) ;
#9702 = DIRECTION ( 'NONE',  ( -2.209795180075059144E-15, 1.000000000000000000, 3.114345657676548060E-15 ) ) ;
#9703 = DIRECTION ( 'NONE',  ( 0.000000000000000000, 0.000000000000000000, -1.000000000000000000 ) ) ;
#9704 = CARTESIAN_POINT ( 'NONE',  ( -1126.264036875683814, 932.5800189716239856, 130.5890003276019229 ) ) ;
#9705 = ORIENTED_EDGE ( 'NONE', *, *, #4710, .F. ) ;
#9706 = CARTESIAN_POINT ( 'NONE',  ( -1131.672495517226707, 955.0491440900383395, -160.6325222993731359 ) ) ;
#9707 = DIRECTION ( 'NONE',  ( -1.287215101014674543E-16, -1.000000000000000000, 0.000000000000000000 ) ) ;
#9708 = DIRECTION ( 'NONE',  ( 0.000000000000000000, 1.000000000000000000, 0.000000000000000000 ) ) ;
#9709 = EDGE_CURVE ( 'NONE', #3335, #9747, #9059, .T. ) ;
#9710 = VECTOR ( 'NONE', #6742, 1000.000000000000000 ) ;
#9711 = CARTESIAN_POINT ( 'NONE',  ( -489.9941308173601442, 893.9612537435810964, -152.7988106690515338 ) ) ;
#9712 = CARTESIAN_POINT ( 'NONE',  ( -1174.999999999999318, 609.9999999999998863, 538.7250753726076482 ) ) ;
#9713 = VECTOR ( 'NONE', #3628, 1000.000000000000000 ) ;
#9714 = CARTESIAN_POINT ( 'NONE',  ( -20.57668500871677963, 566.9366354241692534, -542.2612175271102615 ) ) ;
#9715 = AXIS2_PLACEMENT_3D ( 'NONE', #1628, #7834, #7096 ) ;
#9716 = ORIENTED_EDGE ( 'NONE', *, *, #152, .T. ) ;
#9717 = EDGE_LOOP ( 'NONE', ( #5274, #8630, #8912, #6721, #2512 ) ) ;
#9718 = AXIS2_PLACEMENT_3D ( 'NONE', #7666, #3527, #4516 ) ;
#9719 = CARTESIAN_POINT ( 'NONE',  ( -1159.005473383206436, 913.6307520326707845, -170.1021217948618869 ) ) ;
#9720 = LINE ( 'NONE', #1925, #2323 ) ;
#9721 = ORIENTED_EDGE ( 'NONE', *, *, #9613, .F. ) ;
#9722 = EDGE_LOOP ( 'NONE', ( #5964, #6874 ) ) ;
#9723 = CARTESIAN_POINT ( 'NONE',  ( -12.72902762604798355, 589.2534338918231924, -571.0476538230878987 ) ) ;
#9724 = DIRECTION ( 'NONE',  ( -1.000000000000000000, 1.656660919557851022E-16, 0.000000000000000000 ) ) ;
#9725 = DIRECTION ( 'NONE',  ( 2.498001805406602216E-16, -4.718447854656915297E-16, 1.000000000000000000 ) ) ;
#9726 = CARTESIAN_POINT ( 'NONE',  ( -23.81733225984162772, 85.97625332173774382, -687.6184151774613156 ) ) ;
#9727 = CARTESIAN_POINT ( 'NONE',  ( -20.80471300968788384, 568.5512237376167377, 540.7386243952857967 ) ) ;
#9728 = EDGE_LOOP ( 'NONE', ( #6714, #8125, #8627, #5976, #9951 ) ) ;
#9729 = ORIENTED_EDGE ( 'NONE', *, *, #9297, .F. ) ;
#9730 = DIRECTION ( 'NONE',  ( 1.457987752832361557E-15, -1.276756478318930021E-15, 1.000000000000000000 ) ) ;
#9731 = CARTESIAN_POINT ( 'NONE',  ( -1156.096305455836728, 637.7694393026487205, -549.5272857836591811 ) ) ;
#9732 = DIRECTION ( 'NONE',  ( 0.000000000000000000, -1.000000000000000000, 0.000000000000000000 ) ) ;
#9733 = CARTESIAN_POINT ( 'NONE',  ( -2.927147495130478761E-14, 570.7106781186548687, -559.2893218813454723 ) ) ;
#9734 = CYLINDRICAL_SURFACE ( 'NONE', #3442, 6.000000000000005329 ) ;
#9735 = CARTESIAN_POINT ( 'NONE',  ( -1127.493075922054686, 655.2047392543061051, 552.8229176079684066 ) ) ;
#9736 = ORIENTED_EDGE ( 'NONE', *, *, #9618, .T. ) ;
#9737 = CARTESIAN_POINT ( 'NONE',  ( -1124.977056542472155, 215.8920166429170422, 649.3676716276999059 ) ) ;
#9738 = EDGE_LOOP ( 'NONE', ( #1462, #460, #9736, #9015, #8194 ) ) ;
#9739 = CARTESIAN_POINT ( 'NONE',  ( -1128.604018894677210, 213.0101244173299335, 637.0235795330659130 ) ) ;
#9740 = EDGE_CURVE ( 'NONE', #9688, #861, #1481, .T. ) ;
#9741 = CARTESIAN_POINT ( 'NONE',  ( 3.345034558532615190E-14, 461.6116523516815846, 633.0330085889912652 ) ) ;
#9742 = VECTOR ( 'NONE', #5092, 999.9999999999998863 ) ;
#9743 = CARTESIAN_POINT ( 'NONE',  ( -1143.833274279524176, 914.3513916702850111, -152.8038091780399270 ) ) ;
#9744 = ORIENTED_EDGE ( 'NONE', *, *, #8681, .F. ) ;
#9745 = CARTESIAN_POINT ( 'NONE',  ( -1146.081078089609036, 913.0608754019114031, 161.7596202725874264 ) ) ;
#9746 = EDGE_CURVE ( 'NONE', #7965, #5399, #2793, .T. ) ;
#9747 = VERTEX_POINT ( 'NONE', #9435 ) ;
#9748 = ADVANCED_FACE ( 'NONE', ( #7193 ), #3263, .F. ) ;
#9749 = EDGE_CURVE ( 'NONE', #9511, #893, #1585, .T. ) ;
#9750 = CARTESIAN_POINT ( 'NONE',  ( 3.933969144701306004E-14, 570.7106781186545277, 559.2893218813455860 ) ) ;
#9751 = CARTESIAN_POINT ( 'NONE',  ( -17.88630403048706086, 103.1669960360263474, 697.4665727880236545 ) ) ;
#9752 = DIRECTION ( 'NONE',  ( 0.000000000000000000, -1.000000000000000000, 0.000000000000000000 ) ) ;
#9753 = CARTESIAN_POINT ( 'NONE',  ( -1135.415665754748034, 200.9428252299230166, 670.3091955907370902 ) ) ;
#9754 = DIRECTION ( 'NONE',  ( 0.000000000000000000, 0.000000000000000000, 1.000000000000000000 ) ) ;
#9755 = CARTESIAN_POINT ( 'NONE',  ( -1127.188344363158421, 950.4785896084879369, -134.2160434810924983 ) ) ;
#9756 = EDGE_CURVE ( 'NONE', #6057, #894, #159, .T. ) ;
#9757 = DIRECTION ( 'NONE',  ( 0.000000000000000000, 0.000000000000000000, -1.000000000000000000 ) ) ;
#9758 = B_SPLINE_CURVE_WITH_KNOTS ( 'NONE', 3,
 ( #10094, #8491, #4510, #9272, #5227, #7662, #8384, #6149, #1314, #4459, #6926, #9171, #1423, #590, #6103, #9327, #3017, #2204, #7764, #5335, #6769, #7710, #10150, #2250, #5387, #8542, #477, #7609, #536, #6164, #7723, #10163, #6217, #3897, #9389, #1584, #7049, #2310, #4674, #5446, #8606, #7928, #5735, #857, #3993, #8074, #4819, #4039, #3357, #6408, #4955, #4082, #5641, #2499, #1005, #6456 ),
 .UNSPECIFIED., .F., .F.,
 ( 4, 2, 2, 2, 2, 2, 2, 2, 2, 2, 2, 2, 2, 2, 2, 2, 2, 2, 2, 2, 2, 2, 2, 2, 2, 2, 2, 4 ),
 ( 0.05862409105251837477, 0.06044824664393437519, 0.06136032443964227479, 0.06227240223535017438, 0.06592071341818242503, 0.06774486900959868219, 0.06956902460101495322, 0.07321733578384749530, 0.07686564696668002350, 0.07868980255809604474, 0.08051395814951206598, 0.08416226933234442764, 0.08507434712805261867, 0.08598642492376082358, 0.08781058051517687257, 0.08963473610659292157, 0.09145889169800897056, 0.09510720288084076324, 0.09693135847225689550, 0.09875551406367304164, 0.1005796696550891878, 0.1024038252465053200, 0.1060521364293377372, 0.1078762920207537168, 0.1097004476121697103, 0.1115246032035857038, 0.1133487587950016973, 0.1169970699778337536 ),
 .UNSPECIFIED. ) ;
#9759 = CIRCLE ( 'NONE', #8445, 20.00000000000001776 ) ;
#9760 = VERTEX_POINT ( 'NONE', #8895 ) ;
#9761 = EDGE_CURVE ( 'NONE', #2751, #167, #7755, .T. ) ;
#9762 = CARTESIAN_POINT ( 'NONE',  ( -1127.220364701040126, 929.8495952834131231, -133.7580058784796790 ) ) ;
#9763 = FACE_OUTER_BOUND ( 'NONE', #3774, .T. ) ;
#9764 = AXIS2_PLACEMENT_3D ( 'NONE', #2923, #4718, #8449 ) ;
#9765 = CARTESIAN_POINT ( 'NONE',  ( -1548.041541306736235, 345.0000000000000000, 153.6010951158157525 ) ) ;
#9766 = CARTESIAN_POINT ( 'NONE',  ( -1171.940105584773846, 927.8545164155468683, -138.3240893289525388 ) ) ;
#9767 = CIRCLE ( 'NONE', #7628, 6.000000000000116351 ) ;
#9768 = AXIS2_PLACEMENT_3D ( 'NONE', #7926, #4081, #170 ) ;
#9769 = FACE_OUTER_BOUND ( 'NONE', #1926, .T. ) ;
#9770 = CARTESIAN_POINT ( 'NONE',  ( -1125.159609862366324, 179.8984846960937318, -652.8372266870183012 ) ) ;
#9771 = CARTESIAN_POINT ( 'NONE',  ( -20.62338006644230859, 564.8499134018743462, -544.8647629783288266 ) ) ;
#9772 = EDGE_CURVE ( 'NONE', #3079, #4235, #9720, .T. ) ;
#9773 = ORIENTED_EDGE ( 'NONE', *, *, #5757, .F. ) ;
#9774 = ORIENTED_EDGE ( 'NONE', *, *, #2683, .F. ) ;
#9775 = CARTESIAN_POINT ( 'NONE',  ( -17.16148553877046368, 580.5795029498158328, -575.1343039418734406 ) ) ;
#9776 = VECTOR ( 'NONE', #7156, 999.9999999999998863 ) ;
#9777 = CARTESIAN_POINT ( 'NONE',  ( 39.99999999999965894, 30.00000000000000711, 0.000000000000000000 ) ) ;
#9778 = FACE_OUTER_BOUND ( 'NONE', #3542, .T. ) ;
#9779 = ORIENTED_EDGE ( 'NONE', *, *, #7772, .F. ) ;
#9780 = EDGE_CURVE ( 'NONE', #4906, #6392, #8896, .T. ) ;
#9781 = VERTEX_POINT ( 'NONE', #5736 ) ;
#9782 = CARTESIAN_POINT ( 'NONE',  ( -11.37492827229591974, 592.1302329057091356, -568.9571298873341902 ) ) ;
#9783 = DIRECTION ( 'NONE',  ( 0.8155670090706016451, -0.5786626424054288620, 0.000000000000000000 ) ) ;
#9784 = CARTESIAN_POINT ( 'NONE',  ( -500.0131168391432652, 910.0542323097006374, 167.8862545385399017 ) ) ;
#9785 = DIRECTION ( 'NONE',  ( 0.000000000000000000, 1.000000000000000000, 0.000000000000000000 ) ) ;
#9786 = CARTESIAN_POINT ( 'NONE',  ( 3.038872858745767222E-14, 408.5786437626903762, 705.0000000000002274 ) ) ;
#9787 = ORIENTED_EDGE ( 'NONE', *, *, #615, .T. ) ;
#9788 = ORIENTED_EDGE ( 'NONE', *, *, #4182, .F. ) ;
#9789 = CARTESIAN_POINT ( 'NONE',  ( -1125.007474887450144, 215.8946617163934150, -650.6113006613397829 ) ) ;
#9790 = CARTESIAN_POINT ( 'NONE',  ( -460.0430627306078009, 911.3117373309971754, -302.7158385259953093 ) ) ;
#9791 = CARTESIAN_POINT ( 'NONE',  ( -1149.999999999999545, 515.2069385598298368, 549.9999999999982947 ) ) ;
#9792 = DIRECTION ( 'NONE',  ( 0.000000000000000000, -1.000000000000000000, -2.220446049250311109E-15 ) ) ;
#9793 = AXIS2_PLACEMENT_3D ( 'NONE', #2369, #5508, #5018 ) ;
#9794 = FACE_BOUND ( 'NONE', #7283, .T. ) ;
#9795 = DIRECTION ( 'NONE',  ( 0.000000000000000000, 0.000000000000000000, 1.000000000000000000 ) ) ;
#9796 = EDGE_LOOP ( 'NONE', ( #1794, #4078, #7129, #9408, #727, #8228 ) ) ;
#9797 = LINE ( 'NONE', #2771, #3861 ) ;
#9798 = EDGE_LOOP ( 'NONE', ( #6610, #10056, #9679, #8170, #6592 ) ) ;
#9800 = CLOSED_SHELL ( 'NONE', ( #4144, #8052, #8994, #7872, #1490, #746, #1330, #5791, #6080, #10022, #938, #9317, #2965, #3718, #1992, #8513, #1307, #301, #8928, #1791, #3500, #3942, #8264, #8551 ) ) ;
#9799 = CARTESIAN_POINT ( 'NONE',  ( 3.933969144701306004E-14, 570.7106781186545277, 559.2893218813455860 ) ) ;
#9801 = PRESENTATION_LAYER_ASSIGNMENT (  '', '', ( #3549 ) ) ;
#9802 = CARTESIAN_POINT ( 'NONE',  ( -1145.013551944315395, 913.7748541536016091, -156.1270443462058495 ) ) ;
#9803 = AXIS2_PLACEMENT_3D ( 'NONE', #3398, #6445, #8114 ) ;
#9804 = ORIENTED_EDGE ( 'NONE', *, *, #3414, .T. ) ;
#9805 = VERTEX_POINT ( 'NONE', #7335 ) ;
#9806 = CARTESIAN_POINT ( 'NONE',  ( 2.308085168284957309E-14, 600.0000000000000000, 488.5786437626905467 ) ) ;
#9807 = CARTESIAN_POINT ( 'NONE',  ( -23.57657511681794205, 119.9943571999152709, 688.3382044668819617 ) ) ;
#9808 = CARTESIAN_POINT ( 'NONE',  ( -1133.953067176732020, 191.5412206270872559, 669.1726854384559147 ) ) ;
#9809 = CARTESIAN_POINT ( 'NONE',  ( -19.90052955434296678, 115.4799163612420898, -664.8593734391505450 ) ) ;
#9810 = CARTESIAN_POINT ( 'NONE',  ( -1134.098368562982159, 958.2900692692095390, -149.8594416870267878 ) ) ;
#9811 = ORIENTED_EDGE ( 'NONE', *, *, #9923, .T. ) ;
#9812 = AXIS2_PLACEMENT_3D ( 'NONE', #9391, #5448, #7835 ) ;
#9813 = ORIENTED_EDGE ( 'NONE', *, *, #3193, .F. ) ;
#9814 = CARTESIAN_POINT ( 'NONE',  ( -1133.332566695667538, 920.2262297074245225, -149.8589634229015246 ) ) ;
#9815 = CARTESIAN_POINT ( 'NONE',  ( -1125.037428169676559, 938.6340075484039289, -169.8559518899475336 ) ) ;
#9816 = CARTESIAN_POINT ( 'NONE',  ( -23.57172079041287205, 597.9799616039422290, 534.8525438470877589 ) ) ;
#9817 = CARTESIAN_POINT ( 'NONE',  ( -1172.696412689257386, 929.2217896586581674, -139.9107031403564747 ) ) ;
#9818 = VECTOR ( 'NONE', #4628, 1000.000000000000000 ) ;
#9819 = B_SPLINE_CURVE_WITH_KNOTS ( 'NONE', 3,
 ( #9578, #8851, #1776, #5695, #9632, #2554, #7242, #4912, #6461, #8080, #4088, #177, #3314, #7773, #597, #10049, #9337, #3943, #810, #3164, #1431, #2261, #5499, #3737, #1379, #9386, #6885, #2357, #3119, #10157, #7091, #26, #3025, #4671, #7045, #3073, #6994, #6160, #7669, #6310, #2306, #6262, #6110, #4521, #4624, #2972, #8550, #9481, #8654, #8446, #7829, #9281, #1529, #5394, #2212, #1475, #5343, #1580, #649, #5287 ),
 .UNSPECIFIED., .F., .F.,
 ( 4, 2, 2, 2, 2, 2, 2, 2, 2, 2, 2, 2, 2, 2, 2, 2, 2, 2, 2, 2, 2, 2, 2, 2, 2, 2, 2, 2, 2, 4 ),
 ( 0.05340622609491418177, 0.05523523926506186676, 0.05614974585013573355, 0.05706425243520960033, 0.05889326560535748656, 0.06072227877550537278, 0.06438030511580110360, 0.06620931828594885105, 0.06803833145609659849, 0.07169635779639206563, 0.07352537096653979920, 0.07535438413668753277, 0.07718339730683526634, 0.07901241047698299991, 0.08267043681727823112, 0.08358494340235204934, 0.08449944998742586755, 0.08632846315757350397, 0.08815747632772114040, 0.08998648949786877682, 0.09364451583816449376, 0.09547352900831235223, 0.09730254217846021070, 0.09913155534860804141, 0.1009605685187558999, 0.1046185948590513948, 0.1064476080291990867, 0.1082766211993467648, 0.1101056343694944428, 0.1119346475396421486 ),
 .UNSPECIFIED. ) ;
#9820 = CARTESIAN_POINT ( 'NONE',  ( -497.0501490704085654, 900.7740410695397486, -163.8074845903517769 ) ) ;
#9821 = ADVANCED_FACE ( 'NONE', ( #2550 ), #5114, .F. ) ;
#9822 = CARTESIAN_POINT ( 'NONE',  ( -2.873344195592006673E-13, 5.551115123125782702E-14, 680.0000000000000000 ) ) ;
#9823 = CARTESIAN_POINT ( 'NONE',  ( -1150.000000000000000, -804.6428199482242007, 0.000000000000000000 ) ) ;
#9824 = VERTEX_POINT ( 'NONE', #264 ) ;
#9825 = ORIENTED_EDGE ( 'NONE', *, *, #1069, .T. ) ;
#9826 = DIRECTION ( 'NONE',  ( 0.000000000000000000, 1.000000000000000000, 0.000000000000000000 ) ) ;
#9827 = CARTESIAN_POINT ( 'NONE',  ( 0.000000000000000000, 30.00000000000000711, -609.9999999999997726 ) ) ;
#9828 = AXIS2_PLACEMENT_3D ( 'NONE', #8675, #887, #4015 ) ;
#9829 = CARTESIAN_POINT ( 'NONE',  ( -1151.671994041303151, 912.3340433118714827, -166.5995234670167235 ) ) ;
#9830 = LINE ( 'NONE', #4956, #3785 ) ;
#9831 = LINE ( 'NONE', #3629, #1236 ) ;
#9832 = VERTEX_POINT ( 'NONE', #5691 ) ;
#9833 = CARTESIAN_POINT ( 'NONE',  ( -1168.609217128358523, 673.5760065108223671, -530.8219849064341815 ) ) ;
#9834 = CARTESIAN_POINT ( 'NONE',  ( -1125.997023127668626, 179.3661474079452205, -643.0029746669627002 ) ) ;
#9835 = CARTESIAN_POINT ( 'NONE',  ( -499.8968848070007311, 908.8197243022680141, 167.7003534718115532 ) ) ;
#9836 = CARTESIAN_POINT ( 'NONE',  ( -24.43494947550416541, 85.04965413524132600, -685.4088105366543004 ) ) ;
#9837 = B_SPLINE_CURVE_WITH_KNOTS ( 'NONE', 3,
 ( #2926, #3742, #6787, #9286, #5962, #6941, #9234, #8555, #5292, #708, #7724, #653, #8505, #2215, #2167, #1385, #9959, #6166, #6840, #6062, #9343, #5349, #8453, #9130, #4528, #2874, #3793, #7778, #1480, #2265, #3695, #1282, #5397, #3848, #4420, #7569, #6016, #9184, #2110, #5243, #8399, #1329, #4475, #7623, #553, #7931, #4774, #3946, #5447, #8795, #81, #2311, #2409, #1725, #8024, #3168, #7980, #959, #5593, #3220, #7050, #8607, #9525, #815 ),
 .UNSPECIFIED., .F., .F.,
 ( 4, 2, 2, 2, 2, 2, 2, 2, 2, 2, 2, 2, 2, 2, 2, 2, 2, 2, 2, 2, 2, 2, 2, 2, 2, 2, 2, 2, 2, 2, 2, 4 ),
 ( 0.06633692676770057417, 0.06737154876988273033, 0.06840617077206487262, 0.07047541477642917107, 0.07254465878079346952, 0.07461390278515775409, 0.07668314678952205254, 0.07875239079388635099, 0.08289087880261468422, 0.08496012280697874675, 0.08702936681134282315, 0.09116785482007074004, 0.09323709882443467767, 0.09530634282879862917, 0.09634096483098057717, 0.09737558683316252517, 0.09944483083752636565, 0.1004794528397082859, 0.1015140748418902061, 0.1035833188462540605, 0.1056525628506179149, 0.1077218068549817553, 0.1118602948637092975, 0.1139295388680729715, 0.1159987828724366593, 0.1201372708811642709, 0.1222065148855279587, 0.1242757588898916465, 0.1284142468986187446, 0.1294488689008005955, 0.1304834909029824463, 0.1325527349073461481 ),
 .UNSPECIFIED. ) ;
#9838 = AXIS2_PLACEMENT_3D ( 'NONE', #3270, #2752, #2036 ) ;
#9839 = DIRECTION ( 'NONE',  ( 0.000000000000000000, 0.000000000000000000, -1.000000000000000000 ) ) ;
#9840 = ORIENTED_EDGE ( 'NONE', *, *, #6389, .T. ) ;
#9841 = ADVANCED_FACE ( 'NONE', ( #1979 ), #1823, .F. ) ;
#9842 = ORIENTED_EDGE ( 'NONE', *, *, #3811, .T. ) ;
#9843 = DIRECTION ( 'NONE',  ( -1.000000000000000000, 0.000000000000000000, 0.000000000000000000 ) ) ;
#9844 = CARTESIAN_POINT ( 'NONE',  ( -1161.700884579407557, 640.1841349615422132, -550.4067874381803449 ) ) ;
#9845 = DIRECTION ( 'NONE',  ( 1.000000000000000000, 0.000000000000000000, 0.000000000000000000 ) ) ;
#9846 = PLANE ( 'NONE',  #7190 ) ;
#9847 = CARTESIAN_POINT ( 'NONE',  ( 3.038872858745776688E-14, 479.2893218813453018, 650.7106781186548687 ) ) ;
#9848 = CYLINDRICAL_SURFACE ( 'NONE', #1578, 6.000000000000005329 ) ;
#9849 = ORIENTED_EDGE ( 'NONE', *, *, #2754, .T. ) ;
#9850 = CARTESIAN_POINT ( 'NONE',  ( -1132.189231187406676, 198.6377129129184027, 632.4564359254555939 ) ) ;
#9851 = ORIENTED_EDGE ( 'NONE', *, *, #2257, .T. ) ;
#9852 = FACE_OUTER_BOUND ( 'NONE', #6430, .T. ) ;
#9853 = CARTESIAN_POINT ( 'NONE',  ( -24.97318697978392166, 120.2395062461615396, 678.6861673575938312 ) ) ;
#9854 = CARTESIAN_POINT ( 'NONE',  ( -500.0430627306077440, 911.3117373309971754, 302.7158385259952524 ) ) ;
#9855 = ORIENTED_EDGE ( 'NONE', *, *, #8681, .T. ) ;
#9856 = CARTESIAN_POINT ( 'NONE',  ( -1149.999999999999773, 912.4125363088019185, 165.3659685335992435 ) ) ;
#9857 = EDGE_LOOP ( 'NONE', ( #6975, #5867, #5166, #1461 ) ) ;
#9858 = AXIS2_PLACEMENT_3D ( 'NONE', #8700, #4861, #854 ) ;
#9859 = FACE_OUTER_BOUND ( 'NONE', #7537, .T. ) ;
#9860 = CARTESIAN_POINT ( 'NONE',  ( -1131.952821779987744, 195.5465508188777335, -632.6995636175719255 ) ) ;
#9861 = DIRECTION ( 'NONE',  ( 0.000000000000000000, 0.000000000000000000, 1.000000000000000000 ) ) ;
#9862 = CARTESIAN_POINT ( 'NONE',  ( -1128.358044805263262, 214.1939738809459470, 662.5291898445083234 ) ) ;
#9863 = FACE_OUTER_BOUND ( 'NONE', #5575, .T. ) ;
#9864 = CARTESIAN_POINT ( 'NONE',  ( -1125.316979041081595, 936.4907506910092252, -129.8958573842126611 ) ) ;
#9865 = ORIENTED_EDGE ( 'NONE', *, *, #7276, .F. ) ;
#9866 = AXIS2_PLACEMENT_3D ( 'NONE', #4582, #8510, #6894 ) ;
#9867 = EDGE_LOOP ( 'NONE', ( #6976, #4981, #3744, #3011 ) ) ;
#9868 = CARTESIAN_POINT ( 'NONE',  ( -1134.271891011614343, 918.9430959614926451, -155.1942205532949686 ) ) ;
#9869 = CARTESIAN_POINT ( 'NONE',  ( -23.88981869571226468, 597.0848265926476870, 534.4479225599808387 ) ) ;
#9870 = CARTESIAN_POINT ( 'NONE',  ( -1173.750000000000000, 40.00000000000000000, -626.2500000000001137 ) ) ;
#9871 = CARTESIAN_POINT ( 'NONE',  ( -1548.041541306736235, 334.9999999999999432, -158.6010951158150704 ) ) ;
#9872 = CARTESIAN_POINT ( 'NONE',  ( -23.25882060003813834, 83.89522105892615400, 670.8105444444296381 ) ) ;
#9873 = ADVANCED_FACE ( 'NONE', ( #9054 ), #6608, .T. ) ;
#9874 = CARTESIAN_POINT ( 'NONE',  ( -1190.000000000000227, 40.00000000000000000, 0.000000000000000000 ) ) ;
#9875 = EDGE_LOOP ( 'NONE', ( #6168, #5123, #7239, #3593 ) ) ;
#9876 = VERTEX_POINT ( 'NONE', #6503 ) ;
#9877 = CARTESIAN_POINT ( 'NONE',  ( -489.9941308173602579, 893.9612537435810964, 146.9262601960451491 ) ) ;
#9878 = CARTESIAN_POINT ( 'NONE',  ( 23.74999999999972289, 30.00000000000000711, -650.2500000000000000 ) ) ;
#9879 = AXIS2_PLACEMENT_3D ( 'NONE', #4712, #7559, #5428 ) ;
#9880 = EDGE_CURVE ( 'NONE', #5966, #7388, #9898, .T. ) ;
#9881 = ADVANCED_FACE ( 'NONE', ( #3358 ), #3285, .T. ) ;
#9882 = EDGE_CURVE ( 'NONE', #527, #7070, #4184, .T. ) ;
#9883 = VECTOR ( 'NONE', #5914, 1000.000000000000000 ) ;
#9884 = CARTESIAN_POINT ( 'NONE',  ( -1174.783231067091492, 935.1403537676887936, -155.4243852980020506 ) ) ;
#9885 = DIRECTION ( 'NONE',  ( 0.000000000000000000, 0.000000000000000000, 1.000000000000000000 ) ) ;
#9886 = VERTEX_POINT ( 'NONE', #4233 ) ;
#9887 = EDGE_LOOP ( 'NONE', ( #6550, #315 ) ) ;
#9888 = CARTESIAN_POINT ( 'NONE',  ( -1170.518820305544523, 670.4619038008976304, -536.3689552841464092 ) ) ;
#9889 = EDGE_CURVE ( 'NONE', #4476, #517, #9830, .T. ) ;
#9890 = CARTESIAN_POINT ( 'NONE',  ( -1125.664647579407983, 178.8648765627840476, -644.2640797794912260 ) ) ;
#9891 = CIRCLE ( 'NONE', #5086, 1724.999999999999545 ) ;
#9892 = CARTESIAN_POINT ( 'NONE',  ( -1563.041541306736235, 345.0000000000000000, -203.6010951158150704 ) ) ;
#9893 = CARTESIAN_POINT ( 'NONE',  ( -1150.692255555496331, 914.9205670105412764, 136.8469295135298012 ) ) ;
#9894 = VECTOR ( 'NONE', #2641, 1000.000000000000000 ) ;
#9895 = VERTEX_POINT ( 'NONE', #8847 ) ;
#9896 = ORIENTED_EDGE ( 'NONE', *, *, #4176, .T. ) ;
#9897 = CARTESIAN_POINT ( 'NONE',  ( -1150.000000000000227, 39.99999999999997868, -650.0000000000011369 ) ) ;
#9898 = CIRCLE ( 'NONE', #7590, 23.00000000000002132 ) ;
#9899 = DIRECTION ( 'NONE',  ( -0.7941567930305997169, 0.5634716255418394937, -0.2276284588811126608 ) ) ;
#9900 = DIRECTION ( 'NONE',  ( -0.000000000000000000, -1.000000000000000000, 8.619627893433011024E-16 ) ) ;
#9901 = CARTESIAN_POINT ( 'NONE',  ( -496.3544029120197933, 922.8849901791056709, 302.7158385259952524 ) ) ;
#9902 = CARTESIAN_POINT ( 'NONE',  ( -2.927147495130474974E-14, 570.7106781186549824, -559.2893218813454723 ) ) ;
#9903 = LINE ( 'NONE', #2820, #9818 ) ;
#9904 = EDGE_LOOP ( 'NONE', ( #9691, #9840, #904, #1587 ) ) ;
#9905 = CARTESIAN_POINT ( 'NONE',  ( -1125.823123084988765, 217.1190274078816174, -656.3711520030806241 ) ) ;
#9906 = VERTEX_POINT ( 'NONE', #2755 ) ;
#9907 = CARTESIAN_POINT ( 'NONE',  ( -24.99263518536987050, 82.09780065852740449, 679.3932162732677398 ) ) ;
#9908 = LINE ( 'NONE', #8917, #3841 ) ;
#9909 = DIRECTION ( 'NONE',  ( 4.614472616192960960E-16, -0.7071067811865479058, -0.7071067811865470176 ) ) ;
#9910 = DIRECTION ( 'NONE',  ( 1.000000000000000000, 0.000000000000000000, 0.000000000000000000 ) ) ;
#9911 =( NAMED_UNIT ( * ) SI_UNIT ( $, .STERADIAN. ) SOLID_ANGLE_UNIT ( ) );
#9912 = ADVANCED_FACE ( 'NONE', ( #4348 ), #5789, .T. ) ;
#9913 = EDGE_LOOP ( 'NONE', ( #7999, #796, #2837, #9644, #4342 ) ) ;
#9914 = FACE_BOUND ( 'NONE', #9697, .T. ) ;
#9915 = CARTESIAN_POINT ( 'NONE',  ( -1130.147447443328247, 207.1743104579357748, -634.7841655613598277 ) ) ;
#9916 = CARTESIAN_POINT ( 'NONE',  ( -498.0430627306078577, 911.3117373309971754, -302.7158385259953093 ) ) ;
#9917 = CARTESIAN_POINT ( 'NONE',  ( -1126.020518889638197, 178.8943972409099672, 657.0777261259219131 ) ) ;
#9918 = FACE_OUTER_BOUND ( 'NONE', #686, .T. ) ;
#9919 = PRESENTATION_STYLE_ASSIGNMENT (( #457 ) ) ;
#9920 = ORIENTED_EDGE ( 'NONE', *, *, #6538, .F. ) ;
#9921 = AXIS2_PLACEMENT_3D ( 'NONE', #1496, #4641, #4434 ) ;
#9922 = CARTESIAN_POINT ( 'NONE',  ( -488.0121001770310727, 929.6555221688518031, -149.0555004604748603 ) ) ;
#9923 = EDGE_CURVE ( 'NONE', #8356, #10182, #6457, .T. ) ;
#9924 = ORIENTED_EDGE ( 'NONE', *, *, #5643, .T. ) ;
#9925 = AXIS2_PLACEMENT_3D ( 'NONE', #8478, #7024, #580 ) ;
#9926 = CARTESIAN_POINT ( 'NONE',  ( -1130.823698029263824, 953.9574579772619245, -162.1765061354862496 ) ) ;
#9927 = CARTESIAN_POINT ( 'NONE',  ( -22.22769371455069276, 567.9927777912023430, 545.3194488815940986 ) ) ;
#9928 = DIRECTION ( 'NONE',  ( 0.000000000000000000, 0.000000000000000000, -1.000000000000000000 ) ) ;
#9929 = CARTESIAN_POINT ( 'NONE',  ( -1173.246144404969527, 928.3602554416138446, 164.3072262437211180 ) ) ;
#9930 = CARTESIAN_POINT ( 'NONE',  ( -16.84627852362266509, 92.73975082302125372, 661.5135906569427107 ) ) ;
#9931 = CARTESIAN_POINT ( 'NONE',  ( -488.7131232175927948, 929.3353092760449954, 153.5379544934729665 ) ) ;
#9932 = ORIENTED_EDGE ( 'NONE', *, *, #7282, .T. ) ;
#9933 = CIRCLE ( 'NONE', #7619, 6.000000000000005329 ) ;
#9934 = ORIENTED_EDGE ( 'NONE', *, *, #4024, .T. ) ;
#9935 = DIRECTION ( 'NONE',  ( 0.000000000000000000, 0.000000000000000000, 1.000000000000000000 ) ) ;
#9936 = CYLINDRICAL_SURFACE ( 'NONE', #5401, 23.00000000000002132 ) ;
#9937 = TOROIDAL_SURFACE ( 'NONE', #3825, 100.0000000000001421, 25.00000000000000711 ) ;
#9938 = FACE_OUTER_BOUND ( 'NONE', #3238, .T. ) ;
#9939 = VECTOR ( 'NONE', #7721, 1000.000000000000000 ) ;
#9940 = EDGE_CURVE ( 'NONE', #4382, #3803, #1007, .T. ) ;
#9941 = FACE_BOUND ( 'NONE', #4107, .T. ) ;
#9942 = DIRECTION ( 'NONE',  ( 0.000000000000000000, 1.000000000000000000, 0.000000000000000000 ) ) ;
#9943 = TOROIDAL_SURFACE ( 'NONE', #5631, 1749.999999999999545, 23.00000000000000711 ) ;
#9944 = VERTEX_POINT ( 'NONE', #7386 ) ;
#9945 = CARTESIAN_POINT ( 'NONE',  ( -1134.000088665660769, 676.5820856108884982, -525.2254602651818232 ) ) ;
#9946 = CARTESIAN_POINT ( 'NONE',  ( -1131.861468958356909, 956.1961616909067061, -149.8589658088310159 ) ) ;
#9947 = ADVANCED_FACE ( 'NONE', ( #3459, #9778 ), #5842, .F. ) ;
#9948 = CARTESIAN_POINT ( 'NONE',  ( -498.3157772027352053, 919.4481054823970680, 133.5743040250686704 ) ) ;
#9949 = CARTESIAN_POINT ( 'NONE',  ( -1149.999999999999773, 2.355616687814810279E-11, 674.9999999999995453 ) ) ;
#9950 = AXIS2_PLACEMENT_3D ( 'NONE', #8718, #877, #7945 ) ;
#9951 = ORIENTED_EDGE ( 'NONE', *, *, #2386, .F. ) ;
#9952 = ORIENTED_EDGE ( 'NONE', *, *, #1408, .T. ) ;
#9953 = DIRECTION ( 'NONE',  ( 0.000000000000000000, 1.000000000000000000, 0.000000000000000000 ) ) ;
#9954 = CIRCLE ( 'NONE', #1542, 23.00000000000002132 ) ;
#9955 = CARTESIAN_POINT ( 'NONE',  ( 3.038872858745776688E-14, 479.2893218813453018, 650.7106781186548687 ) ) ;
#9956 = FACE_OUTER_BOUND ( 'NONE', #8897, .T. ) ;
#9957 = DIRECTION ( 'NONE',  ( -0.000000000000000000, 1.000000000000000000, -0.000000000000000000 ) ) ;
#9958 = EDGE_CURVE ( 'NONE', #304, #8687, #7238, .T. ) ;
#9959 = CARTESIAN_POINT ( 'NONE',  ( -21.39463968549791062, 86.99179147055215822, -692.9784970041117731 ) ) ;
#9960 = CARTESIAN_POINT ( 'NONE',  ( -1134.943550834795587, 642.6089731557111691, 551.2222156460397855 ) ) ;
#9961 = ORIENTED_EDGE ( 'NONE', *, *, #6967, .F. ) ;
#9962 = CARTESIAN_POINT ( 'NONE',  ( -1135.409397904616753, 200.5863140783641256, -670.3006483048066002 ) ) ;
#9963 = ORIENTED_EDGE ( 'NONE', *, *, #127, .T. ) ;
#9964 = CARTESIAN_POINT ( 'NONE',  ( -1174.349892816519059, 933.1918901008195917, 150.4594289888323431 ) ) ;
#9965 = CARTESIAN_POINT ( 'NONE',  ( -1132.538888198603445, 193.8965319169955421, 667.8925381103450718 ) ) ;
#9966 = CARTESIAN_POINT ( 'NONE',  ( -1135.650659531964038, 918.3200871845243682, 150.5526808429737287 ) ) ;
#9967 = EDGE_CURVE ( 'NONE', #6132, #5087, #3731, .T. ) ;
#9968 = LINE ( 'NONE', #9854, #5742 ) ;
#9969 = PLANE ( 'NONE',  #394 ) ;
#9970 = ORIENTED_EDGE ( 'NONE', *, *, #6385, .T. ) ;
#9971 = VECTOR ( 'NONE', #6208, 1000.000000000000000 ) ;
#9972 = CARTESIAN_POINT ( 'NONE',  ( -1150.000000000000000, 861.0102051443365099, 339.9999999999999432 ) ) ;
#9973 = CARTESIAN_POINT ( 'NONE',  ( -1132.174835520092302, 199.2246562853073328, -632.4710633376254236 ) ) ;
#9974 = CARTESIAN_POINT ( 'NONE',  ( -15.77146324310113989, 98.48957252727959144, 699.3975736391237206 ) ) ;
#9975 = DIRECTION ( 'NONE',  ( -1.116749440508159893E-15, 0.7071067811865496822, -0.7071067811865453523 ) ) ;
#9976 = CARTESIAN_POINT ( 'NONE',  ( -14.48250929300294665, 100.4394032776210395, -659.6219506143615945 ) ) ;
#9977 = CARTESIAN_POINT ( 'NONE',  ( -1127.960211788267998, 951.9533988576203001, -135.4850015427633423 ) ) ;
#9978 = AXIS2_PLACEMENT_3D ( 'NONE', #5281, #4803, #1316 ) ;
#9979 = ORIENTED_EDGE ( 'NONE', *, *, #1394, .T. ) ;
#9980 = CARTESIAN_POINT ( 'NONE',  ( -499.3692334827637751, 916.4984312627925647, -132.2599756397407305 ) ) ;
#9981 = AXIS2_PLACEMENT_3D ( 'NONE', #5768, #4987, #9301 ) ;
#9982 = AXIS2_PLACEMENT_3D ( 'NONE', #2262, #6214, #1476 ) ;
#9983 = ORIENTED_EDGE ( 'NONE', *, *, #5889, .F. ) ;
#9984 = CARTESIAN_POINT ( 'NONE',  ( -1150.204787526579366, 683.0008173620379921, 512.8157100266226962 ) ) ;
#9985 = ADVANCED_FACE ( 'NONE', ( #4565 ), #8543, .T. ) ;
#9986 = CARTESIAN_POINT ( 'NONE',  ( -1443.041541306736235, 334.9999999999999432, 143.6010951158156104 ) ) ;
#9987 = CARTESIAN_POINT ( 'NONE',  ( 23.74999999999972289, 30.00000000000000711, -703.7500000000000000 ) ) ;
#9988 = CARTESIAN_POINT ( 'NONE',  ( -1173.926601649159011, 930.5189619771762182, 162.2027201818086155 ) ) ;
#9989 = CARTESIAN_POINT ( 'NONE',  ( -1124.999999999999773, 660.0000000000000000, 562.9128703017760245 ) ) ;
#9990 = CARTESIAN_POINT ( 'NONE',  ( 6.661338147750939243E-13, 344.9999999999998295, -2.775557561562891351E-14 ) ) ;
#9991 = ORIENTED_EDGE ( 'NONE', *, *, #3213, .T. ) ;
#9992 = ORIENTED_EDGE ( 'NONE', *, *, #1623, .T. ) ;
#9993 = CARTESIAN_POINT ( 'NONE',  ( -1125.041334429710332, 935.4056474602605249, 167.7363180348882281 ) ) ;
#9994 = FACE_OUTER_BOUND ( 'NONE', #8119, .T. ) ;
#9995 = CARTESIAN_POINT ( 'NONE',  ( -2.902317422911738039E-13, 408.5786437626903762, -680.0000000000000000 ) ) ;
#9996 = LINE ( 'NONE', #5280, #4618 ) ;
#9997 = LINE ( 'NONE', #4462, #220 ) ;
#9998 = CARTESIAN_POINT ( 'NONE',  ( -1148.993954072288034, 682.9847012653200409, -512.8473847893990296 ) ) ;
#9999 = CARTESIAN_POINT ( 'NONE',  ( -1131.342682104263758, 188.0108844247401407, -633.3345666635742646 ) ) ;
#10000 = CYLINDRICAL_SURFACE ( 'NONE', #2046, 25.00000000000002132 ) ;
#10001 = ORIENTED_EDGE ( 'NONE', *, *, #287, .F. ) ;
#10002 = CARTESIAN_POINT ( 'NONE',  ( -1125.007364814630591, 217.9021993414726239, -650.6067837267333971 ) ) ;
#10003 = CARTESIAN_POINT ( 'NONE',  ( 9.203063875035061112E-15, 625.0000000000000000, 488.5786437626906036 ) ) ;
#10004 = DIRECTION ( 'NONE',  ( 1.000000000000000000, 0.000000000000000000, 0.000000000000000000 ) ) ;
#10005 = DIRECTION ( 'NONE',  ( 1.000000000000000000, 0.000000000000000000, 0.000000000000000000 ) ) ;
#10006 = DIRECTION ( 'NONE',  ( 1.091107039334787751E-15, -2.115144935513907174E-15, 1.000000000000000000 ) ) ;
#10007 = SURFACE_STYLE_FILL_AREA ( #3849 ) ;
#10008 = EDGE_LOOP ( 'NONE', ( #5985, #10018, #6331, #2170 ) ) ;
#10009 = CARTESIAN_POINT ( 'NONE',  ( -1125.142087302131358, 180.0865892423872481, 647.3214378078980644 ) ) ;
#10010 = ORIENTED_EDGE ( 'NONE', *, *, #2435, .T. ) ;
#10011 = AXIS2_PLACEMENT_3D ( 'NONE', #9699, #7477, #2624 ) ;
#10012 = DIRECTION ( 'NONE',  ( 0.000000000000000000, 1.000000000000000000, 0.000000000000000000 ) ) ;
#10013 = CARTESIAN_POINT ( 'NONE',  ( -1125.875893339141612, 180.8216549455058555, 656.6573080092191503 ) ) ;
#10014 = CARTESIAN_POINT ( 'NONE',  ( -1548.041541306736235, 334.9999999999999432, 163.6010951158153830 ) ) ;
#10015 = DIRECTION ( 'NONE',  ( 0.9959043170553903979, -0.08660037539612092106, -0.02598011261883533332 ) ) ;
#10016 = EDGE_CURVE ( 'NONE', #8986, #547, #4109, .T. ) ;
#10017 = CARTESIAN_POINT ( 'NONE',  ( -23.75000000000033396, 40.00000000000000000, 656.2499999999998863 ) ) ;
#10018 = ORIENTED_EDGE ( 'NONE', *, *, #417, .T. ) ;
#10019 = DIRECTION ( 'NONE',  ( 0.000000000000000000, 1.000000000000000000, 0.000000000000000000 ) ) ;
#10020 = LINE ( 'NONE', #5205, #8263 ) ;
#10021 = CARTESIAN_POINT ( 'NONE',  ( -1149.042306987701750, 914.8238733694962548, -138.2335127379376729 ) ) ;
#10022 = ADVANCED_FACE ( 'NONE', ( #2251 ), #3780, .F. ) ;
#10023 = CARTESIAN_POINT ( 'NONE',  ( -18.96413707319548791, 114.0118946647163511, -663.7026691945143284 ) ) ;
#10024 = EDGE_CURVE ( 'NONE', #2546, #4533, #2798, .T. ) ;
#10025 = EDGE_LOOP ( 'NONE', ( #2595, #1067, #422, #407 ) ) ;
#10026 = CARTESIAN_POINT ( 'NONE',  ( -499.9134892537324504, 913.9372164197604889, -131.7714471385202444 ) ) ;
#10027 = EDGE_CURVE ( 'NONE', #4178, #5954, #8242, .T. ) ;
#10028 = ORIENTED_EDGE ( 'NONE', *, *, #2867, .F. ) ;
#10029 = CARTESIAN_POINT ( 'NONE',  ( -1145.558042444611374, 682.5685545231933702, 513.6644275524183740 ) ) ;
#10030 = CARTESIAN_POINT ( 'NONE',  ( -22.78928698803056463, 562.6455847709892168, -552.7916666081006269 ) ) ;
#10031 = CARTESIAN_POINT ( 'NONE',  ( -1165.472849561827843, 948.1259107813557421, 149.8625354325497483 ) ) ;
#10032 = AXIS2_PLACEMENT_3D ( 'NONE', #5443, #4726, #8602 ) ;
#10033 = CARTESIAN_POINT ( 'NONE',  ( -1171.923061786197650, 925.2915196469410830, 166.7774257380808365 ) ) ;
#10034 = CARTESIAN_POINT ( 'NONE',  ( -24.65494518054486051, 121.9188969417897255, 675.8463668829714379 ) ) ;
#10035 = CARTESIAN_POINT ( 'NONE',  ( -491.0060172254085273, 928.0442985376843126, 157.7254567921546027 ) ) ;
#10036 = EDGE_LOOP ( 'NONE', ( #10215, #1249, #4253, #5 ) ) ;
#10037 = ORIENTED_EDGE ( 'NONE', *, *, #4119, .T. ) ;
#10038 = CARTESIAN_POINT ( 'NONE',  ( -1127.698725623757127, 949.0339965679257830, 164.1492825008747900 ) ) ;
#10039 = FILL_AREA_STYLE_COLOUR ( '', #9384 ) ;
#10040 = EDGE_CURVE ( 'NONE', #1417, #6476, #7396, .T. ) ;
#10041 = CARTESIAN_POINT ( 'NONE',  ( -1149.999999999999545, 861.0102051443361688, -339.9999999999997158 ) ) ;
#10042 = CYLINDRICAL_SURFACE ( 'NONE', #9407, 25.00000000000000711 ) ;
#10043 = CARTESIAN_POINT ( 'NONE',  ( 23.74999999999972289, 40.00000000000000000, -703.7500000000000000 ) ) ;
#10044 = CARTESIAN_POINT ( 'NONE',  ( -494.7232688938786396, 921.7276648942947759, 302.7158385259953661 ) ) ;
#10045 = CARTESIAN_POINT ( 'NONE',  ( -1135.598273634114321, 677.9466141419641190, -522.6267490733949899 ) ) ;
#10046 = CARTESIAN_POINT ( 'NONE',  ( -1134.235311292484994, 201.5321618518524929, -630.5960239486371393 ) ) ;
#10047 = DIRECTION ( 'NONE',  ( -2.071647322355158349E-38, 0.000000000000000000, -1.000000000000000000 ) ) ;
#10048 = ORIENTED_EDGE ( 'NONE', *, *, #1623, .F. ) ;
#10049 = CARTESIAN_POINT ( 'NONE',  ( -1129.040870262402450, 951.5528436448224738, -161.8041299158139452 ) ) ;
#10050 = CARTESIAN_POINT ( 'NONE',  ( -1173.750000000000000, 40.00000000000000000, -626.2500000000001137 ) ) ;
#10051 = FACE_OUTER_BOUND ( 'NONE', #5548, .T. ) ;
#10052 = CARTESIAN_POINT ( 'NONE',  ( -1174.779789095657634, 935.8429533864931500, -147.0417485102304056 ) ) ;
#10053 =( GEOMETRIC_REPRESENTATION_CONTEXT ( 3 ) GLOBAL_UNCERTAINTY_ASSIGNED_CONTEXT ( ( #2471 ) ) GLOBAL_UNIT_ASSIGNED_CONTEXT ( ( #8647, #9427, #1618 ) ) REPRESENTATION_CONTEXT ( 'NONE', 'WORKASPACE' ) );
#10054 = DIRECTION ( 'NONE',  ( 0.000000000000000000, 0.6207195780578259603, 0.7840326558350197983 ) ) ;
#10055 = SURFACE_STYLE_USAGE ( .BOTH. , #6891 ) ;
#10056 = ORIENTED_EDGE ( 'NONE', *, *, #4596, .T. ) ;
#10057 = CARTESIAN_POINT ( 'NONE',  ( -1126.739119966681301, 216.1071162702769755, -659.1842100431291556 ) ) ;
#10058 = AXIS2_PLACEMENT_3D ( 'NONE', #3036, #5406, #7730 ) ;
#10059 = LINE ( 'NONE', #9349, #7885 ) ;
#10060 = CARTESIAN_POINT ( 'NONE',  ( -1133.095170252172693, 196.8793949572058466, 668.4181446299704703 ) ) ;
#10061 = CARTESIAN_POINT ( 'NONE',  ( -1148.323824288100923, 912.8753184627042856, 160.9752568389737633 ) ) ;
#10062 = FACE_OUTER_BOUND ( 'NONE', #8499, .T. ) ;
#10063 = AXIS2_PLACEMENT_3D ( 'NONE', #6204, #6398, #3837 ) ;
#10064 = AXIS2_PLACEMENT_3D ( 'NONE', #8669, #95, #8816 ) ;
#10065 = FACE_BOUND ( 'NONE', #9722, .T. ) ;
#10066 = ORIENTED_EDGE ( 'NONE', *, *, #7952, .T. ) ;
#10067 = CARTESIAN_POINT ( 'NONE',  ( -1129.700553861428034, 188.4528276867772831, -635.4025428354983660 ) ) ;
#10068 = DIRECTION ( 'NONE',  ( 0.000000000000000000, -1.000000000000000000, 0.000000000000000000 ) ) ;
#10069 = DIRECTION ( 'NONE',  ( 1.116749440508159893E-15, -0.7071067811865496822, 0.7071067811865453523 ) ) ;
#10070 = CARTESIAN_POINT ( 'NONE',  ( -15.55898470844410930, 107.1943319802698653, -660.4292174047110393 ) ) ;
#10071 = CARTESIAN_POINT ( 'NONE',  ( -1172.794401889804476, 929.6525609386055748, 137.1074272557340237 ) ) ;
#10072 = ORIENTED_EDGE ( 'NONE', *, *, #1052, .T. ) ;
#10073 = ADVANCED_FACE ( 'NONE', ( #9172 ), #537, .F. ) ;
#10074 = CARTESIAN_POINT ( 'NONE',  ( -488.7131232175930222, 929.3353092760451091, -146.1871163716238016 ) ) ;
#10075 = ORIENTED_EDGE ( 'NONE', *, *, #1923, .T. ) ;
#10076 = EDGE_CURVE ( 'NONE', #6765, #1885, #1152, .T. ) ;
#10077 = EDGE_CURVE ( 'NONE', #4793, #2245, #6003, .T. ) ;
#10078 = EDGE_CURVE ( 'NONE', #6333, #5369, #8332, .T. ) ;
#10079 = ORIENTED_EDGE ( 'NONE', *, *, #6707, .T. ) ;
#10080 = DIRECTION ( 'NONE',  ( 0.000000000000000000, 0.000000000000000000, -1.000000000000000000 ) ) ;
#10081 = DIRECTION ( 'NONE',  ( -0.5786626424054287510, -0.8155670090706016451, 0.000000000000000000 ) ) ;
#10082 = CIRCLE ( 'NONE', #5937, 4.999999999999809930 ) ;
#10083 = EDGE_CURVE ( 'NONE', #351, #3228, #2966, .T. ) ;
#10084 = DIRECTION ( 'NONE',  ( -0.5106616124301163184, -0.8590958568053637112, 0.03433695400194439890 ) ) ;
#10085 = DIRECTION ( 'NONE',  ( 0.000000000000000000, 0.000000000000000000, -1.000000000000000000 ) ) ;
#10086 = CARTESIAN_POINT ( 'NONE',  ( -1141.672384115139721, 915.7572897361746982, -144.1339009906287174 ) ) ;
#10087 = ADVANCED_FACE ( 'NONE', ( #9941, #2096 ), #312, .F. ) ;
#10088 = AXIS2_PLACEMENT_3D ( 'NONE', #2137, #2238, #5266 ) ;
#10089 = CARTESIAN_POINT ( 'NONE',  ( -497.5167029310547377, 921.0599421427257312, 165.5851161171591741 ) ) ;
#10090 = ORIENTED_EDGE ( 'NONE', *, *, #9017, .F. ) ;
#10091 = ORIENTED_EDGE ( 'NONE', *, *, #8251, .F. ) ;
#10092 = CARTESIAN_POINT ( 'NONE',  ( -1125.836924184258123, 943.8519272474209174, 166.8786067849898984 ) ) ;
#10093 = CARTESIAN_POINT ( 'NONE',  ( -20.97309393488423623, 601.9851129385533568, -538.6650883488318868 ) ) ;
#10094 = CARTESIAN_POINT ( 'NONE',  ( -1131.862066493884640, 956.1961863224056515, 149.8661049336600684 ) ) ;
#10095 = DIRECTION ( 'NONE',  ( 1.065464638161417581E-15, 0.7071067811865467956, 0.7071067811865482389 ) ) ;
#10096 = DIRECTION ( 'NONE',  ( -0.5786626424054287510, -0.8155670090706016451, 0.000000000000000000 ) ) ;
#10097 = FACE_OUTER_BOUND ( 'NONE', #7138, .T. ) ;
#10098 = CARTESIAN_POINT ( 'NONE',  ( -1125.591377568942562, 215.2910506495389882, -655.4383205517847273 ) ) ;
#10099 = EDGE_CURVE ( 'NONE', #10187, #627, #9996, .T. ) ;
#10100 = VECTOR ( 'NONE', #8587, 1000.000000000000000 ) ;
#10101 = CARTESIAN_POINT ( 'NONE',  ( -1151.425582718400165, 914.9920763704039928, 136.3169626029406345 ) ) ;
#10102 = AXIS2_PLACEMENT_3D ( 'NONE', #5421, #1508, #8676 ) ;
#10103 = EDGE_LOOP ( 'NONE', ( #7381, #5930 ) ) ;
#10104 = AXIS2_PLACEMENT_3D ( 'NONE', #5515, #3088, #6325 ) ;
#10105 = DIRECTION ( 'NONE',  ( 0.000000000000000000, 0.9797958971132495476, -0.2000000000001059541 ) ) ;
#10106 = CARTESIAN_POINT ( 'NONE',  ( -4.553031471546817989E-14, 600.0000000000002274, -488.5786437626905467 ) ) ;
#10107 = EDGE_CURVE ( 'NONE', #8796, #6299, #5592, .T. ) ;
#10108 = AXIS2_PLACEMENT_3D ( 'NONE', #10127, #2376, #1694 ) ;
#10109 = FACE_OUTER_BOUND ( 'NONE', #9857, .T. ) ;
#10110 = SURFACE_STYLE_USAGE ( .BOTH. , #763 ) ;
#10111 = CARTESIAN_POINT ( 'NONE',  ( -2.862362150852697360E-13, 39.99999999999997868, -680.0000000000000000 ) ) ;
#10112 = CARTESIAN_POINT ( 'NONE',  ( -397.1282034264792742, 827.9590136141932817, -448.7780475532336482 ) ) ;
#10113 = ORIENTED_EDGE ( 'NONE', *, *, #576, .T. ) ;
#10114 = CARTESIAN_POINT ( 'NONE',  ( -1125.060653437756173, 179.9299077929195221, 648.2329168291569204 ) ) ;
#10115 = AXIS2_PLACEMENT_3D ( 'NONE', #4361, #9125, #9180 ) ;
#10116 = CARTESIAN_POINT ( 'NONE',  ( -2.880137398330167607E-13, 40.00000000000000000, 680.0000000000000000 ) ) ;
#10117 = CARTESIAN_POINT ( 'NONE',  ( -23.96999147455702683, 565.6887507640594777, 554.2673945267501949 ) ) ;
#10118 = FACE_OUTER_BOUND ( 'NONE', #6072, .T. ) ;
#10119 = CARTESIAN_POINT ( 'NONE',  ( -20.70422706902178689, 564.4683460151121608, 545.4809721656743022 ) ) ;
#10120 = CIRCLE ( 'NONE', #5644, 125.0000000000032259 ) ;
#10121 = CYLINDRICAL_SURFACE ( 'NONE', #7987, 6.000000000000005329 ) ;
#10122 = VERTEX_POINT ( 'NONE', #5336 ) ;
#10123 = CARTESIAN_POINT ( 'NONE',  ( 23.74999999999967315, 30.00000000000000711, 656.2500000000000000 ) ) ;
#10124 = CARTESIAN_POINT ( 'NONE',  ( -1126.167934894489463, 214.0458175269650383, -642.3620338104019538 ) ) ;
#10125 = CARTESIAN_POINT ( 'NONE',  ( -16.67174072513509131, 95.28771459431621338, 698.6315188262368565 ) ) ;
#10126 = CARTESIAN_POINT ( 'NONE',  ( -1143.454546424717591, 914.7125155874454094, -149.8396150276181800 ) ) ;
#10127 = CARTESIAN_POINT ( 'NONE',  ( 0.000000000000000000, 334.9999999999999432, 0.000000000000000000 ) ) ;
#10128 = CARTESIAN_POINT ( 'NONE',  ( -1162.508885093616527, 918.7599360888176534, 130.6650822471105471 ) ) ;
#10129 = EDGE_LOOP ( 'NONE', ( #4228, #3917, #4121, #8516 ) ) ;
#10130 = CARTESIAN_POINT ( 'NONE',  ( -490.3176280489430496, 928.4756029594004758, -143.0515284474881241 ) ) ;
#10131 = VERTEX_POINT ( 'NONE', #8492 ) ;
#10132 = ORIENTED_EDGE ( 'NONE', *, *, #10205, .F. ) ;
#10133 = CARTESIAN_POINT ( 'NONE',  ( -1144.053850643831993, 682.2235856377618575, 514.3407158647552251 ) ) ;
#10134 = CARTESIAN_POINT ( 'NONE',  ( -489.5288003097579121, 928.9200264352443810, 144.6917862301307025 ) ) ;
#10135 = CARTESIAN_POINT ( 'NONE',  ( -1443.041541306736235, 334.9999999999999432, 203.6010951158156104 ) ) ;
#10136 = DIRECTION ( 'NONE',  ( 0.000000000000000000, 1.000000000000000000, 0.000000000000000000 ) ) ;
#10137 = VECTOR ( 'NONE', #7632, 1000.000000000000000 ) ;
#10138 = CIRCLE ( 'NONE', #6158, 6.000000000000005329 ) ;
#10139 = CARTESIAN_POINT ( 'NONE',  ( -1153.431930950360311, 912.4081389720304287, 167.7014657602026375 ) ) ;
#10140 = CARTESIAN_POINT ( 'NONE',  ( -1144.381654051109081, 915.3284443432025910, -139.7344340438196184 ) ) ;
#10141 = B_SPLINE_CURVE_WITH_KNOTS ( 'NONE', 3,
 ( #8280, #4346, #9829, #1924, #6719, #2753, #2598, #3457, #5788, #219, #9719, #7502, #1211, #1057, #8073, #7443, #9670, #8846, #1771, #1004, #4183, #5890, #3518, #319, #426, #3572, #3405, #5060, #370, #6607, #7384, #6552, #4134, #4231, #8224, #1159, #6664, #2701, #3356, #262, #9884, #5690, #9053, #4908, #7287, #1105, #1821, #6501 ),
 .UNSPECIFIED., .F., .F.,
 ( 4, 2, 2, 2, 2, 2, 2, 2, 2, 2, 2, 2, 2, 2, 2, 2, 2, 2, 2, 2, 2, 2, 2, 4 ),
 ( 0.1156799056318780078, 0.1187695375845457951, 0.1218591695372135825, 0.1234039855135475039, 0.1249488014898814253, 0.1264936174662153467, 0.1280384334425492543, 0.1311280653952170694, 0.1326728813715510880, 0.1342176973478850788, 0.1373073293005528661, 0.1403969612532206535, 0.1434865932058884685, 0.1450314091822223483, 0.1465762251585562559, 0.1496658571112244873, 0.1527554890638927465, 0.1543003050402269039, 0.1558451210165610334, 0.1589347529692291539, 0.1604795689455632002, 0.1620243849218972743, 0.1635692008982313483, 0.1651140168745654224 ),
 .UNSPECIFIED. ) ;
#10142 = CARTESIAN_POINT ( 'NONE',  ( -497.5169563597821139, 921.0593019252419253, 134.4073067540396949 ) ) ;
#10143 = CIRCLE ( 'NONE', #3868, 130.0000000000000568 ) ;
#10144 = ORIENTED_EDGE ( 'NONE', *, *, #5761, .T. ) ;
#10145 = ORIENTED_EDGE ( 'NONE', *, *, #1866, .F. ) ;
#10146 = AXIS2_PLACEMENT_3D ( 'NONE', #3066, #5437, #9428 ) ;
#10147 = CARTESIAN_POINT ( 'NONE',  ( -500.0430627306080851, 910.6858697012215771, 132.0434138435305726 ) ) ;
#10148 = SURFACE_STYLE_USAGE ( .BOTH. , #9270 ) ;
#10149 = CARTESIAN_POINT ( 'NONE',  ( -1135.576356965253808, 918.8133788773272954, -145.4198548206976511 ) ) ;
#10150 = CARTESIAN_POINT ( 'NONE',  ( -1125.090810075830632, 942.7937342937517542, 132.5007718144949820 ) ) ;
#10151 = EDGE_CURVE ( 'NONE', #9554, #4186, #4271, .T. ) ;
#10152 = DIRECTION ( 'NONE',  ( 0.000000000000000000, 1.000000000000000000, 0.000000000000000000 ) ) ;
#10153 = DIRECTION ( 'NONE',  ( 0.000000000000000000, 0.000000000000000000, -1.000000000000000000 ) ) ;
#10154 = CARTESIAN_POINT ( 'NONE',  ( -1129.316028262689770, 186.1990058539884387, -664.0713650682529305 ) ) ;
#10155 = DIRECTION ( 'NONE',  ( -0.000000000000000000, -1.000000000000000000, 8.619627893433011024E-16 ) ) ;
#10156 = ORIENTED_EDGE ( 'NONE', *, *, #7177, .T. ) ;
#10157 = CARTESIAN_POINT ( 'NONE',  ( -1125.000288294827669, 937.6172587315354576, -167.8578100274984024 ) ) ;
#10158 = B_SPLINE_CURVE_WITH_KNOTS ( 'NONE', 3,
 ( #7340, #8181, #9784, #9835, #5066, #4140, #1985, #270, #8081, #4297, #4239, #3528, #4913, #3410, #6558, #8954, #6670, #1880, #7391, #325, #6613, #5897, #5847, #9010, #2760, #9060, #5119, #7510, #6197, #1321, #9374, #3927 ),
 .UNSPECIFIED., .F., .F.,
 ( 4, 2, 2, 2, 2, 2, 2, 2, 2, 2, 2, 2, 2, 2, 2, 4 ),
 ( 0.03161787082856833131, 0.03348805502434298864, 0.03535823922011763903, 0.03722842341589228943, 0.03909860761166694676, 0.04096879180744160409, 0.04283897600321625448, 0.04657934439476553445, 0.04844952859054013627, 0.05031971278631473810, 0.05406008117786393480, 0.05593026537363854356, 0.05780044956941313844, 0.05967063376518774026, 0.06060572586307501342, 0.06154081796096229351 ),
 .UNSPECIFIED. ) ;
#10159 = CYLINDRICAL_SURFACE ( 'NONE', #9982, 6.000000000000005329 ) ;
#10160 = VECTOR ( 'NONE', #5965, 1000.000000000000000 ) ;
#10161 = CARTESIAN_POINT ( 'NONE',  ( -40.00000000000034106, 30.00000000000000711, 640.0000000000000000 ) ) ;
#10162 = CYLINDRICAL_SURFACE ( 'NONE', #8019, 17.99999999999999645 ) ;
#10163 = CARTESIAN_POINT ( 'NONE',  ( -1125.467579378261689, 935.5058661905435429, 132.0191189612916105 ) ) ;
#10164 = DIRECTION ( 'NONE',  ( 0.000000000000000000, 1.000000000000000000, 0.000000000000000000 ) ) ;
#10165 = CYLINDRICAL_SURFACE ( 'NONE', #7678, 20.00000000000003553 ) ;
#10166 = ORIENTED_EDGE ( 'NONE', *, *, #1959, .T. ) ;
#10167 = CARTESIAN_POINT ( 'NONE',  ( -1127.757304661513672, 181.1611931760541268, -661.4278456793667829 ) ) ;
#10168 = CARTESIAN_POINT ( 'NONE',  ( -1152.985001490546210, 912.6091963120404671, 165.0650505678830768 ) ) ;
#10169 = CARTESIAN_POINT ( 'NONE',  ( -1129.317548075917330, 186.2017671885758716, 664.0734928528095224 ) ) ;
#10170 = CARTESIAN_POINT ( 'NONE',  ( -1124.969738911620198, 936.4676174473147512, 169.8644502836708625 ) ) ;
#10171 = CARTESIAN_POINT ( 'NONE',  ( -20.54928157957879620, 566.4443432064819035, 542.8037622179523396 ) ) ;
#10172 = CARTESIAN_POINT ( 'NONE',  ( -1149.999999999999545, 515.2069385598298368, 549.9999999999982947 ) ) ;
#10173 = VERTEX_POINT ( 'NONE', #899 ) ;
#10174 = CARTESIAN_POINT ( 'NONE',  ( -1149.999999999999773, 2.364775042451583431E-11, 649.9999999999995453 ) ) ;
#10175 = CARTESIAN_POINT ( 'NONE',  ( -1125.260522128396360, 215.4154192672532702, -646.3501670923752727 ) ) ;
#10176 = CARTESIAN_POINT ( 'NONE',  ( -1128.084290104265619, 652.9789900116173840, -553.1178724190317553 ) ) ;
#10177 = DIRECTION ( 'NONE',  ( -0.000000000000000000, 1.000000000000000000, -0.000000000000000000 ) ) ;
#10178 = EDGE_CURVE ( 'NONE', #8403, #3061, #2478, .T. ) ;
#10179 = CARTESIAN_POINT ( 'NONE',  ( -1173.750000000000227, 30.00000000000000711, 673.7499999999997726 ) ) ;
#10180 = FACE_OUTER_BOUND ( 'NONE', #6563, .T. ) ;
#10181 = CIRCLE ( 'NONE', #10011, 6.000000000000227374 ) ;
#10182 = VERTEX_POINT ( 'NONE', #1663 ) ;
#10183 = CARTESIAN_POINT ( 'NONE',  ( -22.12983181076391404, 116.2228021491979320, -668.3239238311592771 ) ) ;
#10184 = EDGE_LOOP ( 'NONE', ( #3264, #6789 ) ) ;
#10185 = PRESENTATION_LAYER_ASSIGNMENT (  '', '', ( #3562 ) ) ;
#10186 = TOROIDAL_SURFACE ( 'NONE', #5707, 100.0000000000001421, 23.00000000000000711 ) ;
#10187 = VERTEX_POINT ( 'NONE', #7871 ) ;
#10188 = CARTESIAN_POINT ( 'NONE',  ( -1141.340145621471038, 681.3119874209115778, 516.1227096038152240 ) ) ;
#10189 = FACE_OUTER_BOUND ( 'NONE', #9646, .T. ) ;
#10190 = DIRECTION ( 'NONE',  ( -4.625929269271490844E-16, 0.000000000000000000, 1.000000000000000000 ) ) ;
#10191 = CARTESIAN_POINT ( 'NONE',  ( -1160.184866045980925, 917.3971309248119042, -132.7854655207408427 ) ) ;
#10192 = CARTESIAN_POINT ( 'NONE',  ( -10.18911943752925708, 602.0582274519454131, 556.9441207339264110 ) ) ;
#10193 = CARTESIAN_POINT ( 'NONE',  ( -1149.335183293449063, 915.0558244333286666, -135.1361131659002410 ) ) ;
#10194 = ORIENTED_EDGE ( 'NONE', *, *, #9225, .T. ) ;
#10195 = ORIENTED_EDGE ( 'NONE', *, *, #8993, .F. ) ;
#10196 = CARTESIAN_POINT ( 'NONE',  ( -1125.252066428130547, 940.9169245942290445, 167.6250313642952960 ) ) ;
#10197 = CYLINDRICAL_SURFACE ( 'NONE', #3104, 6.000000000000116351 ) ;
#10198 = CIRCLE ( 'NONE', #9858, 23.00000000000000711 ) ;
#10199 = CARTESIAN_POINT ( 'NONE',  ( -23.01820998450683575, 574.9340646492770475, -538.8449873226099953 ) ) ;
#10200 = ADVANCED_FACE ( 'NONE', ( #4809 ), #7970, .T. ) ;
#10201 = DIRECTION ( 'NONE',  ( -4.614472616192960960E-16, 0.7071067811865479058, -0.7071067811865470176 ) ) ;
#10202 = CARTESIAN_POINT ( 'NONE',  ( -1132.205600622423844, 204.0921022730513812, -667.5606899476705394 ) ) ;
#10203 = DIRECTION ( 'NONE',  ( 1.000000000000000000, -9.654113257610053992E-15, -2.413528314402513498E-15 ) ) ;
#10204 = CIRCLE ( 'NONE', #5725, 20.00000000000001776 ) ;
#10205 = EDGE_CURVE ( 'NONE', #6275, #9895, #1971, .T. ) ;
#10206 = EDGE_CURVE ( 'NONE', #944, #9304, #9555, .T. ) ;
#10207 = VERTEX_POINT ( 'NONE', #4616 ) ;
#10208 = EDGE_CURVE ( 'NONE', #4793, #7106, #9109, .T. ) ;
#10209 = DIRECTION ( 'NONE',  ( 1.000000000000000000, 0.000000000000000000, 0.000000000000000000 ) ) ;
#10210 = CARTESIAN_POINT ( 'NONE',  ( -19.13257135261103770, 580.2357563014767265, -572.5358609849408822 ) ) ;
#10211 = DIRECTION ( 'NONE',  ( 0.000000000000000000, 0.000000000000000000, -1.000000000000000000 ) ) ;
#10212 = CARTESIAN_POINT ( 'NONE',  ( -23.75000000000028066, 30.00000000000000711, -650.2500000000000000 ) ) ;
#10213 = FILL_AREA_STYLE_COLOUR ( '', #4854 ) ;
#10214 = EDGE_CURVE ( 'NONE', #2658, #1406, #3284, .T. ) ;
#10215 = ORIENTED_EDGE ( 'NONE', *, *, #4827, .T. ) ;
#10216 = CARTESIAN_POINT ( 'NONE',  ( -1130.093235615369167, 184.5105858243030923, -665.1324629438460079 ) ) ;
#10217 = DIRECTION ( 'NONE',  ( 0.000000000000000000, -2.413528314402511920E-15, 1.000000000000000000 ) ) ;
#10218 = CARTESIAN_POINT ( 'NONE',  ( 23.74999999999967315, 30.00000000000000711, 650.2499999999998863 ) ) ;
#10219 = CARTESIAN_POINT ( 'NONE',  ( -1133.187715003347421, 956.8599293992667754, 157.2242443349541361 ) ) ;
#10220 = CARTESIAN_POINT ( 'NONE',  ( -20.54167107447945995, 565.4848230381875283, 543.9455208706698386 ) ) ;
#10221 = CARTESIAN_POINT ( 'NONE',  ( -1150.000000000000227, 577.2788963656059877, -628.4032655835093237 ) ) ;
#10222 = ORIENTED_EDGE ( 'NONE', *, *, #1795, .T. ) ;
#10223 = LINE ( 'NONE', #4741, #3659 ) ;
#10224 = CARTESIAN_POINT ( 'NONE',  ( -1128.911887158252512, 650.8107809288208045, -553.0579797653308560 ) ) ;
#10225 = LINE ( 'NONE', #7109, #9776 ) ;
#10226 = CARTESIAN_POINT ( 'NONE',  ( -1548.041541306736235, 334.9999999999999432, 158.6010951158155819 ) ) ;
#10227 = CARTESIAN_POINT ( 'NONE',  ( -1174.829823312167946, 936.1260477693843995, 148.4427177584551316 ) ) ;
#10228 = CIRCLE ( 'NONE', #2960, 22.99999999999998934 ) ;
ENDSEC;
END-ISO-10303-21;
